{"level":"info","message":"Database connection verified","timestamp":"2026-06-04 18:41:53"}
{"level":"info","message":"SLA check job scheduled","timestamp":"2026-06-04 18:41:53"}
{"level":"info","message":"Server running on port 3001 [development]","timestamp":"2026-06-04 18:41:53"}
{"database":"nexusDev","host":"localhost","level":"info","message":"Database connection established","timestamp":"2026-06-04 18:41:53"}
{"level":"info","message":"SLA breach check started","timestamp":"2026-06-04 19:00:00"}
{"level":"info","message":"SLA breach check complete","timestamp":"2026-06-04 19:00:00"}
{"level":"info","message":"SLA breach check started","timestamp":"2026-06-04 20:00:00"}
{"level":"info","message":"SLA breach check complete","timestamp":"2026-06-04 20:00:00"}
{"level":"info","message":"SLA breach check started","timestamp":"2026-06-04 21:00:00"}
{"level":"info","message":"SLA breach check complete","timestamp":"2026-06-04 21:00:00"}
{"level":"info","message":"SLA breach check started","timestamp":"2026-06-04 22:00:00"}
{"level":"info","message":"SLA breach check complete","timestamp":"2026-06-04 22:00:00"}
{"level":"info","message":"Database connection verified","timestamp":"2026-06-04 22:21:22"}
{"level":"info","message":"SLA check job scheduled","timestamp":"2026-06-04 22:21:22"}
{"level":"info","message":"Server running on port 3001 [development]","timestamp":"2026-06-04 22:21:22"}
{"database":"nexusDev","host":"localhost","level":"info","message":"Database connection established","timestamp":"2026-06-04 22:21:22"}
{"level":"info","message":"Database connection verified","timestamp":"2026-06-04 22:22:18"}
{"level":"info","message":"SLA check job scheduled","timestamp":"2026-06-04 22:22:18"}
{"level":"info","message":"Server running on port 3001 [development]","timestamp":"2026-06-04 22:22:18"}
{"database":"nexusDev","host":"localhost","level":"info","message":"Database connection established","timestamp":"2026-06-04 22:22:18"}
{"database":"nexusDev","host":"localhost","level":"info","message":"Database connection established","timestamp":"2026-06-04 22:24:05"}
{"level":"info","message":"Database connection verified","timestamp":"2026-06-04 22:24:05"}
{"level":"info","message":"SLA check job scheduled","timestamp":"2026-06-04 22:24:05"}
{"level":"info","message":"Server running on port 3001 [development]","timestamp":"2026-06-04 22:24:05"}
{"database":"nexusDev","host":"localhost","level":"info","message":"Database connection established","timestamp":"2026-06-04 22:40:55"}
{"level":"info","message":"Database connection verified","timestamp":"2026-06-04 22:40:55"}
{"level":"info","message":"SLA check job started (every 15 minutes)","timestamp":"2026-06-04 22:40:55"}
{"level":"info","message":"Server running on http://localhost:3001 [development]","timestamp":"2026-06-04 22:40:55"}
{"level":"info","message":"SLA check: no breaches or warnings","timestamp":"2026-06-04 22:40:55"}
{"database":"nexusDev","host":"localhost","level":"info","message":"Database connection established","timestamp":"2026-06-04 22:41:25"}
{"database":"nexusDev","host":"localhost","level":"info","message":"Database connection established","timestamp":"2026-06-04 22:42:23"}
{"database":"nexusDev","host":"localhost","level":"info","message":"Database connection established","timestamp":"2026-06-04 22:42:47"}
{"level":"info","message":"Database connection verified","timestamp":"2026-06-04 22:42:47"}
{"level":"info","message":"SLA check job started (every 15 minutes)","timestamp":"2026-06-04 22:42:47"}
{"level":"info","message":"Server running on http://localhost:3001 [development]","timestamp":"2026-06-04 22:42:47"}
{"level":"info","message":"SLA check: no breaches or warnings","timestamp":"2026-06-04 22:42:47"}
{"level":"info","message":"SLA check: no breaches or warnings","timestamp":"2026-06-04 22:45:00"}
{"database":"nexusDev","host":"localhost","level":"info","message":"Database connection established","timestamp":"2026-06-04 22:47:39"}
{"level":"info","message":"Database connection verified","timestamp":"2026-06-04 22:47:39"}
{"level":"info","message":"SLA check job started (every 15 minutes)","timestamp":"2026-06-04 22:47:39"}
{"level":"info","message":"Server running on http://localhost:3001 [development]","timestamp":"2026-06-04 22:47:39"}
{"level":"info","message":"SLA check: no breaches or warnings","timestamp":"2026-06-04 22:47:39"}
{"database":"nexusDev","host":"localhost","level":"info","message":"Database connection established","timestamp":"2026-06-04 22:47:46"}
{"level":"info","message":"Database connection verified","timestamp":"2026-06-04 22:47:46"}
{"level":"info","message":"SLA check job started (every 15 minutes)","timestamp":"2026-06-04 22:47:46"}
{"level":"info","message":"Server running on http://localhost:3001 [development]","timestamp":"2026-06-04 22:47:46"}
{"level":"info","message":"SLA check: no breaches or warnings","timestamp":"2026-06-04 22:47:46"}
{"level":"info","message":"Database connection verified","timestamp":"2026-06-04 22:47:53"}
{"level":"info","message":"SLA check job started (every 15 minutes)","timestamp":"2026-06-04 22:47:53"}
{"level":"info","message":"Server running on http://localhost:3001 [development]","timestamp":"2026-06-04 22:47:53"}
{"database":"nexusDev","host":"localhost","level":"info","message":"Database connection established","timestamp":"2026-06-04 22:47:53"}
{"level":"info","message":"SLA check: no breaches or warnings","timestamp":"2026-06-04 22:47:53"}
{"database":"nexusDev","host":"localhost","level":"info","message":"Database connection established","timestamp":"2026-06-04 22:49:23"}
{"level":"info","message":"Database connection verified","timestamp":"2026-06-04 22:49:23"}
{"level":"info","message":"SLA check job started (every 15 minutes)","timestamp":"2026-06-04 22:49:23"}
{"level":"info","message":"Server running on http://localhost:3001 [development]","timestamp":"2026-06-04 22:49:23"}
{"level":"info","message":"SLA check: no breaches or warnings","timestamp":"2026-06-04 22:49:23"}
{"database":"nexusDev","host":"localhost","level":"info","message":"Database connection established","timestamp":"2026-06-04 22:53:57"}
{"level":"info","message":"Database connection verified","timestamp":"2026-06-04 22:53:57"}
{"level":"info","message":"SLA check job started (every 15 minutes)","timestamp":"2026-06-04 22:53:57"}
{"level":"info","message":"Server running on http://localhost:3001 [development]","timestamp":"2026-06-04 22:53:57"}
{"level":"info","message":"SLA check: no breaches or warnings","timestamp":"2026-06-04 22:53:57"}
{"duration":"44ms","level":"error","message":"invalid input syntax for type uuid: \"t-001\"","timestamp":"2026-06-04 22:58:03"}
{"headers":{"accept":"application/json, text/plain, */*","accept-encoding":"gzip, deflate, br, zstd","accept-language":"en-GB,en-US;q=0.9,en;q=0.8","connection":"keep-alive","cookie":"access_token=eyJhbGciOiJIUzI1NiIsInR5cCI6IkpXVCJ9.eyJzdWIiOiI2MDEwNGRlYS02Nzc0LTQ5ODItYTk3My00ZGZlZTRjNjM0ZTgiLCJyb2xlIjoiYWRtaW4iLCJvcmdJZCI6bnVsbCwiaWF0IjoxNzgwNTk0MDI5LCJleHAiOjE3ODA1OTc2Mjl9.32pFHB9Jm6fjL87DcwSeAqHu0p43EP2RkFU16mjt8lM; refresh_token=52dcca4ad3429f348c008889ce2f9a525675a0383774e972fb26809d548476304d8921d91945f733","dnt":"1","host":"localhost:3001","origin":"http://localhost:5173","referer":"http://localhost:5173/","sec-ch-ua":"\"Chromium\";v=\"148\", \"Google Chrome\";v=\"148\", \"Not/A)Brand\";v=\"99\"","sec-ch-ua-mobile":"?0","sec-ch-ua-platform":"\"Windows\"","sec-fetch-dest":"empty","sec-fetch-mode":"cors","sec-fetch-site":"same-site","user-agent":"Mozilla/5.0 (Windows NT 10.0; Win64; x64) AppleWebKit/537.36 (KHTML, like Gecko) Chrome/148.0.0.0 Safari/537.36"},"level":"error","message":"invalid input syntax for type uuid: \"t-001\"","method":"GET","orgId":null,"path":"/api/v1/tickets/t-001","stack":"error: invalid input syntax for type uuid: \"t-001\"\n    at C:\\Users\\MohitVerma\\Documents\\Live Assignments\\CubastionNexus\\backend\\node_modules\\pg-pool\\index.js:45:11\n    at process.processTicksAndRejections (node:internal/process/task_queues:105:5)\n    at async query (C:\\Users\\MohitVerma\\Documents\\Live Assignments\\CubastionNexus\\backend\\src\\config\\database.js:43:20)\n    at async Object.getTicket (C:\\Users\\MohitVerma\\Documents\\Live Assignments\\CubastionNexus\\backend\\src\\services\\tickets.service.js:72:18)\n    at async getTicket (C:\\Users\\MohitVerma\\Documents\\Live Assignments\\CubastionNexus\\backend\\src\\controllers\\tickets.controller.js:19:20)","timestamp":"2026-06-04 22:58:03","userId":"60104dea-6774-4982-a973-4dfee4c634e8"}
{"duration":"47ms","level":"error","message":"invalid input syntax for type uuid: \"t-001\"","timestamp":"2026-06-04 22:58:03"}
{"headers":{"accept":"application/json, text/plain, */*","accept-encoding":"gzip, deflate, br, zstd","accept-language":"en-GB,en-US;q=0.9,en;q=0.8","connection":"keep-alive","cookie":"access_token=eyJhbGciOiJIUzI1NiIsInR5cCI6IkpXVCJ9.eyJzdWIiOiI2MDEwNGRlYS02Nzc0LTQ5ODItYTk3My00ZGZlZTRjNjM0ZTgiLCJyb2xlIjoiYWRtaW4iLCJvcmdJZCI6bnVsbCwiaWF0IjoxNzgwNTk0MDI5LCJleHAiOjE3ODA1OTc2Mjl9.32pFHB9Jm6fjL87DcwSeAqHu0p43EP2RkFU16mjt8lM; refresh_token=52dcca4ad3429f348c008889ce2f9a525675a0383774e972fb26809d548476304d8921d91945f733","dnt":"1","host":"localhost:3001","origin":"http://localhost:5173","referer":"http://localhost:5173/","sec-ch-ua":"\"Chromium\";v=\"148\", \"Google Chrome\";v=\"148\", \"Not/A)Brand\";v=\"99\"","sec-ch-ua-mobile":"?0","sec-ch-ua-platform":"\"Windows\"","sec-fetch-dest":"empty","sec-fetch-mode":"cors","sec-fetch-site":"same-site","user-agent":"Mozilla/5.0 (Windows NT 10.0; Win64; x64) AppleWebKit/537.36 (KHTML, like Gecko) Chrome/148.0.0.0 Safari/537.36"},"level":"error","message":"invalid input syntax for type uuid: \"t-001\"","method":"GET","orgId":null,"path":"/api/v1/tickets/t-001/comments","stack":"error: invalid input syntax for type uuid: \"t-001\"\n    at C:\\Users\\MohitVerma\\Documents\\Live Assignments\\CubastionNexus\\backend\\node_modules\\pg-pool\\index.js:45:11\n    at process.processTicksAndRejections (node:internal/process/task_queues:105:5)\n    at async query (C:\\Users\\MohitVerma\\Documents\\Live Assignments\\CubastionNexus\\backend\\src\\config\\database.js:43:20)\n    at async assertTicketAccess (C:\\Users\\MohitVerma\\Documents\\Live Assignments\\CubastionNexus\\backend\\src\\services\\comments.service.js:10:15)\n    at async Object.getComments (C:\\Users\\MohitVerma\\Documents\\Live Assignments\\CubastionNexus\\backend\\src\\services\\comments.service.js:21:3)\n    at async getComments (C:\\Users\\MohitVerma\\Documents\\Live Assignments\\CubastionNexus\\backend\\src\\controllers\\comments.controller.js:6:22)","timestamp":"2026-06-04 22:58:03","userId":"60104dea-6774-4982-a973-4dfee4c634e8"}
{"duration":"2ms","level":"error","message":"invalid input syntax for type uuid: \"t-001\"","timestamp":"2026-06-04 22:58:04"}
{"headers":{"accept":"application/json, text/plain, */*","accept-encoding":"gzip, deflate, br, zstd","accept-language":"en-GB,en-US;q=0.9,en;q=0.8","connection":"keep-alive","cookie":"access_token=eyJhbGciOiJIUzI1NiIsInR5cCI6IkpXVCJ9.eyJzdWIiOiI2MDEwNGRlYS02Nzc0LTQ5ODItYTk3My00ZGZlZTRjNjM0ZTgiLCJyb2xlIjoiYWRtaW4iLCJvcmdJZCI6bnVsbCwiaWF0IjoxNzgwNTk0MDI5LCJleHAiOjE3ODA1OTc2Mjl9.32pFHB9Jm6fjL87DcwSeAqHu0p43EP2RkFU16mjt8lM; refresh_token=52dcca4ad3429f348c008889ce2f9a525675a0383774e972fb26809d548476304d8921d91945f733","dnt":"1","host":"localhost:3001","origin":"http://localhost:5173","referer":"http://localhost:5173/","sec-ch-ua":"\"Chromium\";v=\"148\", \"Google Chrome\";v=\"148\", \"Not/A)Brand\";v=\"99\"","sec-ch-ua-mobile":"?0","sec-ch-ua-platform":"\"Windows\"","sec-fetch-dest":"empty","sec-fetch-mode":"cors","sec-fetch-site":"same-site","user-agent":"Mozilla/5.0 (Windows NT 10.0; Win64; x64) AppleWebKit/537.36 (KHTML, like Gecko) Chrome/148.0.0.0 Safari/537.36"},"level":"error","message":"invalid input syntax for type uuid: \"t-001\"","method":"GET","orgId":null,"path":"/api/v1/tickets/t-001","stack":"error: invalid input syntax for type uuid: \"t-001\"\n    at C:\\Users\\MohitVerma\\Documents\\Live Assignments\\CubastionNexus\\backend\\node_modules\\pg-pool\\index.js:45:11\n    at process.processTicksAndRejections (node:internal/process/task_queues:105:5)\n    at async query (C:\\Users\\MohitVerma\\Documents\\Live Assignments\\CubastionNexus\\backend\\src\\config\\database.js:43:20)\n    at async Object.getTicket (C:\\Users\\MohitVerma\\Documents\\Live Assignments\\CubastionNexus\\backend\\src\\services\\tickets.service.js:72:18)\n    at async getTicket (C:\\Users\\MohitVerma\\Documents\\Live Assignments\\CubastionNexus\\backend\\src\\controllers\\tickets.controller.js:19:20)","timestamp":"2026-06-04 22:58:04","userId":"60104dea-6774-4982-a973-4dfee4c634e8"}
{"duration":"4ms","level":"error","message":"invalid input syntax for type uuid: \"t-001\"","timestamp":"2026-06-04 22:58:04"}
{"headers":{"accept":"application/json, text/plain, */*","accept-encoding":"gzip, deflate, br, zstd","accept-language":"en-GB,en-US;q=0.9,en;q=0.8","connection":"keep-alive","cookie":"access_token=eyJhbGciOiJIUzI1NiIsInR5cCI6IkpXVCJ9.eyJzdWIiOiI2MDEwNGRlYS02Nzc0LTQ5ODItYTk3My00ZGZlZTRjNjM0ZTgiLCJyb2xlIjoiYWRtaW4iLCJvcmdJZCI6bnVsbCwiaWF0IjoxNzgwNTk0MDI5LCJleHAiOjE3ODA1OTc2Mjl9.32pFHB9Jm6fjL87DcwSeAqHu0p43EP2RkFU16mjt8lM; refresh_token=52dcca4ad3429f348c008889ce2f9a525675a0383774e972fb26809d548476304d8921d91945f733","dnt":"1","host":"localhost:3001","origin":"http://localhost:5173","referer":"http://localhost:5173/","sec-ch-ua":"\"Chromium\";v=\"148\", \"Google Chrome\";v=\"148\", \"Not/A)Brand\";v=\"99\"","sec-ch-ua-mobile":"?0","sec-ch-ua-platform":"\"Windows\"","sec-fetch-dest":"empty","sec-fetch-mode":"cors","sec-fetch-site":"same-site","user-agent":"Mozilla/5.0 (Windows NT 10.0; Win64; x64) AppleWebKit/537.36 (KHTML, like Gecko) Chrome/148.0.0.0 Safari/537.36"},"level":"error","message":"invalid input syntax for type uuid: \"t-001\"","method":"GET","orgId":null,"path":"/api/v1/tickets/t-001/comments","stack":"error: invalid input syntax for type uuid: \"t-001\"\n    at C:\\Users\\MohitVerma\\Documents\\Live Assignments\\CubastionNexus\\backend\\node_modules\\pg-pool\\index.js:45:11\n    at process.processTicksAndRejections (node:internal/process/task_queues:105:5)\n    at async query (C:\\Users\\MohitVerma\\Documents\\Live Assignments\\CubastionNexus\\backend\\src\\config\\database.js:43:20)\n    at async assertTicketAccess (C:\\Users\\MohitVerma\\Documents\\Live Assignments\\CubastionNexus\\backend\\src\\services\\comments.service.js:10:15)\n    at async Object.getComments (C:\\Users\\MohitVerma\\Documents\\Live Assignments\\CubastionNexus\\backend\\src\\services\\comments.service.js:21:3)\n    at async getComments (C:\\Users\\MohitVerma\\Documents\\Live Assignments\\CubastionNexus\\backend\\src\\controllers\\comments.controller.js:6:22)","timestamp":"2026-06-04 22:58:04","userId":"60104dea-6774-4982-a973-4dfee4c634e8"}
{"duration":"1ms","level":"error","message":"invalid input syntax for type uuid: \"t-002\"","timestamp":"2026-06-04 22:58:09"}
{"headers":{"accept":"application/json, text/plain, */*","accept-encoding":"gzip, deflate, br, zstd","accept-language":"en-GB,en-US;q=0.9,en;q=0.8","connection":"keep-alive","cookie":"access_token=eyJhbGciOiJIUzI1NiIsInR5cCI6IkpXVCJ9.eyJzdWIiOiI2MDEwNGRlYS02Nzc0LTQ5ODItYTk3My00ZGZlZTRjNjM0ZTgiLCJyb2xlIjoiYWRtaW4iLCJvcmdJZCI6bnVsbCwiaWF0IjoxNzgwNTk0MDI5LCJleHAiOjE3ODA1OTc2Mjl9.32pFHB9Jm6fjL87DcwSeAqHu0p43EP2RkFU16mjt8lM; refresh_token=52dcca4ad3429f348c008889ce2f9a525675a0383774e972fb26809d548476304d8921d91945f733","dnt":"1","host":"localhost:3001","origin":"http://localhost:5173","referer":"http://localhost:5173/","sec-ch-ua":"\"Chromium\";v=\"148\", \"Google Chrome\";v=\"148\", \"Not/A)Brand\";v=\"99\"","sec-ch-ua-mobile":"?0","sec-ch-ua-platform":"\"Windows\"","sec-fetch-dest":"empty","sec-fetch-mode":"cors","sec-fetch-site":"same-site","user-agent":"Mozilla/5.0 (Windows NT 10.0; Win64; x64) AppleWebKit/537.36 (KHTML, like Gecko) Chrome/148.0.0.0 Safari/537.36"},"level":"error","message":"invalid input syntax for type uuid: \"t-002\"","method":"GET","orgId":null,"path":"/api/v1/tickets/t-002","stack":"error: invalid input syntax for type uuid: \"t-002\"\n    at C:\\Users\\MohitVerma\\Documents\\Live Assignments\\CubastionNexus\\backend\\node_modules\\pg-pool\\index.js:45:11\n    at process.processTicksAndRejections (node:internal/process/task_queues:105:5)\n    at async query (C:\\Users\\MohitVerma\\Documents\\Live Assignments\\CubastionNexus\\backend\\src\\config\\database.js:43:20)\n    at async Object.getTicket (C:\\Users\\MohitVerma\\Documents\\Live Assignments\\CubastionNexus\\backend\\src\\services\\tickets.service.js:72:18)\n    at async getTicket (C:\\Users\\MohitVerma\\Documents\\Live Assignments\\CubastionNexus\\backend\\src\\controllers\\tickets.controller.js:19:20)","timestamp":"2026-06-04 22:58:09","userId":"60104dea-6774-4982-a973-4dfee4c634e8"}
{"duration":"2ms","level":"error","message":"invalid input syntax for type uuid: \"t-002\"","timestamp":"2026-06-04 22:58:09"}
{"headers":{"accept":"application/json, text/plain, */*","accept-encoding":"gzip, deflate, br, zstd","accept-language":"en-GB,en-US;q=0.9,en;q=0.8","connection":"keep-alive","cookie":"access_token=eyJhbGciOiJIUzI1NiIsInR5cCI6IkpXVCJ9.eyJzdWIiOiI2MDEwNGRlYS02Nzc0LTQ5ODItYTk3My00ZGZlZTRjNjM0ZTgiLCJyb2xlIjoiYWRtaW4iLCJvcmdJZCI6bnVsbCwiaWF0IjoxNzgwNTk0MDI5LCJleHAiOjE3ODA1OTc2Mjl9.32pFHB9Jm6fjL87DcwSeAqHu0p43EP2RkFU16mjt8lM; refresh_token=52dcca4ad3429f348c008889ce2f9a525675a0383774e972fb26809d548476304d8921d91945f733","dnt":"1","host":"localhost:3001","origin":"http://localhost:5173","referer":"http://localhost:5173/","sec-ch-ua":"\"Chromium\";v=\"148\", \"Google Chrome\";v=\"148\", \"Not/A)Brand\";v=\"99\"","sec-ch-ua-mobile":"?0","sec-ch-ua-platform":"\"Windows\"","sec-fetch-dest":"empty","sec-fetch-mode":"cors","sec-fetch-site":"same-site","user-agent":"Mozilla/5.0 (Windows NT 10.0; Win64; x64) AppleWebKit/537.36 (KHTML, like Gecko) Chrome/148.0.0.0 Safari/537.36"},"level":"error","message":"invalid input syntax for type uuid: \"t-002\"","method":"GET","orgId":null,"path":"/api/v1/tickets/t-002/comments","stack":"error: invalid input syntax for type uuid: \"t-002\"\n    at C:\\Users\\MohitVerma\\Documents\\Live Assignments\\CubastionNexus\\backend\\node_modules\\pg-pool\\index.js:45:11\n    at process.processTicksAndRejections (node:internal/process/task_queues:105:5)\n    at async query (C:\\Users\\MohitVerma\\Documents\\Live Assignments\\CubastionNexus\\backend\\src\\config\\database.js:43:20)\n    at async assertTicketAccess (C:\\Users\\MohitVerma\\Documents\\Live Assignments\\CubastionNexus\\backend\\src\\services\\comments.service.js:10:15)\n    at async Object.getComments (C:\\Users\\MohitVerma\\Documents\\Live Assignments\\CubastionNexus\\backend\\src\\services\\comments.service.js:21:3)\n    at async getComments (C:\\Users\\MohitVerma\\Documents\\Live Assignments\\CubastionNexus\\backend\\src\\controllers\\comments.controller.js:6:22)","timestamp":"2026-06-04 22:58:09","userId":"60104dea-6774-4982-a973-4dfee4c634e8"}
{"duration":"1ms","level":"error","message":"invalid input syntax for type uuid: \"t-002\"","timestamp":"2026-06-04 22:58:10"}
{"headers":{"accept":"application/json, text/plain, */*","accept-encoding":"gzip, deflate, br, zstd","accept-language":"en-GB,en-US;q=0.9,en;q=0.8","connection":"keep-alive","cookie":"access_token=eyJhbGciOiJIUzI1NiIsInR5cCI6IkpXVCJ9.eyJzdWIiOiI2MDEwNGRlYS02Nzc0LTQ5ODItYTk3My00ZGZlZTRjNjM0ZTgiLCJyb2xlIjoiYWRtaW4iLCJvcmdJZCI6bnVsbCwiaWF0IjoxNzgwNTk0MDI5LCJleHAiOjE3ODA1OTc2Mjl9.32pFHB9Jm6fjL87DcwSeAqHu0p43EP2RkFU16mjt8lM; refresh_token=52dcca4ad3429f348c008889ce2f9a525675a0383774e972fb26809d548476304d8921d91945f733","dnt":"1","host":"localhost:3001","origin":"http://localhost:5173","referer":"http://localhost:5173/","sec-ch-ua":"\"Chromium\";v=\"148\", \"Google Chrome\";v=\"148\", \"Not/A)Brand\";v=\"99\"","sec-ch-ua-mobile":"?0","sec-ch-ua-platform":"\"Windows\"","sec-fetch-dest":"empty","sec-fetch-mode":"cors","sec-fetch-site":"same-site","user-agent":"Mozilla/5.0 (Windows NT 10.0; Win64; x64) AppleWebKit/537.36 (KHTML, like Gecko) Chrome/148.0.0.0 Safari/537.36"},"level":"error","message":"invalid input syntax for type uuid: \"t-002\"","method":"GET","orgId":null,"path":"/api/v1/tickets/t-002","stack":"error: invalid input syntax for type uuid: \"t-002\"\n    at C:\\Users\\MohitVerma\\Documents\\Live Assignments\\CubastionNexus\\backend\\node_modules\\pg-pool\\index.js:45:11\n    at process.processTicksAndRejections (node:internal/process/task_queues:105:5)\n    at async query (C:\\Users\\MohitVerma\\Documents\\Live Assignments\\CubastionNexus\\backend\\src\\config\\database.js:43:20)\n    at async Object.getTicket (C:\\Users\\MohitVerma\\Documents\\Live Assignments\\CubastionNexus\\backend\\src\\services\\tickets.service.js:72:18)\n    at async getTicket (C:\\Users\\MohitVerma\\Documents\\Live Assignments\\CubastionNexus\\backend\\src\\controllers\\tickets.controller.js:19:20)","timestamp":"2026-06-04 22:58:10","userId":"60104dea-6774-4982-a973-4dfee4c634e8"}
{"duration":"1ms","level":"error","message":"invalid input syntax for type uuid: \"t-002\"","timestamp":"2026-06-04 22:58:10"}
{"headers":{"accept":"application/json, text/plain, */*","accept-encoding":"gzip, deflate, br, zstd","accept-language":"en-GB,en-US;q=0.9,en;q=0.8","connection":"keep-alive","cookie":"access_token=eyJhbGciOiJIUzI1NiIsInR5cCI6IkpXVCJ9.eyJzdWIiOiI2MDEwNGRlYS02Nzc0LTQ5ODItYTk3My00ZGZlZTRjNjM0ZTgiLCJyb2xlIjoiYWRtaW4iLCJvcmdJZCI6bnVsbCwiaWF0IjoxNzgwNTk0MDI5LCJleHAiOjE3ODA1OTc2Mjl9.32pFHB9Jm6fjL87DcwSeAqHu0p43EP2RkFU16mjt8lM; refresh_token=52dcca4ad3429f348c008889ce2f9a525675a0383774e972fb26809d548476304d8921d91945f733","dnt":"1","host":"localhost:3001","origin":"http://localhost:5173","referer":"http://localhost:5173/","sec-ch-ua":"\"Chromium\";v=\"148\", \"Google Chrome\";v=\"148\", \"Not/A)Brand\";v=\"99\"","sec-ch-ua-mobile":"?0","sec-ch-ua-platform":"\"Windows\"","sec-fetch-dest":"empty","sec-fetch-mode":"cors","sec-fetch-site":"same-site","user-agent":"Mozilla/5.0 (Windows NT 10.0; Win64; x64) AppleWebKit/537.36 (KHTML, like Gecko) Chrome/148.0.0.0 Safari/537.36"},"level":"error","message":"invalid input syntax for type uuid: \"t-002\"","method":"GET","orgId":null,"path":"/api/v1/tickets/t-002/comments","stack":"error: invalid input syntax for type uuid: \"t-002\"\n    at C:\\Users\\MohitVerma\\Documents\\Live Assignments\\CubastionNexus\\backend\\node_modules\\pg-pool\\index.js:45:11\n    at process.processTicksAndRejections (node:internal/process/task_queues:105:5)\n    at async query (C:\\Users\\MohitVerma\\Documents\\Live Assignments\\CubastionNexus\\backend\\src\\config\\database.js:43:20)\n    at async assertTicketAccess (C:\\Users\\MohitVerma\\Documents\\Live Assignments\\CubastionNexus\\backend\\src\\services\\comments.service.js:10:15)\n    at async Object.getComments (C:\\Users\\MohitVerma\\Documents\\Live Assignments\\CubastionNexus\\backend\\src\\services\\comments.service.js:21:3)\n    at async getComments (C:\\Users\\MohitVerma\\Documents\\Live Assignments\\CubastionNexus\\backend\\src\\controllers\\comments.controller.js:6:22)","timestamp":"2026-06-04 22:58:10","userId":"60104dea-6774-4982-a973-4dfee4c634e8"}
{"level":"info","message":"SLA check: no breaches or warnings","timestamp":"2026-06-04 23:00:00"}
{"level":"info","message":"SLA breach check started","timestamp":"2026-06-04 23:00:00"}
{"level":"info","message":"SLA breach check started","timestamp":"2026-06-04 23:00:00"}
{"level":"info","message":"SLA check: no breaches or warnings","timestamp":"2026-06-04 23:00:00"}
{"level":"info","message":"SLA breach check complete","timestamp":"2026-06-04 23:00:00"}
{"level":"info","message":"SLA breach check complete","timestamp":"2026-06-04 23:00:00"}
{"level":"info","message":"SLA check: no breaches or warnings","timestamp":"2026-06-04 23:15:00"}
{"level":"info","message":"SLA check: no breaches or warnings","timestamp":"2026-06-04 23:15:00"}
{"level":"info","message":"Database connection verified","timestamp":"2026-06-04 23:20:37"}
{"level":"info","message":"SLA check job started (every 15 minutes)","timestamp":"2026-06-04 23:20:37"}
{"level":"info","message":"Server running on http://localhost:3001 [development]","timestamp":"2026-06-04 23:20:37"}
{"database":"nexusDev","host":"localhost","level":"info","message":"Database connection established","timestamp":"2026-06-04 23:20:37"}
{"level":"info","message":"SLA check: no breaches or warnings","timestamp":"2026-06-04 23:20:37"}
{"level":"info","message":"Database connection verified","timestamp":"2026-06-04 23:20:38"}
{"level":"info","message":"SLA check job started (every 15 minutes)","timestamp":"2026-06-04 23:20:38"}
{"level":"info","message":"Server running on http://localhost:3001 [development]","timestamp":"2026-06-04 23:20:38"}
{"database":"nexusDev","host":"localhost","level":"info","message":"Database connection established","timestamp":"2026-06-04 23:20:38"}
{"level":"info","message":"SLA check: no breaches or warnings","timestamp":"2026-06-04 23:20:38"}
{"level":"info","message":"Database connection verified","timestamp":"2026-06-04 23:21:17"}
{"level":"info","message":"SLA check job started (every 15 minutes)","timestamp":"2026-06-04 23:21:17"}
{"level":"info","message":"Server running on http://localhost:3001 [development]","timestamp":"2026-06-04 23:21:17"}
{"database":"nexusDev","host":"localhost","level":"info","message":"Database connection established","timestamp":"2026-06-04 23:21:17"}
{"database":"nexusDev","host":"localhost","level":"info","message":"Database connection established","timestamp":"2026-06-04 23:21:17"}
{"level":"info","message":"SLA check: no breaches or warnings","timestamp":"2026-06-04 23:21:17"}
{"level":"info","message":"Database connection verified","timestamp":"2026-06-04 23:21:17"}
{"level":"info","message":"SLA check job started (every 15 minutes)","timestamp":"2026-06-04 23:21:17"}
{"level":"info","message":"Server running on http://localhost:3001 [development]","timestamp":"2026-06-04 23:21:17"}
{"level":"info","message":"SLA check: no breaches or warnings","timestamp":"2026-06-04 23:21:17"}
{"database":"nexusDev","host":"localhost","level":"info","message":"Database connection established","timestamp":"2026-06-04 23:21:28"}
{"level":"info","message":"Database connection verified","timestamp":"2026-06-04 23:21:28"}
{"level":"info","message":"SLA check job started (every 15 minutes)","timestamp":"2026-06-04 23:21:28"}
{"level":"info","message":"Server running on http://localhost:3001 [development]","timestamp":"2026-06-04 23:21:28"}
{"database":"nexusDev","host":"localhost","level":"info","message":"Database connection established","timestamp":"2026-06-04 23:21:28"}
{"level":"info","message":"Database connection verified","timestamp":"2026-06-04 23:21:28"}
{"level":"info","message":"SLA check job started (every 15 minutes)","timestamp":"2026-06-04 23:21:28"}
{"level":"info","message":"Server running on http://localhost:3001 [development]","timestamp":"2026-06-04 23:21:28"}
{"level":"info","message":"SLA check: no breaches or warnings","timestamp":"2026-06-04 23:21:28"}
{"level":"info","message":"SLA check: no breaches or warnings","timestamp":"2026-06-04 23:21:28"}
{"level":"info","message":"Database connection verified","timestamp":"2026-06-04 23:21:39"}
{"level":"info","message":"SLA check job started (every 15 minutes)","timestamp":"2026-06-04 23:21:39"}
{"level":"info","message":"Server running on http://localhost:3001 [development]","timestamp":"2026-06-04 23:21:39"}
{"database":"nexusDev","host":"localhost","level":"info","message":"Database connection established","timestamp":"2026-06-04 23:21:39"}
{"database":"nexusDev","host":"localhost","level":"info","message":"Database connection established","timestamp":"2026-06-04 23:21:39"}
{"level":"info","message":"SLA check: no breaches or warnings","timestamp":"2026-06-04 23:21:39"}
{"level":"info","message":"Database connection verified","timestamp":"2026-06-04 23:21:39"}
{"level":"info","message":"SLA check job started (every 15 minutes)","timestamp":"2026-06-04 23:21:39"}
{"level":"info","message":"Server running on http://localhost:3001 [development]","timestamp":"2026-06-04 23:21:39"}
{"level":"info","message":"SLA check: no breaches or warnings","timestamp":"2026-06-04 23:21:39"}
{"level":"info","message":"SLA check: no breaches or warnings","timestamp":"2026-06-04 23:30:00"}
{"level":"info","message":"SLA check: no breaches or warnings","timestamp":"2026-06-04 23:30:00"}
{"level":"info","message":"SLA check: no breaches or warnings","timestamp":"2026-06-04 23:30:00"}
{"level":"info","message":"Database connection verified","timestamp":"2026-06-04 23:38:40"}
{"level":"info","message":"SLA check job started (every 15 minutes)","timestamp":"2026-06-04 23:38:40"}
{"level":"info","message":"Server running on http://localhost:3001 [development]","timestamp":"2026-06-04 23:38:40"}
{"database":"nexusDev","host":"localhost","level":"info","message":"Database connection established","timestamp":"2026-06-04 23:38:40"}
{"level":"info","message":"SLA check: no breaches or warnings","timestamp":"2026-06-04 23:38:40"}
{"duration":"7ms","level":"error","message":"invalid input syntax for type uuid: \"t-005\"","timestamp":"2026-06-04 23:44:14"}
{"headers":{"accept":"application/json, text/plain, */*","accept-encoding":"gzip, deflate, br, zstd","accept-language":"en-GB,en-US;q=0.9,en;q=0.8","connection":"keep-alive","cookie":"access_token=eyJhbGciOiJIUzI1NiIsInR5cCI6IkpXVCJ9.eyJzdWIiOiI2MDEwNGRlYS02Nzc0LTQ5ODItYTk3My00ZGZlZTRjNjM0ZTgiLCJyb2xlIjoiYWRtaW4iLCJvcmdJZCI6bnVsbCwiaWF0IjoxNzgwNTk2NjkxLCJleHAiOjE3ODA2MDAyOTF9.igj97kurMh9X0tFpmV0nxVZG2GrQC1wWDHMwz34BA_A; refresh_token=1b7137df9c75899ef1bb9dee0976976f5113a2e4cf4f261eeb2f51c1c46b818f8b6a3dd1a992dbf4","dnt":"1","host":"localhost:3001","origin":"http://localhost:5173","referer":"http://localhost:5173/","sec-ch-ua":"\"Chromium\";v=\"148\", \"Google Chrome\";v=\"148\", \"Not/A)Brand\";v=\"99\"","sec-ch-ua-mobile":"?0","sec-ch-ua-platform":"\"Windows\"","sec-fetch-dest":"empty","sec-fetch-mode":"cors","sec-fetch-site":"same-site","user-agent":"Mozilla/5.0 (Windows NT 10.0; Win64; x64) AppleWebKit/537.36 (KHTML, like Gecko) Chrome/148.0.0.0 Safari/537.36"},"level":"error","message":"invalid input syntax for type uuid: \"t-005\"","method":"GET","orgId":null,"path":"/api/v1/tickets/t-005","stack":"error: invalid input syntax for type uuid: \"t-005\"\n    at C:\\Users\\MohitVerma\\Documents\\Live Assignments\\CubastionNexus\\backend\\node_modules\\pg-pool\\index.js:45:11\n    at process.processTicksAndRejections (node:internal/process/task_queues:105:5)\n    at async query (C:\\Users\\MohitVerma\\Documents\\Live Assignments\\CubastionNexus\\backend\\src\\config\\database.js:43:20)\n    at async Object.getTicket (C:\\Users\\MohitVerma\\Documents\\Live Assignments\\CubastionNexus\\backend\\src\\services\\tickets.service.js:79:18)\n    at async getTicket (C:\\Users\\MohitVerma\\Documents\\Live Assignments\\CubastionNexus\\backend\\src\\controllers\\tickets.controller.js:26:20)","timestamp":"2026-06-04 23:44:14","userId":"60104dea-6774-4982-a973-4dfee4c634e8"}
{"duration":"1ms","level":"error","message":"invalid input syntax for type uuid: \"t-005\"","timestamp":"2026-06-04 23:44:14"}
{"headers":{"accept":"application/json, text/plain, */*","accept-encoding":"gzip, deflate, br, zstd","accept-language":"en-GB,en-US;q=0.9,en;q=0.8","connection":"keep-alive","cookie":"access_token=eyJhbGciOiJIUzI1NiIsInR5cCI6IkpXVCJ9.eyJzdWIiOiI2MDEwNGRlYS02Nzc0LTQ5ODItYTk3My00ZGZlZTRjNjM0ZTgiLCJyb2xlIjoiYWRtaW4iLCJvcmdJZCI6bnVsbCwiaWF0IjoxNzgwNTk2NjkxLCJleHAiOjE3ODA2MDAyOTF9.igj97kurMh9X0tFpmV0nxVZG2GrQC1wWDHMwz34BA_A; refresh_token=1b7137df9c75899ef1bb9dee0976976f5113a2e4cf4f261eeb2f51c1c46b818f8b6a3dd1a992dbf4","dnt":"1","host":"localhost:3001","origin":"http://localhost:5173","referer":"http://localhost:5173/","sec-ch-ua":"\"Chromium\";v=\"148\", \"Google Chrome\";v=\"148\", \"Not/A)Brand\";v=\"99\"","sec-ch-ua-mobile":"?0","sec-ch-ua-platform":"\"Windows\"","sec-fetch-dest":"empty","sec-fetch-mode":"cors","sec-fetch-site":"same-site","user-agent":"Mozilla/5.0 (Windows NT 10.0; Win64; x64) AppleWebKit/537.36 (KHTML, like Gecko) Chrome/148.0.0.0 Safari/537.36"},"level":"error","message":"invalid input syntax for type uuid: \"t-005\"","method":"GET","orgId":null,"path":"/api/v1/tickets/t-005/comments","stack":"error: invalid input syntax for type uuid: \"t-005\"\n    at C:\\Users\\MohitVerma\\Documents\\Live Assignments\\CubastionNexus\\backend\\node_modules\\pg-pool\\index.js:45:11\n    at process.processTicksAndRejections (node:internal/process/task_queues:105:5)\n    at async query (C:\\Users\\MohitVerma\\Documents\\Live Assignments\\CubastionNexus\\backend\\src\\config\\database.js:43:20)\n    at async assertTicketAccess (C:\\Users\\MohitVerma\\Documents\\Live Assignments\\CubastionNexus\\backend\\src\\services\\comments.service.js:10:15)\n    at async Object.getComments (C:\\Users\\MohitVerma\\Documents\\Live Assignments\\CubastionNexus\\backend\\src\\services\\comments.service.js:21:3)\n    at async getComments (C:\\Users\\MohitVerma\\Documents\\Live Assignments\\CubastionNexus\\backend\\src\\controllers\\comments.controller.js:6:22)","timestamp":"2026-06-04 23:44:14","userId":"60104dea-6774-4982-a973-4dfee4c634e8"}
{"duration":"1ms","level":"error","message":"invalid input syntax for type uuid: \"t-005\"","timestamp":"2026-06-04 23:44:15"}
{"headers":{"accept":"application/json, text/plain, */*","accept-encoding":"gzip, deflate, br, zstd","accept-language":"en-GB,en-US;q=0.9,en;q=0.8","connection":"keep-alive","cookie":"access_token=eyJhbGciOiJIUzI1NiIsInR5cCI6IkpXVCJ9.eyJzdWIiOiI2MDEwNGRlYS02Nzc0LTQ5ODItYTk3My00ZGZlZTRjNjM0ZTgiLCJyb2xlIjoiYWRtaW4iLCJvcmdJZCI6bnVsbCwiaWF0IjoxNzgwNTk2NjkxLCJleHAiOjE3ODA2MDAyOTF9.igj97kurMh9X0tFpmV0nxVZG2GrQC1wWDHMwz34BA_A; refresh_token=1b7137df9c75899ef1bb9dee0976976f5113a2e4cf4f261eeb2f51c1c46b818f8b6a3dd1a992dbf4","dnt":"1","host":"localhost:3001","origin":"http://localhost:5173","referer":"http://localhost:5173/","sec-ch-ua":"\"Chromium\";v=\"148\", \"Google Chrome\";v=\"148\", \"Not/A)Brand\";v=\"99\"","sec-ch-ua-mobile":"?0","sec-ch-ua-platform":"\"Windows\"","sec-fetch-dest":"empty","sec-fetch-mode":"cors","sec-fetch-site":"same-site","user-agent":"Mozilla/5.0 (Windows NT 10.0; Win64; x64) AppleWebKit/537.36 (KHTML, like Gecko) Chrome/148.0.0.0 Safari/537.36"},"level":"error","message":"invalid input syntax for type uuid: \"t-005\"","method":"GET","orgId":null,"path":"/api/v1/tickets/t-005","stack":"error: invalid input syntax for type uuid: \"t-005\"\n    at C:\\Users\\MohitVerma\\Documents\\Live Assignments\\CubastionNexus\\backend\\node_modules\\pg-pool\\index.js:45:11\n    at process.processTicksAndRejections (node:internal/process/task_queues:105:5)\n    at async query (C:\\Users\\MohitVerma\\Documents\\Live Assignments\\CubastionNexus\\backend\\src\\config\\database.js:43:20)\n    at async Object.getTicket (C:\\Users\\MohitVerma\\Documents\\Live Assignments\\CubastionNexus\\backend\\src\\services\\tickets.service.js:79:18)\n    at async getTicket (C:\\Users\\MohitVerma\\Documents\\Live Assignments\\CubastionNexus\\backend\\src\\controllers\\tickets.controller.js:26:20)","timestamp":"2026-06-04 23:44:15","userId":"60104dea-6774-4982-a973-4dfee4c634e8"}
{"duration":"1ms","level":"error","message":"invalid input syntax for type uuid: \"t-005\"","timestamp":"2026-06-04 23:44:15"}
{"headers":{"accept":"application/json, text/plain, */*","accept-encoding":"gzip, deflate, br, zstd","accept-language":"en-GB,en-US;q=0.9,en;q=0.8","connection":"keep-alive","cookie":"access_token=eyJhbGciOiJIUzI1NiIsInR5cCI6IkpXVCJ9.eyJzdWIiOiI2MDEwNGRlYS02Nzc0LTQ5ODItYTk3My00ZGZlZTRjNjM0ZTgiLCJyb2xlIjoiYWRtaW4iLCJvcmdJZCI6bnVsbCwiaWF0IjoxNzgwNTk2NjkxLCJleHAiOjE3ODA2MDAyOTF9.igj97kurMh9X0tFpmV0nxVZG2GrQC1wWDHMwz34BA_A; refresh_token=1b7137df9c75899ef1bb9dee0976976f5113a2e4cf4f261eeb2f51c1c46b818f8b6a3dd1a992dbf4","dnt":"1","host":"localhost:3001","origin":"http://localhost:5173","referer":"http://localhost:5173/","sec-ch-ua":"\"Chromium\";v=\"148\", \"Google Chrome\";v=\"148\", \"Not/A)Brand\";v=\"99\"","sec-ch-ua-mobile":"?0","sec-ch-ua-platform":"\"Windows\"","sec-fetch-dest":"empty","sec-fetch-mode":"cors","sec-fetch-site":"same-site","user-agent":"Mozilla/5.0 (Windows NT 10.0; Win64; x64) AppleWebKit/537.36 (KHTML, like Gecko) Chrome/148.0.0.0 Safari/537.36"},"level":"error","message":"invalid input syntax for type uuid: \"t-005\"","method":"GET","orgId":null,"path":"/api/v1/tickets/t-005/comments","stack":"error: invalid input syntax for type uuid: \"t-005\"\n    at C:\\Users\\MohitVerma\\Documents\\Live Assignments\\CubastionNexus\\backend\\node_modules\\pg-pool\\index.js:45:11\n    at process.processTicksAndRejections (node:internal/process/task_queues:105:5)\n    at async query (C:\\Users\\MohitVerma\\Documents\\Live Assignments\\CubastionNexus\\backend\\src\\config\\database.js:43:20)\n    at async assertTicketAccess (C:\\Users\\MohitVerma\\Documents\\Live Assignments\\CubastionNexus\\backend\\src\\services\\comments.service.js:10:15)\n    at async Object.getComments (C:\\Users\\MohitVerma\\Documents\\Live Assignments\\CubastionNexus\\backend\\src\\services\\comments.service.js:21:3)\n    at async getComments (C:\\Users\\MohitVerma\\Documents\\Live Assignments\\CubastionNexus\\backend\\src\\controllers\\comments.controller.js:6:22)","timestamp":"2026-06-04 23:44:15","userId":"60104dea-6774-4982-a973-4dfee4c634e8"}
{"duration":"2ms","level":"error","message":"invalid input syntax for type uuid: \"t-005\"","timestamp":"2026-06-04 23:44:24"}
{"headers":{"accept":"application/json, text/plain, */*","accept-encoding":"gzip, deflate, br, zstd","accept-language":"en-GB,en-US;q=0.9,en;q=0.8","connection":"keep-alive","cookie":"access_token=eyJhbGciOiJIUzI1NiIsInR5cCI6IkpXVCJ9.eyJzdWIiOiI2MDEwNGRlYS02Nzc0LTQ5ODItYTk3My00ZGZlZTRjNjM0ZTgiLCJyb2xlIjoiYWRtaW4iLCJvcmdJZCI6bnVsbCwiaWF0IjoxNzgwNTk2NjkxLCJleHAiOjE3ODA2MDAyOTF9.igj97kurMh9X0tFpmV0nxVZG2GrQC1wWDHMwz34BA_A; refresh_token=1b7137df9c75899ef1bb9dee0976976f5113a2e4cf4f261eeb2f51c1c46b818f8b6a3dd1a992dbf4","dnt":"1","host":"localhost:3001","origin":"http://localhost:5173","referer":"http://localhost:5173/","sec-ch-ua":"\"Chromium\";v=\"148\", \"Google Chrome\";v=\"148\", \"Not/A)Brand\";v=\"99\"","sec-ch-ua-mobile":"?0","sec-ch-ua-platform":"\"Windows\"","sec-fetch-dest":"empty","sec-fetch-mode":"cors","sec-fetch-site":"same-site","user-agent":"Mozilla/5.0 (Windows NT 10.0; Win64; x64) AppleWebKit/537.36 (KHTML, like Gecko) Chrome/148.0.0.0 Safari/537.36"},"level":"error","message":"invalid input syntax for type uuid: \"t-005\"","method":"GET","orgId":null,"path":"/api/v1/tickets/t-005/comments","stack":"error: invalid input syntax for type uuid: \"t-005\"\n    at C:\\Users\\MohitVerma\\Documents\\Live Assignments\\CubastionNexus\\backend\\node_modules\\pg-pool\\index.js:45:11\n    at process.processTicksAndRejections (node:internal/process/task_queues:105:5)\n    at async query (C:\\Users\\MohitVerma\\Documents\\Live Assignments\\CubastionNexus\\backend\\src\\config\\database.js:43:20)\n    at async assertTicketAccess (C:\\Users\\MohitVerma\\Documents\\Live Assignments\\CubastionNexus\\backend\\src\\services\\comments.service.js:10:15)\n    at async Object.getComments (C:\\Users\\MohitVerma\\Documents\\Live Assignments\\CubastionNexus\\backend\\src\\services\\comments.service.js:21:3)\n    at async getComments (C:\\Users\\MohitVerma\\Documents\\Live Assignments\\CubastionNexus\\backend\\src\\controllers\\comments.controller.js:6:22)","timestamp":"2026-06-04 23:44:24","userId":"60104dea-6774-4982-a973-4dfee4c634e8"}
{"duration":"4ms","level":"error","message":"invalid input syntax for type uuid: \"t-005\"","timestamp":"2026-06-04 23:44:24"}
{"headers":{"accept":"application/json, text/plain, */*","accept-encoding":"gzip, deflate, br, zstd","accept-language":"en-GB,en-US;q=0.9,en;q=0.8","connection":"keep-alive","cookie":"access_token=eyJhbGciOiJIUzI1NiIsInR5cCI6IkpXVCJ9.eyJzdWIiOiI2MDEwNGRlYS02Nzc0LTQ5ODItYTk3My00ZGZlZTRjNjM0ZTgiLCJyb2xlIjoiYWRtaW4iLCJvcmdJZCI6bnVsbCwiaWF0IjoxNzgwNTk2NjkxLCJleHAiOjE3ODA2MDAyOTF9.igj97kurMh9X0tFpmV0nxVZG2GrQC1wWDHMwz34BA_A; refresh_token=1b7137df9c75899ef1bb9dee0976976f5113a2e4cf4f261eeb2f51c1c46b818f8b6a3dd1a992dbf4","dnt":"1","host":"localhost:3001","origin":"http://localhost:5173","referer":"http://localhost:5173/","sec-ch-ua":"\"Chromium\";v=\"148\", \"Google Chrome\";v=\"148\", \"Not/A)Brand\";v=\"99\"","sec-ch-ua-mobile":"?0","sec-ch-ua-platform":"\"Windows\"","sec-fetch-dest":"empty","sec-fetch-mode":"cors","sec-fetch-site":"same-site","user-agent":"Mozilla/5.0 (Windows NT 10.0; Win64; x64) AppleWebKit/537.36 (KHTML, like Gecko) Chrome/148.0.0.0 Safari/537.36"},"level":"error","message":"invalid input syntax for type uuid: \"t-005\"","method":"GET","orgId":null,"path":"/api/v1/tickets/t-005","stack":"error: invalid input syntax for type uuid: \"t-005\"\n    at C:\\Users\\MohitVerma\\Documents\\Live Assignments\\CubastionNexus\\backend\\node_modules\\pg-pool\\index.js:45:11\n    at process.processTicksAndRejections (node:internal/process/task_queues:105:5)\n    at async query (C:\\Users\\MohitVerma\\Documents\\Live Assignments\\CubastionNexus\\backend\\src\\config\\database.js:43:20)\n    at async Object.getTicket (C:\\Users\\MohitVerma\\Documents\\Live Assignments\\CubastionNexus\\backend\\src\\services\\tickets.service.js:79:18)\n    at async getTicket (C:\\Users\\MohitVerma\\Documents\\Live Assignments\\CubastionNexus\\backend\\src\\controllers\\tickets.controller.js:26:20)","timestamp":"2026-06-04 23:44:24","userId":"60104dea-6774-4982-a973-4dfee4c634e8"}
{"duration":"2ms","level":"error","message":"invalid input syntax for type uuid: \"t-005\"","timestamp":"2026-06-04 23:44:25"}
{"headers":{"accept":"application/json, text/plain, */*","accept-encoding":"gzip, deflate, br, zstd","accept-language":"en-GB,en-US;q=0.9,en;q=0.8","connection":"keep-alive","cookie":"access_token=eyJhbGciOiJIUzI1NiIsInR5cCI6IkpXVCJ9.eyJzdWIiOiI2MDEwNGRlYS02Nzc0LTQ5ODItYTk3My00ZGZlZTRjNjM0ZTgiLCJyb2xlIjoiYWRtaW4iLCJvcmdJZCI6bnVsbCwiaWF0IjoxNzgwNTk2NjkxLCJleHAiOjE3ODA2MDAyOTF9.igj97kurMh9X0tFpmV0nxVZG2GrQC1wWDHMwz34BA_A; refresh_token=1b7137df9c75899ef1bb9dee0976976f5113a2e4cf4f261eeb2f51c1c46b818f8b6a3dd1a992dbf4","dnt":"1","host":"localhost:3001","origin":"http://localhost:5173","referer":"http://localhost:5173/","sec-ch-ua":"\"Chromium\";v=\"148\", \"Google Chrome\";v=\"148\", \"Not/A)Brand\";v=\"99\"","sec-ch-ua-mobile":"?0","sec-ch-ua-platform":"\"Windows\"","sec-fetch-dest":"empty","sec-fetch-mode":"cors","sec-fetch-site":"same-site","user-agent":"Mozilla/5.0 (Windows NT 10.0; Win64; x64) AppleWebKit/537.36 (KHTML, like Gecko) Chrome/148.0.0.0 Safari/537.36"},"level":"error","message":"invalid input syntax for type uuid: \"t-005\"","method":"GET","orgId":null,"path":"/api/v1/tickets/t-005/comments","stack":"error: invalid input syntax for type uuid: \"t-005\"\n    at C:\\Users\\MohitVerma\\Documents\\Live Assignments\\CubastionNexus\\backend\\node_modules\\pg-pool\\index.js:45:11\n    at process.processTicksAndRejections (node:internal/process/task_queues:105:5)\n    at async query (C:\\Users\\MohitVerma\\Documents\\Live Assignments\\CubastionNexus\\backend\\src\\config\\database.js:43:20)\n    at async assertTicketAccess (C:\\Users\\MohitVerma\\Documents\\Live Assignments\\CubastionNexus\\backend\\src\\services\\comments.service.js:10:15)\n    at async Object.getComments (C:\\Users\\MohitVerma\\Documents\\Live Assignments\\CubastionNexus\\backend\\src\\services\\comments.service.js:21:3)\n    at async getComments (C:\\Users\\MohitVerma\\Documents\\Live Assignments\\CubastionNexus\\backend\\src\\controllers\\comments.controller.js:6:22)","timestamp":"2026-06-04 23:44:25","userId":"60104dea-6774-4982-a973-4dfee4c634e8"}
{"duration":"2ms","level":"error","message":"invalid input syntax for type uuid: \"t-005\"","timestamp":"2026-06-04 23:44:25"}
{"headers":{"accept":"application/json, text/plain, */*","accept-encoding":"gzip, deflate, br, zstd","accept-language":"en-GB,en-US;q=0.9,en;q=0.8","connection":"keep-alive","cookie":"access_token=eyJhbGciOiJIUzI1NiIsInR5cCI6IkpXVCJ9.eyJzdWIiOiI2MDEwNGRlYS02Nzc0LTQ5ODItYTk3My00ZGZlZTRjNjM0ZTgiLCJyb2xlIjoiYWRtaW4iLCJvcmdJZCI6bnVsbCwiaWF0IjoxNzgwNTk2NjkxLCJleHAiOjE3ODA2MDAyOTF9.igj97kurMh9X0tFpmV0nxVZG2GrQC1wWDHMwz34BA_A; refresh_token=1b7137df9c75899ef1bb9dee0976976f5113a2e4cf4f261eeb2f51c1c46b818f8b6a3dd1a992dbf4","dnt":"1","host":"localhost:3001","origin":"http://localhost:5173","referer":"http://localhost:5173/","sec-ch-ua":"\"Chromium\";v=\"148\", \"Google Chrome\";v=\"148\", \"Not/A)Brand\";v=\"99\"","sec-ch-ua-mobile":"?0","sec-ch-ua-platform":"\"Windows\"","sec-fetch-dest":"empty","sec-fetch-mode":"cors","sec-fetch-site":"same-site","user-agent":"Mozilla/5.0 (Windows NT 10.0; Win64; x64) AppleWebKit/537.36 (KHTML, like Gecko) Chrome/148.0.0.0 Safari/537.36"},"level":"error","message":"invalid input syntax for type uuid: \"t-005\"","method":"GET","orgId":null,"path":"/api/v1/tickets/t-005","stack":"error: invalid input syntax for type uuid: \"t-005\"\n    at C:\\Users\\MohitVerma\\Documents\\Live Assignments\\CubastionNexus\\backend\\node_modules\\pg-pool\\index.js:45:11\n    at process.processTicksAndRejections (node:internal/process/task_queues:105:5)\n    at async query (C:\\Users\\MohitVerma\\Documents\\Live Assignments\\CubastionNexus\\backend\\src\\config\\database.js:43:20)\n    at async Object.getTicket (C:\\Users\\MohitVerma\\Documents\\Live Assignments\\CubastionNexus\\backend\\src\\services\\tickets.service.js:79:18)\n    at async getTicket (C:\\Users\\MohitVerma\\Documents\\Live Assignments\\CubastionNexus\\backend\\src\\controllers\\tickets.controller.js:26:20)","timestamp":"2026-06-04 23:44:25","userId":"60104dea-6774-4982-a973-4dfee4c634e8"}
{"level":"info","message":"SLA check: no breaches or warnings","timestamp":"2026-06-04 23:45:00"}
{"level":"info","message":"SLA check: no breaches or warnings","timestamp":"2026-06-04 23:45:00"}
{"level":"info","message":"SLA check: no breaches or warnings","timestamp":"2026-06-04 23:45:00"}
{"level":"info","message":"SLA breach check started","timestamp":"2026-06-05 00:00:00"}
{"level":"info","message":"SLA breach check started","timestamp":"2026-06-05 00:00:00"}
{"level":"info","message":"SLA check: no breaches or warnings","timestamp":"2026-06-05 00:00:00"}
{"level":"info","message":"SLA check: no breaches or warnings","timestamp":"2026-06-05 00:00:00"}
{"level":"info","message":"SLA check: no breaches or warnings","timestamp":"2026-06-05 00:00:00"}
{"level":"info","message":"SLA breach check complete","timestamp":"2026-06-05 00:00:00"}
{"level":"info","message":"SLA breach check complete","timestamp":"2026-06-05 00:00:00"}
{"level":"info","message":"SLA check: no breaches or warnings","timestamp":"2026-06-05 00:15:00"}
{"level":"info","message":"SLA check: no breaches or warnings","timestamp":"2026-06-05 00:15:00"}
{"level":"info","message":"SLA check: no breaches or warnings","timestamp":"2026-06-05 00:15:00"}
{"level":"info","message":"SLA check: no breaches or warnings","timestamp":"2026-06-05 00:30:00"}
{"level":"info","message":"SLA check: no breaches or warnings","timestamp":"2026-06-05 00:30:00"}
{"level":"info","message":"SLA check: no breaches or warnings","timestamp":"2026-06-05 00:30:00"}
{"level":"info","message":"SLA check: no breaches or warnings","timestamp":"2026-06-05 00:45:00"}
{"level":"info","message":"SLA check: no breaches or warnings","timestamp":"2026-06-05 00:45:00"}
{"level":"info","message":"SLA check: no breaches or warnings","timestamp":"2026-06-05 00:45:00"}
{"level":"info","message":"SLA breach check started","timestamp":"2026-06-05 01:00:00"}
{"level":"info","message":"SLA breach check started","timestamp":"2026-06-05 01:00:00"}
{"level":"info","message":"SLA check: no breaches or warnings","timestamp":"2026-06-05 01:00:00"}
{"level":"info","message":"SLA check: no breaches or warnings","timestamp":"2026-06-05 01:00:00"}
{"level":"info","message":"SLA check: no breaches or warnings","timestamp":"2026-06-05 01:00:00"}
{"level":"info","message":"SLA breach check complete","timestamp":"2026-06-05 01:00:00"}
{"level":"info","message":"SLA breach check complete","timestamp":"2026-06-05 01:00:00"}
{"level":"info","message":"SLA check: no breaches or warnings","timestamp":"2026-06-05 01:15:00"}
{"level":"info","message":"SLA check: no breaches or warnings","timestamp":"2026-06-05 01:15:00"}
{"level":"info","message":"SLA check: no breaches or warnings","timestamp":"2026-06-05 01:15:00"}
{"level":"info","message":"SLA check: no breaches or warnings","timestamp":"2026-06-05 01:30:00"}
{"level":"info","message":"SLA check: no breaches or warnings","timestamp":"2026-06-05 01:30:00"}
{"level":"info","message":"SLA check: no breaches or warnings","timestamp":"2026-06-05 01:30:00"}
{"level":"info","message":"SLA check: no breaches or warnings","timestamp":"2026-06-05 01:45:00"}
{"level":"info","message":"SLA check: no breaches or warnings","timestamp":"2026-06-05 01:45:00"}
{"level":"info","message":"SLA check: no breaches or warnings","timestamp":"2026-06-05 01:45:00"}
{"level":"info","message":"SLA breach check started","timestamp":"2026-06-05 02:00:00"}
{"level":"info","message":"SLA breach check started","timestamp":"2026-06-05 02:00:00"}
{"level":"info","message":"SLA check: no breaches or warnings","timestamp":"2026-06-05 02:00:00"}
{"level":"info","message":"SLA check: no breaches or warnings","timestamp":"2026-06-05 02:00:00"}
{"level":"info","message":"SLA check: no breaches or warnings","timestamp":"2026-06-05 02:00:00"}
{"level":"info","message":"SLA breach check complete","timestamp":"2026-06-05 02:00:00"}
{"level":"info","message":"SLA breach check complete","timestamp":"2026-06-05 02:00:00"}
{"level":"info","message":"SLA check: no breaches or warnings","timestamp":"2026-06-05 02:15:00"}
{"level":"info","message":"SLA check: no breaches or warnings","timestamp":"2026-06-05 02:15:00"}
{"level":"info","message":"SLA check: no breaches or warnings","timestamp":"2026-06-05 02:15:00"}
{"level":"info","message":"SLA check: no breaches or warnings","timestamp":"2026-06-05 02:30:00"}
{"level":"info","message":"SLA check: no breaches or warnings","timestamp":"2026-06-05 02:30:00"}
{"level":"info","message":"SLA check: no breaches or warnings","timestamp":"2026-06-05 02:30:00"}
{"level":"info","message":"SLA check: no breaches or warnings","timestamp":"2026-06-05 02:45:00"}
{"level":"info","message":"SLA check: no breaches or warnings","timestamp":"2026-06-05 02:45:00"}
{"level":"info","message":"SLA check: no breaches or warnings","timestamp":"2026-06-05 02:45:00"}
{"level":"info","message":"SLA breach check started","timestamp":"2026-06-05 03:00:00"}
{"level":"info","message":"SLA breach check started","timestamp":"2026-06-05 03:00:00"}
{"level":"info","message":"SLA check: no breaches or warnings","timestamp":"2026-06-05 03:00:00"}
{"level":"info","message":"SLA check: no breaches or warnings","timestamp":"2026-06-05 03:00:00"}
{"level":"info","message":"SLA check: no breaches or warnings","timestamp":"2026-06-05 03:00:00"}
{"level":"info","message":"SLA breach check complete","timestamp":"2026-06-05 03:00:00"}
{"level":"info","message":"SLA breach check complete","timestamp":"2026-06-05 03:00:00"}
{"level":"info","message":"SLA check: no breaches or warnings","timestamp":"2026-06-05 03:15:00"}
{"level":"info","message":"SLA check: no breaches or warnings","timestamp":"2026-06-05 03:15:00"}
{"level":"info","message":"SLA check: no breaches or warnings","timestamp":"2026-06-05 03:15:00"}
{"level":"info","message":"SLA check: no breaches or warnings","timestamp":"2026-06-05 03:30:00"}
{"level":"info","message":"SLA check: no breaches or warnings","timestamp":"2026-06-05 03:30:00"}
{"level":"info","message":"SLA check: no breaches or warnings","timestamp":"2026-06-05 03:30:00"}
{"level":"info","message":"SLA check: no breaches or warnings","timestamp":"2026-06-05 03:45:00"}
{"level":"info","message":"SLA check: no breaches or warnings","timestamp":"2026-06-05 03:45:00"}
{"level":"info","message":"SLA check: no breaches or warnings","timestamp":"2026-06-05 03:45:00"}
{"level":"info","message":"SLA breach check started","timestamp":"2026-06-05 04:00:00"}
{"level":"info","message":"SLA breach check started","timestamp":"2026-06-05 04:00:00"}
{"level":"info","message":"SLA check: no breaches or warnings","timestamp":"2026-06-05 04:00:00"}
{"level":"info","message":"SLA check: no breaches or warnings","timestamp":"2026-06-05 04:00:00"}
{"level":"info","message":"SLA check: no breaches or warnings","timestamp":"2026-06-05 04:00:00"}
{"level":"info","message":"SLA breach check complete","timestamp":"2026-06-05 04:00:00"}
{"level":"info","message":"SLA breach check complete","timestamp":"2026-06-05 04:00:00"}
{"level":"info","message":"SLA check: no breaches or warnings","timestamp":"2026-06-05 04:15:00"}
{"level":"info","message":"SLA check: no breaches or warnings","timestamp":"2026-06-05 04:15:00"}
{"level":"info","message":"SLA check: no breaches or warnings","timestamp":"2026-06-05 04:15:00"}
{"level":"info","message":"SLA check: no breaches or warnings","timestamp":"2026-06-05 04:30:00"}
{"level":"info","message":"SLA check: no breaches or warnings","timestamp":"2026-06-05 04:30:00"}
{"level":"info","message":"SLA check: no breaches or warnings","timestamp":"2026-06-05 04:30:00"}
{"level":"info","message":"SLA check: no breaches or warnings","timestamp":"2026-06-05 04:45:00"}
{"level":"info","message":"SLA check: no breaches or warnings","timestamp":"2026-06-05 04:45:00"}
{"level":"info","message":"SLA check: no breaches or warnings","timestamp":"2026-06-05 04:45:00"}
{"level":"info","message":"SLA breach check started","timestamp":"2026-06-05 05:00:00"}
{"level":"info","message":"SLA breach check started","timestamp":"2026-06-05 05:00:00"}
{"level":"info","message":"SLA check: no breaches or warnings","timestamp":"2026-06-05 05:00:00"}
{"level":"info","message":"SLA check: no breaches or warnings","timestamp":"2026-06-05 05:00:00"}
{"level":"info","message":"SLA check: no breaches or warnings","timestamp":"2026-06-05 05:00:00"}
{"level":"info","message":"SLA breach check complete","timestamp":"2026-06-05 05:00:00"}
{"level":"info","message":"SLA breach check complete","timestamp":"2026-06-05 05:00:00"}
{"level":"info","message":"SLA check: no breaches or warnings","timestamp":"2026-06-05 05:15:00"}
{"level":"info","message":"SLA check: no breaches or warnings","timestamp":"2026-06-05 05:15:00"}
{"level":"info","message":"SLA check: no breaches or warnings","timestamp":"2026-06-05 05:15:00"}
{"level":"info","message":"SLA check: no breaches or warnings","timestamp":"2026-06-05 05:30:00"}
{"level":"info","message":"SLA check: no breaches or warnings","timestamp":"2026-06-05 05:30:00"}
{"level":"info","message":"SLA check: no breaches or warnings","timestamp":"2026-06-05 05:30:00"}
{"level":"info","message":"SLA check: no breaches or warnings","timestamp":"2026-06-05 05:45:00"}
{"level":"info","message":"SLA check: no breaches or warnings","timestamp":"2026-06-05 05:45:00"}
{"level":"info","message":"SLA check: no breaches or warnings","timestamp":"2026-06-05 05:45:00"}
{"level":"info","message":"SLA breach check started","timestamp":"2026-06-05 06:00:00"}
{"level":"info","message":"SLA breach check started","timestamp":"2026-06-05 06:00:00"}
{"level":"info","message":"SLA check: no breaches or warnings","timestamp":"2026-06-05 06:00:00"}
{"level":"info","message":"SLA check: no breaches or warnings","timestamp":"2026-06-05 06:00:00"}
{"level":"info","message":"SLA check: no breaches or warnings","timestamp":"2026-06-05 06:00:00"}
{"level":"info","message":"SLA breach check complete","timestamp":"2026-06-05 06:00:00"}
{"level":"info","message":"SLA breach check complete","timestamp":"2026-06-05 06:00:00"}
{"level":"info","message":"SLA check: no breaches or warnings","timestamp":"2026-06-05 06:15:00"}
{"level":"info","message":"SLA check: no breaches or warnings","timestamp":"2026-06-05 06:15:00"}
{"level":"info","message":"SLA check: no breaches or warnings","timestamp":"2026-06-05 06:15:00"}
{"level":"info","message":"SLA check: no breaches or warnings","timestamp":"2026-06-05 06:30:00"}
{"level":"info","message":"SLA check: no breaches or warnings","timestamp":"2026-06-05 06:30:00"}
{"level":"info","message":"SLA check: no breaches or warnings","timestamp":"2026-06-05 06:30:00"}
{"level":"info","message":"SLA check: no breaches or warnings","timestamp":"2026-06-05 06:45:00"}
{"level":"info","message":"SLA check: no breaches or warnings","timestamp":"2026-06-05 06:45:00"}
{"level":"info","message":"SLA check: no breaches or warnings","timestamp":"2026-06-05 06:45:00"}
{"level":"info","message":"SLA breach check started","timestamp":"2026-06-05 07:00:00"}
{"level":"info","message":"SLA breach check started","timestamp":"2026-06-05 07:00:00"}
{"level":"info","message":"SLA check: no breaches or warnings","timestamp":"2026-06-05 07:00:00"}
{"level":"info","message":"SLA check: no breaches or warnings","timestamp":"2026-06-05 07:00:00"}
{"level":"info","message":"SLA check: no breaches or warnings","timestamp":"2026-06-05 07:00:00"}
{"level":"info","message":"SLA breach check complete","timestamp":"2026-06-05 07:00:00"}
{"level":"info","message":"SLA breach check complete","timestamp":"2026-06-05 07:00:00"}
{"level":"info","message":"SLA check: no breaches or warnings","timestamp":"2026-06-05 07:15:00"}
{"level":"info","message":"SLA check: no breaches or warnings","timestamp":"2026-06-05 07:15:00"}
{"level":"info","message":"SLA check: no breaches or warnings","timestamp":"2026-06-05 07:15:00"}
{"level":"info","message":"SLA check: no breaches or warnings","timestamp":"2026-06-05 07:30:00"}
{"level":"info","message":"SLA check: no breaches or warnings","timestamp":"2026-06-05 07:30:00"}
{"level":"info","message":"SLA check: no breaches or warnings","timestamp":"2026-06-05 07:30:00"}
{"level":"info","message":"SLA check: no breaches or warnings","timestamp":"2026-06-05 11:00:00"}
{"level":"info","message":"SLA breach check started","timestamp":"2026-06-05 11:00:00"}
{"level":"info","message":"SLA breach check started","timestamp":"2026-06-05 11:00:00"}
{"level":"info","message":"SLA check: no breaches or warnings","timestamp":"2026-06-05 11:00:00"}
{"level":"info","message":"SLA check: no breaches or warnings","timestamp":"2026-06-05 11:00:00"}
{"level":"info","message":"SLA breach check complete","timestamp":"2026-06-05 11:00:00"}
{"level":"info","message":"SLA breach check complete","timestamp":"2026-06-05 11:00:00"}
{"level":"info","message":"SLA check: no breaches or warnings","timestamp":"2026-06-05 11:15:00"}
{"level":"info","message":"SLA check: no breaches or warnings","timestamp":"2026-06-05 11:15:00"}
{"level":"info","message":"SLA check: no breaches or warnings","timestamp":"2026-06-05 11:15:00"}
{"level":"info","message":"SLA check: no breaches or warnings","timestamp":"2026-06-05 11:30:00"}
{"level":"info","message":"SLA check: no breaches or warnings","timestamp":"2026-06-05 11:30:00"}
{"level":"info","message":"SLA check: no breaches or warnings","timestamp":"2026-06-05 11:30:00"}
{"database":"nexusDev","host":"localhost","level":"info","message":"Database connection established","timestamp":"2026-06-05 11:32:07"}
{"level":"info","message":"Database connection verified","timestamp":"2026-06-05 11:32:07"}
{"level":"info","message":"SLA check job started (every 15 minutes)","timestamp":"2026-06-05 11:32:07"}
{"level":"info","message":"Server running on http://localhost:3001 [development]","timestamp":"2026-06-05 11:32:07"}
{"database":"nexusDev","host":"localhost","level":"info","message":"Database connection established","timestamp":"2026-06-05 11:32:07"}
{"level":"info","message":"SLA check: no breaches or warnings","timestamp":"2026-06-05 11:32:07"}
{"level":"info","message":"Database connection verified","timestamp":"2026-06-05 11:32:07"}
{"level":"info","message":"SLA check job started (every 15 minutes)","timestamp":"2026-06-05 11:32:07"}
{"level":"info","message":"Server running on http://localhost:3001 [development]","timestamp":"2026-06-05 11:32:07"}
{"level":"info","message":"SLA check: no breaches or warnings","timestamp":"2026-06-05 11:32:07"}
{"database":"nexusDev","host":"localhost","level":"info","message":"Database connection established","timestamp":"2026-06-05 11:32:07"}
{"level":"info","message":"Database connection verified","timestamp":"2026-06-05 11:32:07"}
{"level":"info","message":"SLA check job started (every 15 minutes)","timestamp":"2026-06-05 11:32:07"}
{"level":"info","message":"Server running on http://localhost:3001 [development]","timestamp":"2026-06-05 11:32:07"}
{"level":"info","message":"SLA check: no breaches or warnings","timestamp":"2026-06-05 11:32:07"}
{"database":"nexusDev","host":"localhost","level":"info","message":"Database connection established","timestamp":"2026-06-05 11:33:05"}
{"level":"info","message":"Database connection verified","timestamp":"2026-06-05 11:33:05"}
{"database":"nexusDev","host":"localhost","level":"info","message":"Database connection established","timestamp":"2026-06-05 11:33:05"}
{"level":"info","message":"SLA check job started (every 15 minutes)","timestamp":"2026-06-05 11:33:05"}
{"level":"info","message":"Server running on http://localhost:3001 [development]","timestamp":"2026-06-05 11:33:05"}
{"level":"info","message":"Database connection verified","timestamp":"2026-06-05 11:33:05"}
{"level":"info","message":"SLA check job started (every 15 minutes)","timestamp":"2026-06-05 11:33:05"}
{"level":"info","message":"Server running on http://localhost:3001 [development]","timestamp":"2026-06-05 11:33:05"}
{"level":"info","message":"SLA check: no breaches or warnings","timestamp":"2026-06-05 11:33:05"}
{"level":"info","message":"SLA check: no breaches or warnings","timestamp":"2026-06-05 11:33:05"}
{"database":"nexusDev","host":"localhost","level":"info","message":"Database connection established","timestamp":"2026-06-05 11:33:05"}
{"level":"info","message":"Database connection verified","timestamp":"2026-06-05 11:33:05"}
{"level":"info","message":"SLA check job started (every 15 minutes)","timestamp":"2026-06-05 11:33:05"}
{"level":"info","message":"Server running on http://localhost:3001 [development]","timestamp":"2026-06-05 11:33:05"}
{"level":"info","message":"SLA check: no breaches or warnings","timestamp":"2026-06-05 11:33:05"}
{"level":"info","message":"SLA check: no breaches or warnings","timestamp":"2026-06-05 11:45:00"}
{"level":"info","message":"SLA check: no breaches or warnings","timestamp":"2026-06-05 11:45:00"}
{"level":"info","message":"SLA check: no breaches or warnings","timestamp":"2026-06-05 11:45:00"}
{"level":"info","message":"SLA breach check started","timestamp":"2026-06-05 12:00:00"}
{"level":"info","message":"SLA breach check started","timestamp":"2026-06-05 12:00:00"}
{"level":"info","message":"SLA check: no breaches or warnings","timestamp":"2026-06-05 12:00:00"}
{"level":"info","message":"SLA check: no breaches or warnings","timestamp":"2026-06-05 12:00:00"}
{"level":"info","message":"SLA breach check complete","timestamp":"2026-06-05 12:00:00"}
{"level":"info","message":"SLA breach check complete","timestamp":"2026-06-05 12:00:00"}
{"level":"info","message":"SLA check: no breaches or warnings","timestamp":"2026-06-05 12:00:00"}
{"level":"info","message":"SLA check: no breaches or warnings","timestamp":"2026-06-05 12:15:00"}
{"level":"info","message":"SLA check: no breaches or warnings","timestamp":"2026-06-05 12:15:00"}
{"level":"info","message":"SLA check: no breaches or warnings","timestamp":"2026-06-05 12:15:00"}
{"level":"info","message":"Database connection verified","timestamp":"2026-06-05 12:17:46"}
{"level":"info","message":"SLA check job started (every 15 minutes)","timestamp":"2026-06-05 12:17:46"}
{"level":"info","message":"Server running on http://localhost:3001 [development]","timestamp":"2026-06-05 12:17:46"}
{"level":"info","message":"SLA check: no breaches or warnings","timestamp":"2026-06-05 12:17:46"}
{"database":"nexusDev","host":"localhost","level":"info","message":"Database connection established","timestamp":"2026-06-05 12:17:46"}
{"level":"info","message":"SLA check: no breaches or warnings","timestamp":"2026-06-05 12:30:00"}
{"level":"info","message":"SLA check: no breaches or warnings","timestamp":"2026-06-05 12:30:00"}
{"level":"info","message":"SLA check: no breaches or warnings","timestamp":"2026-06-05 12:30:00"}
{"level":"info","message":"Database connection verified","timestamp":"2026-06-05 12:43:39"}
{"level":"info","message":"SLA check job started (every 15 minutes)","timestamp":"2026-06-05 12:43:39"}
{"level":"info","message":"Server running on http://localhost:3001 [development]","timestamp":"2026-06-05 12:43:39"}
{"database":"nexusDev","host":"localhost","level":"info","message":"Database connection established","timestamp":"2026-06-05 12:43:39"}
{"level":"info","message":"SLA check: no breaches or warnings","timestamp":"2026-06-05 12:43:40"}
{"level":"info","message":"Database connection verified","timestamp":"2026-06-05 12:43:40"}
{"level":"info","message":"SLA check job started (every 15 minutes)","timestamp":"2026-06-05 12:43:40"}
{"level":"info","message":"Server running on http://localhost:3001 [development]","timestamp":"2026-06-05 12:43:40"}
{"level":"info","message":"Database connection verified","timestamp":"2026-06-05 12:43:40"}
{"level":"info","message":"SLA check job started (every 15 minutes)","timestamp":"2026-06-05 12:43:40"}
{"level":"info","message":"Server running on http://localhost:3001 [development]","timestamp":"2026-06-05 12:43:40"}
{"level":"info","message":"SLA check: no breaches or warnings","timestamp":"2026-06-05 12:43:40"}
{"level":"info","message":"SLA check: no breaches or warnings","timestamp":"2026-06-05 12:43:40"}
{"database":"nexusDev","host":"localhost","level":"info","message":"Database connection established","timestamp":"2026-06-05 12:43:40"}
{"level":"info","message":"Database connection verified","timestamp":"2026-06-05 12:43:40"}
{"level":"info","message":"SLA check job started (every 15 minutes)","timestamp":"2026-06-05 12:43:40"}
{"level":"info","message":"Server running on http://localhost:3001 [development]","timestamp":"2026-06-05 12:43:40"}
{"level":"info","message":"SLA check: no breaches or warnings","timestamp":"2026-06-05 12:43:40"}
{"database":"nexusDev","host":"localhost","level":"info","message":"Database connection established","timestamp":"2026-06-05 12:43:40"}
{"database":"nexusDev","host":"localhost","level":"info","message":"Database connection established","timestamp":"2026-06-05 12:43:40"}
{"database":"nexusDev","host":"localhost","level":"info","message":"Database connection established","timestamp":"2026-06-05 12:44:16"}
{"level":"info","message":"Database connection verified","timestamp":"2026-06-05 12:44:16"}
{"level":"info","message":"SLA check job started (every 15 minutes)","timestamp":"2026-06-05 12:44:16"}
{"level":"info","message":"Server running on http://localhost:3001 [development]","timestamp":"2026-06-05 12:44:16"}
{"database":"nexusDev","host":"localhost","level":"info","message":"Database connection established","timestamp":"2026-06-05 12:44:16"}
{"level":"info","message":"SLA check: no breaches or warnings","timestamp":"2026-06-05 12:44:16"}
{"level":"info","message":"Database connection verified","timestamp":"2026-06-05 12:44:16"}
{"level":"info","message":"SLA check job started (every 15 minutes)","timestamp":"2026-06-05 12:44:16"}
{"level":"info","message":"Server running on http://localhost:3001 [development]","timestamp":"2026-06-05 12:44:16"}
{"database":"nexusDev","host":"localhost","level":"info","message":"Database connection established","timestamp":"2026-06-05 12:44:16"}
{"level":"info","message":"SLA check: no breaches or warnings","timestamp":"2026-06-05 12:44:16"}
{"level":"info","message":"Database connection verified","timestamp":"2026-06-05 12:44:16"}
{"level":"info","message":"SLA check job started (every 15 minutes)","timestamp":"2026-06-05 12:44:16"}
{"level":"info","message":"Server running on http://localhost:3001 [development]","timestamp":"2026-06-05 12:44:16"}
{"level":"info","message":"SLA check: no breaches or warnings","timestamp":"2026-06-05 12:44:16"}
{"level":"info","message":"Database connection verified","timestamp":"2026-06-05 12:44:16"}
{"database":"nexusDev","host":"localhost","level":"info","message":"Database connection established","timestamp":"2026-06-05 12:44:16"}
{"level":"info","message":"SLA check job started (every 15 minutes)","timestamp":"2026-06-05 12:44:16"}
{"level":"info","message":"Server running on http://localhost:3001 [development]","timestamp":"2026-06-05 12:44:16"}
{"level":"info","message":"SLA check: no breaches or warnings","timestamp":"2026-06-05 12:44:16"}
{"level":"info","message":"SLA check: no breaches or warnings","timestamp":"2026-06-05 12:45:00"}
{"level":"info","message":"SLA check: no breaches or warnings","timestamp":"2026-06-05 12:45:00"}
{"level":"info","message":"SLA check: no breaches or warnings","timestamp":"2026-06-05 12:45:00"}
{"level":"info","message":"SLA check: no breaches or warnings","timestamp":"2026-06-05 12:45:00"}
{"level":"info","message":"Database connection verified","timestamp":"2026-06-05 12:51:02"}
{"level":"info","message":"SLA check job started (every 15 minutes)","timestamp":"2026-06-05 12:51:02"}
{"level":"info","message":"Server running on http://localhost:3001 [development]","timestamp":"2026-06-05 12:51:02"}
{"database":"nexusDev","host":"localhost","level":"info","message":"Database connection established","timestamp":"2026-06-05 12:51:02"}
{"level":"info","message":"SLA check: no breaches or warnings","timestamp":"2026-06-05 12:51:02"}
{"level":"info","message":"SLA breach check started","timestamp":"2026-06-05 13:00:00"}
{"level":"info","message":"SLA check: no breaches or warnings","timestamp":"2026-06-05 13:00:00"}
{"level":"info","message":"SLA check: no breaches or warnings","timestamp":"2026-06-05 13:00:00"}
{"level":"info","message":"SLA check: no breaches or warnings","timestamp":"2026-06-05 13:00:00"}
{"level":"info","message":"SLA check: no breaches or warnings","timestamp":"2026-06-05 13:00:00"}
{"level":"info","message":"SLA breach check complete","timestamp":"2026-06-05 13:00:00"}
{"level":"info","message":"Database connection verified","timestamp":"2026-06-05 13:10:07"}
{"level":"info","message":"SLA check job started (every 15 minutes)","timestamp":"2026-06-05 13:10:07"}
{"level":"info","message":"Server running on http://localhost:3001 [development]","timestamp":"2026-06-05 13:10:07"}
{"database":"nexusDev","host":"localhost","level":"info","message":"Database connection established","timestamp":"2026-06-05 13:10:07"}
{"level":"info","message":"SLA check: no breaches or warnings","timestamp":"2026-06-05 13:10:07"}
{"database":"nexusDev","host":"localhost","level":"info","message":"Database connection established","timestamp":"2026-06-05 13:10:35"}
{"level":"info","message":"Database connection verified","timestamp":"2026-06-05 13:10:35"}
{"level":"info","message":"SLA check job started (every 15 minutes)","timestamp":"2026-06-05 13:10:35"}
{"level":"info","message":"Server running on http://localhost:3001 [development]","timestamp":"2026-06-05 13:10:35"}
{"level":"info","message":"SLA check: no breaches or warnings","timestamp":"2026-06-05 13:10:35"}
{"database":"nexusDev","host":"localhost","level":"info","message":"Database connection established","timestamp":"2026-06-05 13:11:58"}
{"level":"info","message":"Database connection verified","timestamp":"2026-06-05 13:11:58"}
{"level":"info","message":"SLA check job started (every 15 minutes)","timestamp":"2026-06-05 13:11:58"}
{"level":"info","message":"Server running on http://localhost:3001 [development]","timestamp":"2026-06-05 13:11:58"}
{"level":"info","message":"SLA check: no breaches or warnings","timestamp":"2026-06-05 13:11:58"}
{"level":"info","message":"SLA check: no breaches or warnings","timestamp":"2026-06-05 13:15:00"}
{"level":"info","message":"SLA check: no breaches or warnings","timestamp":"2026-06-05 13:15:00"}
{"level":"info","message":"SLA check: no breaches or warnings","timestamp":"2026-06-05 13:15:00"}
{"level":"info","message":"SLA check: no breaches or warnings","timestamp":"2026-06-05 13:15:00"}
{"database":"nexusDev","host":"localhost","level":"info","message":"Database connection established","timestamp":"2026-06-05 13:16:40"}
{"level":"info","message":"Database connection verified","timestamp":"2026-06-05 13:16:40"}
{"level":"info","message":"SLA check job started (every 15 minutes)","timestamp":"2026-06-05 13:16:40"}
{"level":"info","message":"Server running on http://localhost:3001 [development]","timestamp":"2026-06-05 13:16:40"}
{"level":"info","message":"SLA check: no breaches or warnings","timestamp":"2026-06-05 13:16:40"}
{"database":"nexusDev","host":"localhost","level":"info","message":"Database connection established","timestamp":"2026-06-05 13:18:00"}
{"level":"info","message":"Database connection verified","timestamp":"2026-06-05 13:18:00"}
{"level":"info","message":"SLA check job started (every 15 minutes)","timestamp":"2026-06-05 13:18:00"}
{"level":"info","message":"Server running on http://localhost:3001 [development]","timestamp":"2026-06-05 13:18:00"}
{"level":"info","message":"SLA check: no breaches or warnings","timestamp":"2026-06-05 13:18:00"}
{"level":"info","message":"Email sent","subject":"[CUB-00002] Your ticket has been received","timestamp":"2026-06-05 13:29:34","to":"tanaka@fujikura.co.jp"}
{"level":"warn","message":"SLA response breached: 1 ticket(s)","timestamp":"2026-06-05 13:30:00"}
{"level":"info","message":"SLA check complete","resolutionBreached":0,"responseBreached":1,"timestamp":"2026-06-05 13:30:00","warnings":0}
{"level":"info","message":"Email sent","subject":"Welcome to Cubastion Nexus","timestamp":"2026-06-05 13:36:53","to":"varun.ahuja@cubastion.com"}
{"level":"info","message":"SLA check: no breaches or warnings","timestamp":"2026-06-05 13:45:00"}
{"level":"info","message":"Email sent","subject":"Welcome to Cubastion Nexus","timestamp":"2026-06-05 13:46:46","to":"diksha.sharma@cubastion.com"}
{"duration":"4ms","level":"error","message":"invalid input syntax for type uuid: \"t-002\"","timestamp":"2026-06-05 13:47:49"}
{"headers":{"accept":"application/json, text/plain, */*","accept-encoding":"gzip, deflate, br, zstd","accept-language":"en-GB,en-US;q=0.9,en;q=0.8","connection":"keep-alive","cookie":"access_token=eyJhbGciOiJIUzI1NiIsInR5cCI6IkpXVCJ9.eyJzdWIiOiI2MDEwNGRlYS02Nzc0LTQ5ODItYTk3My00ZGZlZTRjNjM0ZTgiLCJyb2xlIjoiYWRtaW4iLCJvcmdJZCI6bnVsbCwiaWF0IjoxNzgwNjQ3Mzg5LCJleHAiOjE3ODA2NTA5ODl9.Hm7KZhrIQbrTsW-vRS9kLkqk8dhhxHFYvl_UKlOBR4w; refresh_token=c2609a03037b1e028c7a81f866039935ac9107071711e9a19e1a364265bc339ddf20feb840ed811d","dnt":"1","host":"localhost:3001","origin":"http://localhost:5173","referer":"http://localhost:5173/","sec-ch-ua":"\"Chromium\";v=\"148\", \"Google Chrome\";v=\"148\", \"Not/A)Brand\";v=\"99\"","sec-ch-ua-mobile":"?0","sec-ch-ua-platform":"\"Windows\"","sec-fetch-dest":"empty","sec-fetch-mode":"cors","sec-fetch-site":"same-site","user-agent":"Mozilla/5.0 (Windows NT 10.0; Win64; x64) AppleWebKit/537.36 (KHTML, like Gecko) Chrome/148.0.0.0 Safari/537.36"},"level":"error","message":"invalid input syntax for type uuid: \"t-002\"","method":"GET","orgId":null,"path":"/api/v1/tickets/t-002/comments","stack":"error: invalid input syntax for type uuid: \"t-002\"\n    at C:\\Users\\MohitVerma\\Documents\\Live Assignments\\CubastionNexus\\backend\\node_modules\\pg-pool\\index.js:45:11\n    at process.processTicksAndRejections (node:internal/process/task_queues:105:5)\n    at async query (C:\\Users\\MohitVerma\\Documents\\Live Assignments\\CubastionNexus\\backend\\src\\config\\database.js:43:20)\n    at async assertTicketAccess (C:\\Users\\MohitVerma\\Documents\\Live Assignments\\CubastionNexus\\backend\\src\\services\\comments.service.js:10:15)\n    at async Object.getComments (C:\\Users\\MohitVerma\\Documents\\Live Assignments\\CubastionNexus\\backend\\src\\services\\comments.service.js:21:3)\n    at async getComments (C:\\Users\\MohitVerma\\Documents\\Live Assignments\\CubastionNexus\\backend\\src\\controllers\\comments.controller.js:6:22)","timestamp":"2026-06-05 13:47:49","userId":"60104dea-6774-4982-a973-4dfee4c634e8"}
{"duration":"4ms","level":"error","message":"invalid input syntax for type uuid: \"t-002\"","timestamp":"2026-06-05 13:47:49"}
{"headers":{"accept":"application/json, text/plain, */*","accept-encoding":"gzip, deflate, br, zstd","accept-language":"en-GB,en-US;q=0.9,en;q=0.8","connection":"keep-alive","cookie":"access_token=eyJhbGciOiJIUzI1NiIsInR5cCI6IkpXVCJ9.eyJzdWIiOiI2MDEwNGRlYS02Nzc0LTQ5ODItYTk3My00ZGZlZTRjNjM0ZTgiLCJyb2xlIjoiYWRtaW4iLCJvcmdJZCI6bnVsbCwiaWF0IjoxNzgwNjQ3Mzg5LCJleHAiOjE3ODA2NTA5ODl9.Hm7KZhrIQbrTsW-vRS9kLkqk8dhhxHFYvl_UKlOBR4w; refresh_token=c2609a03037b1e028c7a81f866039935ac9107071711e9a19e1a364265bc339ddf20feb840ed811d","dnt":"1","host":"localhost:3001","origin":"http://localhost:5173","referer":"http://localhost:5173/","sec-ch-ua":"\"Chromium\";v=\"148\", \"Google Chrome\";v=\"148\", \"Not/A)Brand\";v=\"99\"","sec-ch-ua-mobile":"?0","sec-ch-ua-platform":"\"Windows\"","sec-fetch-dest":"empty","sec-fetch-mode":"cors","sec-fetch-site":"same-site","user-agent":"Mozilla/5.0 (Windows NT 10.0; Win64; x64) AppleWebKit/537.36 (KHTML, like Gecko) Chrome/148.0.0.0 Safari/537.36"},"level":"error","message":"invalid input syntax for type uuid: \"t-002\"","method":"GET","orgId":null,"path":"/api/v1/tickets/t-002","stack":"error: invalid input syntax for type uuid: \"t-002\"\n    at C:\\Users\\MohitVerma\\Documents\\Live Assignments\\CubastionNexus\\backend\\node_modules\\pg-pool\\index.js:45:11\n    at process.processTicksAndRejections (node:internal/process/task_queues:105:5)\n    at async query (C:\\Users\\MohitVerma\\Documents\\Live Assignments\\CubastionNexus\\backend\\src\\config\\database.js:43:20)\n    at async Object.getTicket (C:\\Users\\MohitVerma\\Documents\\Live Assignments\\CubastionNexus\\backend\\src\\services\\tickets.service.js:79:18)\n    at async getTicket (C:\\Users\\MohitVerma\\Documents\\Live Assignments\\CubastionNexus\\backend\\src\\controllers\\tickets.controller.js:26:20)","timestamp":"2026-06-05 13:47:49","userId":"60104dea-6774-4982-a973-4dfee4c634e8"}
{"duration":"2ms","level":"error","message":"invalid input syntax for type uuid: \"t-002\"","timestamp":"2026-06-05 13:47:50"}
{"headers":{"accept":"application/json, text/plain, */*","accept-encoding":"gzip, deflate, br, zstd","accept-language":"en-GB,en-US;q=0.9,en;q=0.8","connection":"keep-alive","cookie":"access_token=eyJhbGciOiJIUzI1NiIsInR5cCI6IkpXVCJ9.eyJzdWIiOiI2MDEwNGRlYS02Nzc0LTQ5ODItYTk3My00ZGZlZTRjNjM0ZTgiLCJyb2xlIjoiYWRtaW4iLCJvcmdJZCI6bnVsbCwiaWF0IjoxNzgwNjQ3Mzg5LCJleHAiOjE3ODA2NTA5ODl9.Hm7KZhrIQbrTsW-vRS9kLkqk8dhhxHFYvl_UKlOBR4w; refresh_token=c2609a03037b1e028c7a81f866039935ac9107071711e9a19e1a364265bc339ddf20feb840ed811d","dnt":"1","host":"localhost:3001","origin":"http://localhost:5173","referer":"http://localhost:5173/","sec-ch-ua":"\"Chromium\";v=\"148\", \"Google Chrome\";v=\"148\", \"Not/A)Brand\";v=\"99\"","sec-ch-ua-mobile":"?0","sec-ch-ua-platform":"\"Windows\"","sec-fetch-dest":"empty","sec-fetch-mode":"cors","sec-fetch-site":"same-site","user-agent":"Mozilla/5.0 (Windows NT 10.0; Win64; x64) AppleWebKit/537.36 (KHTML, like Gecko) Chrome/148.0.0.0 Safari/537.36"},"level":"error","message":"invalid input syntax for type uuid: \"t-002\"","method":"GET","orgId":null,"path":"/api/v1/tickets/t-002/comments","stack":"error: invalid input syntax for type uuid: \"t-002\"\n    at C:\\Users\\MohitVerma\\Documents\\Live Assignments\\CubastionNexus\\backend\\node_modules\\pg-pool\\index.js:45:11\n    at process.processTicksAndRejections (node:internal/process/task_queues:105:5)\n    at async query (C:\\Users\\MohitVerma\\Documents\\Live Assignments\\CubastionNexus\\backend\\src\\config\\database.js:43:20)\n    at async assertTicketAccess (C:\\Users\\MohitVerma\\Documents\\Live Assignments\\CubastionNexus\\backend\\src\\services\\comments.service.js:10:15)\n    at async Object.getComments (C:\\Users\\MohitVerma\\Documents\\Live Assignments\\CubastionNexus\\backend\\src\\services\\comments.service.js:21:3)\n    at async getComments (C:\\Users\\MohitVerma\\Documents\\Live Assignments\\CubastionNexus\\backend\\src\\controllers\\comments.controller.js:6:22)","timestamp":"2026-06-05 13:47:50","userId":"60104dea-6774-4982-a973-4dfee4c634e8"}
{"duration":"4ms","level":"error","message":"invalid input syntax for type uuid: \"t-002\"","timestamp":"2026-06-05 13:47:50"}
{"headers":{"accept":"application/json, text/plain, */*","accept-encoding":"gzip, deflate, br, zstd","accept-language":"en-GB,en-US;q=0.9,en;q=0.8","connection":"keep-alive","cookie":"access_token=eyJhbGciOiJIUzI1NiIsInR5cCI6IkpXVCJ9.eyJzdWIiOiI2MDEwNGRlYS02Nzc0LTQ5ODItYTk3My00ZGZlZTRjNjM0ZTgiLCJyb2xlIjoiYWRtaW4iLCJvcmdJZCI6bnVsbCwiaWF0IjoxNzgwNjQ3Mzg5LCJleHAiOjE3ODA2NTA5ODl9.Hm7KZhrIQbrTsW-vRS9kLkqk8dhhxHFYvl_UKlOBR4w; refresh_token=c2609a03037b1e028c7a81f866039935ac9107071711e9a19e1a364265bc339ddf20feb840ed811d","dnt":"1","host":"localhost:3001","origin":"http://localhost:5173","referer":"http://localhost:5173/","sec-ch-ua":"\"Chromium\";v=\"148\", \"Google Chrome\";v=\"148\", \"Not/A)Brand\";v=\"99\"","sec-ch-ua-mobile":"?0","sec-ch-ua-platform":"\"Windows\"","sec-fetch-dest":"empty","sec-fetch-mode":"cors","sec-fetch-site":"same-site","user-agent":"Mozilla/5.0 (Windows NT 10.0; Win64; x64) AppleWebKit/537.36 (KHTML, like Gecko) Chrome/148.0.0.0 Safari/537.36"},"level":"error","message":"invalid input syntax for type uuid: \"t-002\"","method":"GET","orgId":null,"path":"/api/v1/tickets/t-002","stack":"error: invalid input syntax for type uuid: \"t-002\"\n    at C:\\Users\\MohitVerma\\Documents\\Live Assignments\\CubastionNexus\\backend\\node_modules\\pg-pool\\index.js:45:11\n    at process.processTicksAndRejections (node:internal/process/task_queues:105:5)\n    at async query (C:\\Users\\MohitVerma\\Documents\\Live Assignments\\CubastionNexus\\backend\\src\\config\\database.js:43:20)\n    at async Object.getTicket (C:\\Users\\MohitVerma\\Documents\\Live Assignments\\CubastionNexus\\backend\\src\\services\\tickets.service.js:79:18)\n    at async getTicket (C:\\Users\\MohitVerma\\Documents\\Live Assignments\\CubastionNexus\\backend\\src\\controllers\\tickets.controller.js:26:20)","timestamp":"2026-06-05 13:47:50","userId":"60104dea-6774-4982-a973-4dfee4c634e8"}
{"duration":"3ms","level":"error","message":"invalid input syntax for type uuid: \"t-001\"","timestamp":"2026-06-05 13:47:53"}
{"headers":{"accept":"application/json, text/plain, */*","accept-encoding":"gzip, deflate, br, zstd","accept-language":"en-GB,en-US;q=0.9,en;q=0.8","connection":"keep-alive","cookie":"access_token=eyJhbGciOiJIUzI1NiIsInR5cCI6IkpXVCJ9.eyJzdWIiOiI2MDEwNGRlYS02Nzc0LTQ5ODItYTk3My00ZGZlZTRjNjM0ZTgiLCJyb2xlIjoiYWRtaW4iLCJvcmdJZCI6bnVsbCwiaWF0IjoxNzgwNjQ3Mzg5LCJleHAiOjE3ODA2NTA5ODl9.Hm7KZhrIQbrTsW-vRS9kLkqk8dhhxHFYvl_UKlOBR4w; refresh_token=c2609a03037b1e028c7a81f866039935ac9107071711e9a19e1a364265bc339ddf20feb840ed811d","dnt":"1","host":"localhost:3001","origin":"http://localhost:5173","referer":"http://localhost:5173/","sec-ch-ua":"\"Chromium\";v=\"148\", \"Google Chrome\";v=\"148\", \"Not/A)Brand\";v=\"99\"","sec-ch-ua-mobile":"?0","sec-ch-ua-platform":"\"Windows\"","sec-fetch-dest":"empty","sec-fetch-mode":"cors","sec-fetch-site":"same-site","user-agent":"Mozilla/5.0 (Windows NT 10.0; Win64; x64) AppleWebKit/537.36 (KHTML, like Gecko) Chrome/148.0.0.0 Safari/537.36"},"level":"error","message":"invalid input syntax for type uuid: \"t-001\"","method":"GET","orgId":null,"path":"/api/v1/tickets/t-001/comments","stack":"error: invalid input syntax for type uuid: \"t-001\"\n    at C:\\Users\\MohitVerma\\Documents\\Live Assignments\\CubastionNexus\\backend\\node_modules\\pg-pool\\index.js:45:11\n    at process.processTicksAndRejections (node:internal/process/task_queues:105:5)\n    at async query (C:\\Users\\MohitVerma\\Documents\\Live Assignments\\CubastionNexus\\backend\\src\\config\\database.js:43:20)\n    at async assertTicketAccess (C:\\Users\\MohitVerma\\Documents\\Live Assignments\\CubastionNexus\\backend\\src\\services\\comments.service.js:10:15)\n    at async Object.getComments (C:\\Users\\MohitVerma\\Documents\\Live Assignments\\CubastionNexus\\backend\\src\\services\\comments.service.js:21:3)\n    at async getComments (C:\\Users\\MohitVerma\\Documents\\Live Assignments\\CubastionNexus\\backend\\src\\controllers\\comments.controller.js:6:22)","timestamp":"2026-06-05 13:47:53","userId":"60104dea-6774-4982-a973-4dfee4c634e8"}
{"duration":"1ms","level":"error","message":"invalid input syntax for type uuid: \"t-001\"","timestamp":"2026-06-05 13:47:53"}
{"headers":{"accept":"application/json, text/plain, */*","accept-encoding":"gzip, deflate, br, zstd","accept-language":"en-GB,en-US;q=0.9,en;q=0.8","connection":"keep-alive","cookie":"access_token=eyJhbGciOiJIUzI1NiIsInR5cCI6IkpXVCJ9.eyJzdWIiOiI2MDEwNGRlYS02Nzc0LTQ5ODItYTk3My00ZGZlZTRjNjM0ZTgiLCJyb2xlIjoiYWRtaW4iLCJvcmdJZCI6bnVsbCwiaWF0IjoxNzgwNjQ3Mzg5LCJleHAiOjE3ODA2NTA5ODl9.Hm7KZhrIQbrTsW-vRS9kLkqk8dhhxHFYvl_UKlOBR4w; refresh_token=c2609a03037b1e028c7a81f866039935ac9107071711e9a19e1a364265bc339ddf20feb840ed811d","dnt":"1","host":"localhost:3001","origin":"http://localhost:5173","referer":"http://localhost:5173/","sec-ch-ua":"\"Chromium\";v=\"148\", \"Google Chrome\";v=\"148\", \"Not/A)Brand\";v=\"99\"","sec-ch-ua-mobile":"?0","sec-ch-ua-platform":"\"Windows\"","sec-fetch-dest":"empty","sec-fetch-mode":"cors","sec-fetch-site":"same-site","user-agent":"Mozilla/5.0 (Windows NT 10.0; Win64; x64) AppleWebKit/537.36 (KHTML, like Gecko) Chrome/148.0.0.0 Safari/537.36"},"level":"error","message":"invalid input syntax for type uuid: \"t-001\"","method":"GET","orgId":null,"path":"/api/v1/tickets/t-001","stack":"error: invalid input syntax for type uuid: \"t-001\"\n    at C:\\Users\\MohitVerma\\Documents\\Live Assignments\\CubastionNexus\\backend\\node_modules\\pg-pool\\index.js:45:11\n    at process.processTicksAndRejections (node:internal/process/task_queues:105:5)\n    at async query (C:\\Users\\MohitVerma\\Documents\\Live Assignments\\CubastionNexus\\backend\\src\\config\\database.js:43:20)\n    at async Object.getTicket (C:\\Users\\MohitVerma\\Documents\\Live Assignments\\CubastionNexus\\backend\\src\\services\\tickets.service.js:79:18)\n    at async getTicket (C:\\Users\\MohitVerma\\Documents\\Live Assignments\\CubastionNexus\\backend\\src\\controllers\\tickets.controller.js:26:20)","timestamp":"2026-06-05 13:47:53","userId":"60104dea-6774-4982-a973-4dfee4c634e8"}
{"duration":"1ms","level":"error","message":"invalid input syntax for type uuid: \"t-001\"","timestamp":"2026-06-05 13:47:54"}
{"headers":{"accept":"application/json, text/plain, */*","accept-encoding":"gzip, deflate, br, zstd","accept-language":"en-GB,en-US;q=0.9,en;q=0.8","connection":"keep-alive","cookie":"access_token=eyJhbGciOiJIUzI1NiIsInR5cCI6IkpXVCJ9.eyJzdWIiOiI2MDEwNGRlYS02Nzc0LTQ5ODItYTk3My00ZGZlZTRjNjM0ZTgiLCJyb2xlIjoiYWRtaW4iLCJvcmdJZCI6bnVsbCwiaWF0IjoxNzgwNjQ3Mzg5LCJleHAiOjE3ODA2NTA5ODl9.Hm7KZhrIQbrTsW-vRS9kLkqk8dhhxHFYvl_UKlOBR4w; refresh_token=c2609a03037b1e028c7a81f866039935ac9107071711e9a19e1a364265bc339ddf20feb840ed811d","dnt":"1","host":"localhost:3001","origin":"http://localhost:5173","referer":"http://localhost:5173/","sec-ch-ua":"\"Chromium\";v=\"148\", \"Google Chrome\";v=\"148\", \"Not/A)Brand\";v=\"99\"","sec-ch-ua-mobile":"?0","sec-ch-ua-platform":"\"Windows\"","sec-fetch-dest":"empty","sec-fetch-mode":"cors","sec-fetch-site":"same-site","user-agent":"Mozilla/5.0 (Windows NT 10.0; Win64; x64) AppleWebKit/537.36 (KHTML, like Gecko) Chrome/148.0.0.0 Safari/537.36"},"level":"error","message":"invalid input syntax for type uuid: \"t-001\"","method":"GET","orgId":null,"path":"/api/v1/tickets/t-001/comments","stack":"error: invalid input syntax for type uuid: \"t-001\"\n    at C:\\Users\\MohitVerma\\Documents\\Live Assignments\\CubastionNexus\\backend\\node_modules\\pg-pool\\index.js:45:11\n    at process.processTicksAndRejections (node:internal/process/task_queues:105:5)\n    at async query (C:\\Users\\MohitVerma\\Documents\\Live Assignments\\CubastionNexus\\backend\\src\\config\\database.js:43:20)\n    at async assertTicketAccess (C:\\Users\\MohitVerma\\Documents\\Live Assignments\\CubastionNexus\\backend\\src\\services\\comments.service.js:10:15)\n    at async Object.getComments (C:\\Users\\MohitVerma\\Documents\\Live Assignments\\CubastionNexus\\backend\\src\\services\\comments.service.js:21:3)\n    at async getComments (C:\\Users\\MohitVerma\\Documents\\Live Assignments\\CubastionNexus\\backend\\src\\controllers\\comments.controller.js:6:22)","timestamp":"2026-06-05 13:47:54","userId":"60104dea-6774-4982-a973-4dfee4c634e8"}
{"duration":"3ms","level":"error","message":"invalid input syntax for type uuid: \"t-001\"","timestamp":"2026-06-05 13:47:54"}
{"headers":{"accept":"application/json, text/plain, */*","accept-encoding":"gzip, deflate, br, zstd","accept-language":"en-GB,en-US;q=0.9,en;q=0.8","connection":"keep-alive","cookie":"access_token=eyJhbGciOiJIUzI1NiIsInR5cCI6IkpXVCJ9.eyJzdWIiOiI2MDEwNGRlYS02Nzc0LTQ5ODItYTk3My00ZGZlZTRjNjM0ZTgiLCJyb2xlIjoiYWRtaW4iLCJvcmdJZCI6bnVsbCwiaWF0IjoxNzgwNjQ3Mzg5LCJleHAiOjE3ODA2NTA5ODl9.Hm7KZhrIQbrTsW-vRS9kLkqk8dhhxHFYvl_UKlOBR4w; refresh_token=c2609a03037b1e028c7a81f866039935ac9107071711e9a19e1a364265bc339ddf20feb840ed811d","dnt":"1","host":"localhost:3001","origin":"http://localhost:5173","referer":"http://localhost:5173/","sec-ch-ua":"\"Chromium\";v=\"148\", \"Google Chrome\";v=\"148\", \"Not/A)Brand\";v=\"99\"","sec-ch-ua-mobile":"?0","sec-ch-ua-platform":"\"Windows\"","sec-fetch-dest":"empty","sec-fetch-mode":"cors","sec-fetch-site":"same-site","user-agent":"Mozilla/5.0 (Windows NT 10.0; Win64; x64) AppleWebKit/537.36 (KHTML, like Gecko) Chrome/148.0.0.0 Safari/537.36"},"level":"error","message":"invalid input syntax for type uuid: \"t-001\"","method":"GET","orgId":null,"path":"/api/v1/tickets/t-001","stack":"error: invalid input syntax for type uuid: \"t-001\"\n    at C:\\Users\\MohitVerma\\Documents\\Live Assignments\\CubastionNexus\\backend\\node_modules\\pg-pool\\index.js:45:11\n    at process.processTicksAndRejections (node:internal/process/task_queues:105:5)\n    at async query (C:\\Users\\MohitVerma\\Documents\\Live Assignments\\CubastionNexus\\backend\\src\\config\\database.js:43:20)\n    at async Object.getTicket (C:\\Users\\MohitVerma\\Documents\\Live Assignments\\CubastionNexus\\backend\\src\\services\\tickets.service.js:79:18)\n    at async getTicket (C:\\Users\\MohitVerma\\Documents\\Live Assignments\\CubastionNexus\\backend\\src\\controllers\\tickets.controller.js:26:20)","timestamp":"2026-06-05 13:47:54","userId":"60104dea-6774-4982-a973-4dfee4c634e8"}
{"level":"info","message":"SLA check: no breaches or warnings","timestamp":"2026-06-05 14:00:00"}
{"level":"info","message":"Email sent","subject":"[CUB-00003] Your ticket has been received","timestamp":"2026-06-05 14:04:32","to":"diksha.sharma@cubastion.com"}
{"duration":"3ms","level":"error","message":"invalid input syntax for type uuid: \"t-001\"","timestamp":"2026-06-05 14:06:30"}
{"headers":{"accept":"application/json, text/plain, */*","accept-encoding":"gzip, deflate, br, zstd","accept-language":"en-GB,en-US;q=0.9,en;q=0.8","connection":"keep-alive","cookie":"access_token=eyJhbGciOiJIUzI1NiIsInR5cCI6IkpXVCJ9.eyJzdWIiOiI2MDEwNGRlYS02Nzc0LTQ5ODItYTk3My00ZGZlZTRjNjM0ZTgiLCJyb2xlIjoiYWRtaW4iLCJvcmdJZCI6bnVsbCwiaWF0IjoxNzgwNjQ4NTgxLCJleHAiOjE3ODA2NTIxODF9.oZn3LpYs2ESYGGObD5HR0ctQ4VvfAtMHQ8-ESuvUt7o; refresh_token=fd10e7f7542c2a50519b4b3480f6b554067f9d0e7e979c1f3d40ebec8d80fbd66405fe119e6d522e","dnt":"1","host":"localhost:3001","origin":"http://localhost:5173","referer":"http://localhost:5173/","sec-ch-ua":"\"Chromium\";v=\"148\", \"Google Chrome\";v=\"148\", \"Not/A)Brand\";v=\"99\"","sec-ch-ua-mobile":"?0","sec-ch-ua-platform":"\"Windows\"","sec-fetch-dest":"empty","sec-fetch-mode":"cors","sec-fetch-site":"same-site","user-agent":"Mozilla/5.0 (Windows NT 10.0; Win64; x64) AppleWebKit/537.36 (KHTML, like Gecko) Chrome/148.0.0.0 Safari/537.36"},"level":"error","message":"invalid input syntax for type uuid: \"t-001\"","method":"GET","orgId":null,"path":"/api/v1/tickets/t-001","stack":"error: invalid input syntax for type uuid: \"t-001\"\n    at C:\\Users\\MohitVerma\\Documents\\Live Assignments\\CubastionNexus\\backend\\node_modules\\pg-pool\\index.js:45:11\n    at process.processTicksAndRejections (node:internal/process/task_queues:105:5)\n    at async query (C:\\Users\\MohitVerma\\Documents\\Live Assignments\\CubastionNexus\\backend\\src\\config\\database.js:43:20)\n    at async Object.getTicket (C:\\Users\\MohitVerma\\Documents\\Live Assignments\\CubastionNexus\\backend\\src\\services\\tickets.service.js:79:18)\n    at async getTicket (C:\\Users\\MohitVerma\\Documents\\Live Assignments\\CubastionNexus\\backend\\src\\controllers\\tickets.controller.js:26:20)","timestamp":"2026-06-05 14:06:30","userId":"60104dea-6774-4982-a973-4dfee4c634e8"}
{"duration":"3ms","level":"error","message":"invalid input syntax for type uuid: \"t-001\"","timestamp":"2026-06-05 14:06:30"}
{"headers":{"accept":"application/json, text/plain, */*","accept-encoding":"gzip, deflate, br, zstd","accept-language":"en-GB,en-US;q=0.9,en;q=0.8","connection":"keep-alive","cookie":"access_token=eyJhbGciOiJIUzI1NiIsInR5cCI6IkpXVCJ9.eyJzdWIiOiI2MDEwNGRlYS02Nzc0LTQ5ODItYTk3My00ZGZlZTRjNjM0ZTgiLCJyb2xlIjoiYWRtaW4iLCJvcmdJZCI6bnVsbCwiaWF0IjoxNzgwNjQ4NTgxLCJleHAiOjE3ODA2NTIxODF9.oZn3LpYs2ESYGGObD5HR0ctQ4VvfAtMHQ8-ESuvUt7o; refresh_token=fd10e7f7542c2a50519b4b3480f6b554067f9d0e7e979c1f3d40ebec8d80fbd66405fe119e6d522e","dnt":"1","host":"localhost:3001","origin":"http://localhost:5173","referer":"http://localhost:5173/","sec-ch-ua":"\"Chromium\";v=\"148\", \"Google Chrome\";v=\"148\", \"Not/A)Brand\";v=\"99\"","sec-ch-ua-mobile":"?0","sec-ch-ua-platform":"\"Windows\"","sec-fetch-dest":"empty","sec-fetch-mode":"cors","sec-fetch-site":"same-site","user-agent":"Mozilla/5.0 (Windows NT 10.0; Win64; x64) AppleWebKit/537.36 (KHTML, like Gecko) Chrome/148.0.0.0 Safari/537.36"},"level":"error","message":"invalid input syntax for type uuid: \"t-001\"","method":"GET","orgId":null,"path":"/api/v1/tickets/t-001/comments","stack":"error: invalid input syntax for type uuid: \"t-001\"\n    at C:\\Users\\MohitVerma\\Documents\\Live Assignments\\CubastionNexus\\backend\\node_modules\\pg-pool\\index.js:45:11\n    at process.processTicksAndRejections (node:internal/process/task_queues:105:5)\n    at async query (C:\\Users\\MohitVerma\\Documents\\Live Assignments\\CubastionNexus\\backend\\src\\config\\database.js:43:20)\n    at async assertTicketAccess (C:\\Users\\MohitVerma\\Documents\\Live Assignments\\CubastionNexus\\backend\\src\\services\\comments.service.js:10:15)\n    at async Object.getComments (C:\\Users\\MohitVerma\\Documents\\Live Assignments\\CubastionNexus\\backend\\src\\services\\comments.service.js:21:3)\n    at async getComments (C:\\Users\\MohitVerma\\Documents\\Live Assignments\\CubastionNexus\\backend\\src\\controllers\\comments.controller.js:6:22)","timestamp":"2026-06-05 14:06:30","userId":"60104dea-6774-4982-a973-4dfee4c634e8"}
{"duration":"2ms","level":"error","message":"invalid input syntax for type uuid: \"t-001\"","timestamp":"2026-06-05 14:06:31"}
{"headers":{"accept":"application/json, text/plain, */*","accept-encoding":"gzip, deflate, br, zstd","accept-language":"en-GB,en-US;q=0.9,en;q=0.8","connection":"keep-alive","cookie":"access_token=eyJhbGciOiJIUzI1NiIsInR5cCI6IkpXVCJ9.eyJzdWIiOiI2MDEwNGRlYS02Nzc0LTQ5ODItYTk3My00ZGZlZTRjNjM0ZTgiLCJyb2xlIjoiYWRtaW4iLCJvcmdJZCI6bnVsbCwiaWF0IjoxNzgwNjQ4NTgxLCJleHAiOjE3ODA2NTIxODF9.oZn3LpYs2ESYGGObD5HR0ctQ4VvfAtMHQ8-ESuvUt7o; refresh_token=fd10e7f7542c2a50519b4b3480f6b554067f9d0e7e979c1f3d40ebec8d80fbd66405fe119e6d522e","dnt":"1","host":"localhost:3001","origin":"http://localhost:5173","referer":"http://localhost:5173/","sec-ch-ua":"\"Chromium\";v=\"148\", \"Google Chrome\";v=\"148\", \"Not/A)Brand\";v=\"99\"","sec-ch-ua-mobile":"?0","sec-ch-ua-platform":"\"Windows\"","sec-fetch-dest":"empty","sec-fetch-mode":"cors","sec-fetch-site":"same-site","user-agent":"Mozilla/5.0 (Windows NT 10.0; Win64; x64) AppleWebKit/537.36 (KHTML, like Gecko) Chrome/148.0.0.0 Safari/537.36"},"level":"error","message":"invalid input syntax for type uuid: \"t-001\"","method":"GET","orgId":null,"path":"/api/v1/tickets/t-001","stack":"error: invalid input syntax for type uuid: \"t-001\"\n    at C:\\Users\\MohitVerma\\Documents\\Live Assignments\\CubastionNexus\\backend\\node_modules\\pg-pool\\index.js:45:11\n    at process.processTicksAndRejections (node:internal/process/task_queues:105:5)\n    at async query (C:\\Users\\MohitVerma\\Documents\\Live Assignments\\CubastionNexus\\backend\\src\\config\\database.js:43:20)\n    at async Object.getTicket (C:\\Users\\MohitVerma\\Documents\\Live Assignments\\CubastionNexus\\backend\\src\\services\\tickets.service.js:79:18)\n    at async getTicket (C:\\Users\\MohitVerma\\Documents\\Live Assignments\\CubastionNexus\\backend\\src\\controllers\\tickets.controller.js:26:20)","timestamp":"2026-06-05 14:06:31","userId":"60104dea-6774-4982-a973-4dfee4c634e8"}
{"duration":"4ms","level":"error","message":"invalid input syntax for type uuid: \"t-001\"","timestamp":"2026-06-05 14:06:31"}
{"headers":{"accept":"application/json, text/plain, */*","accept-encoding":"gzip, deflate, br, zstd","accept-language":"en-GB,en-US;q=0.9,en;q=0.8","connection":"keep-alive","cookie":"access_token=eyJhbGciOiJIUzI1NiIsInR5cCI6IkpXVCJ9.eyJzdWIiOiI2MDEwNGRlYS02Nzc0LTQ5ODItYTk3My00ZGZlZTRjNjM0ZTgiLCJyb2xlIjoiYWRtaW4iLCJvcmdJZCI6bnVsbCwiaWF0IjoxNzgwNjQ4NTgxLCJleHAiOjE3ODA2NTIxODF9.oZn3LpYs2ESYGGObD5HR0ctQ4VvfAtMHQ8-ESuvUt7o; refresh_token=fd10e7f7542c2a50519b4b3480f6b554067f9d0e7e979c1f3d40ebec8d80fbd66405fe119e6d522e","dnt":"1","host":"localhost:3001","origin":"http://localhost:5173","referer":"http://localhost:5173/","sec-ch-ua":"\"Chromium\";v=\"148\", \"Google Chrome\";v=\"148\", \"Not/A)Brand\";v=\"99\"","sec-ch-ua-mobile":"?0","sec-ch-ua-platform":"\"Windows\"","sec-fetch-dest":"empty","sec-fetch-mode":"cors","sec-fetch-site":"same-site","user-agent":"Mozilla/5.0 (Windows NT 10.0; Win64; x64) AppleWebKit/537.36 (KHTML, like Gecko) Chrome/148.0.0.0 Safari/537.36"},"level":"error","message":"invalid input syntax for type uuid: \"t-001\"","method":"GET","orgId":null,"path":"/api/v1/tickets/t-001/comments","stack":"error: invalid input syntax for type uuid: \"t-001\"\n    at C:\\Users\\MohitVerma\\Documents\\Live Assignments\\CubastionNexus\\backend\\node_modules\\pg-pool\\index.js:45:11\n    at process.processTicksAndRejections (node:internal/process/task_queues:105:5)\n    at async query (C:\\Users\\MohitVerma\\Documents\\Live Assignments\\CubastionNexus\\backend\\src\\config\\database.js:43:20)\n    at async assertTicketAccess (C:\\Users\\MohitVerma\\Documents\\Live Assignments\\CubastionNexus\\backend\\src\\services\\comments.service.js:10:15)\n    at async Object.getComments (C:\\Users\\MohitVerma\\Documents\\Live Assignments\\CubastionNexus\\backend\\src\\services\\comments.service.js:21:3)\n    at async getComments (C:\\Users\\MohitVerma\\Documents\\Live Assignments\\CubastionNexus\\backend\\src\\controllers\\comments.controller.js:6:22)","timestamp":"2026-06-05 14:06:31","userId":"60104dea-6774-4982-a973-4dfee4c634e8"}
{"level":"info","message":"SLA check: no breaches or warnings","timestamp":"2026-06-05 14:15:00"}
{"level":"info","message":"Database connection verified","timestamp":"2026-06-05 14:21:20"}
{"level":"info","message":"SLA check job started (every 15 minutes)","timestamp":"2026-06-05 14:21:20"}
{"level":"info","message":"Server running on http://localhost:3001 [development]","timestamp":"2026-06-05 14:21:20"}
{"database":"nexusDev","host":"localhost","level":"info","message":"Database connection established","timestamp":"2026-06-05 14:21:20"}
{"level":"info","message":"SLA check: no breaches or warnings","timestamp":"2026-06-05 14:21:20"}
{"level":"info","message":"Email sent","subject":"[CUB-00004] Your ticket has been received","timestamp":"2026-06-05 14:22:41","to":"varun.ahuja@cubastion.com"}
{"level":"info","message":"SLA check: no breaches or warnings","timestamp":"2026-06-05 14:30:00"}
{"level":"info","message":"Database connection verified","timestamp":"2026-06-05 14:38:35"}
{"level":"info","message":"SLA check job started (every 15 minutes)","timestamp":"2026-06-05 14:38:35"}
{"level":"info","message":"Server running on http://localhost:3001 [development]","timestamp":"2026-06-05 14:38:35"}
{"database":"nexusDev","host":"localhost","level":"info","message":"Database connection established","timestamp":"2026-06-05 14:38:35"}
{"level":"info","message":"SLA check: no breaches or warnings","timestamp":"2026-06-05 14:38:35"}
{"database":"nexusDev","host":"localhost","level":"info","message":"Database connection established","timestamp":"2026-06-05 14:38:40"}
{"level":"info","message":"Database connection verified","timestamp":"2026-06-05 14:38:40"}
{"level":"info","message":"SLA check job started (every 15 minutes)","timestamp":"2026-06-05 14:38:40"}
{"level":"info","message":"Server running on http://localhost:3001 [development]","timestamp":"2026-06-05 14:38:40"}
{"level":"info","message":"SLA check: no breaches or warnings","timestamp":"2026-06-05 14:38:40"}
{"database":"nexusDev","host":"localhost","level":"info","message":"Database connection established","timestamp":"2026-06-05 14:38:46"}
{"level":"info","message":"Database connection verified","timestamp":"2026-06-05 14:38:46"}
{"level":"info","message":"SLA check job started (every 15 minutes)","timestamp":"2026-06-05 14:38:46"}
{"level":"info","message":"Server running on http://localhost:3001 [development]","timestamp":"2026-06-05 14:38:46"}
{"level":"info","message":"SLA check: no breaches or warnings","timestamp":"2026-06-05 14:38:46"}
{"database":"nexusDev","host":"localhost","level":"info","message":"Database connection established","timestamp":"2026-06-05 14:38:47"}
{"level":"info","message":"Database connection verified","timestamp":"2026-06-05 14:38:47"}
{"level":"info","message":"SLA check job started (every 15 minutes)","timestamp":"2026-06-05 14:38:47"}
{"level":"info","message":"Server running on http://localhost:3001 [development]","timestamp":"2026-06-05 14:38:47"}
{"level":"info","message":"SLA check: no breaches or warnings","timestamp":"2026-06-05 14:38:47"}
{"level":"info","message":"Database connection verified","timestamp":"2026-06-05 14:39:03"}
{"level":"info","message":"SLA check job started (every 15 minutes)","timestamp":"2026-06-05 14:39:03"}
{"level":"info","message":"Server running on http://localhost:3001 [development]","timestamp":"2026-06-05 14:39:03"}
{"database":"nexusDev","host":"localhost","level":"info","message":"Database connection established","timestamp":"2026-06-05 14:39:03"}
{"level":"info","message":"SLA check: no breaches or warnings","timestamp":"2026-06-05 14:39:03"}
{"level":"info","message":"Email sent","subject":"[CUB-00004] New reply on your ticket","timestamp":"2026-06-05 14:41:23","to":"varun.ahuja@cubastion.com"}
{"level":"info","message":"SLA check: no breaches or warnings","timestamp":"2026-06-05 14:45:00"}
{"level":"info","message":"SLA check: no breaches or warnings","timestamp":"2026-06-05 15:00:00"}
{"database":"nexusDev","host":"localhost","level":"info","message":"Database connection established","timestamp":"2026-06-05 15:00:26"}
{"level":"info","message":"Database connection verified","timestamp":"2026-06-05 15:00:26"}
{"level":"info","message":"SLA check job started (every 15 minutes)","timestamp":"2026-06-05 15:00:26"}
{"level":"info","message":"Server running on http://localhost:3001 [development]","timestamp":"2026-06-05 15:00:26"}
{"level":"info","message":"SLA check: no breaches or warnings","timestamp":"2026-06-05 15:00:26"}
{"database":"nexusDev","host":"localhost","level":"info","message":"Database connection established","timestamp":"2026-06-05 15:01:09"}
{"level":"info","message":"Database connection verified","timestamp":"2026-06-05 15:01:09"}
{"level":"info","message":"SLA check job started (every 15 minutes)","timestamp":"2026-06-05 15:01:09"}
{"level":"info","message":"Server running on http://localhost:3001 [development]","timestamp":"2026-06-05 15:01:09"}
{"level":"info","message":"SLA check: no breaches or warnings","timestamp":"2026-06-05 15:01:09"}
{"database":"nexusDev","host":"localhost","level":"info","message":"Database connection established","timestamp":"2026-06-05 15:01:13"}
{"level":"info","message":"Database connection verified","timestamp":"2026-06-05 15:01:13"}
{"level":"info","message":"SLA check job started (every 15 minutes)","timestamp":"2026-06-05 15:01:13"}
{"level":"info","message":"Server running on http://localhost:3001 [development]","timestamp":"2026-06-05 15:01:13"}
{"level":"info","message":"SLA check: no breaches or warnings","timestamp":"2026-06-05 15:01:13"}
{"database":"nexusDev","host":"localhost","level":"info","message":"Database connection established","timestamp":"2026-06-05 15:01:26"}
{"level":"info","message":"Database connection verified","timestamp":"2026-06-05 15:01:26"}
{"level":"info","message":"SLA check job started (every 15 minutes)","timestamp":"2026-06-05 15:01:26"}
{"level":"info","message":"Server running on http://localhost:3001 [development]","timestamp":"2026-06-05 15:01:26"}
{"level":"info","message":"SLA check: no breaches or warnings","timestamp":"2026-06-05 15:01:26"}
{"database":"nexusDev","host":"localhost","level":"info","message":"Database connection established","timestamp":"2026-06-05 15:01:31"}
{"level":"info","message":"Database connection verified","timestamp":"2026-06-05 15:01:31"}
{"level":"info","message":"SLA check job started (every 15 minutes)","timestamp":"2026-06-05 15:01:31"}
{"level":"info","message":"Server running on http://localhost:3001 [development]","timestamp":"2026-06-05 15:01:31"}
{"level":"info","message":"SLA check: no breaches or warnings","timestamp":"2026-06-05 15:01:31"}
{"database":"nexusDev","host":"localhost","level":"info","message":"Database connection established","timestamp":"2026-06-05 15:01:35"}
{"level":"info","message":"Database connection verified","timestamp":"2026-06-05 15:01:35"}
{"level":"info","message":"SLA check job started (every 15 minutes)","timestamp":"2026-06-05 15:01:35"}
{"level":"info","message":"Server running on http://localhost:3001 [development]","timestamp":"2026-06-05 15:01:35"}
{"level":"info","message":"SLA check: no breaches or warnings","timestamp":"2026-06-05 15:01:35"}
{"level":"info","message":"Database connection verified","timestamp":"2026-06-05 15:01:40"}
{"level":"info","message":"SLA check job started (every 15 minutes)","timestamp":"2026-06-05 15:01:40"}
{"level":"info","message":"Server running on http://localhost:3001 [development]","timestamp":"2026-06-05 15:01:40"}
{"database":"nexusDev","host":"localhost","level":"info","message":"Database connection established","timestamp":"2026-06-05 15:01:40"}
{"level":"info","message":"SLA check: no breaches or warnings","timestamp":"2026-06-05 15:01:40"}
{"duration":"5ms","level":"error","message":"column \"read_at\" does not exist","timestamp":"2026-06-05 15:02:07"}
{"headers":{"accept":"application/json, text/plain, */*","accept-encoding":"gzip, deflate, br, zstd","accept-language":"en-GB,en;q=0.9","connection":"keep-alive","cookie":"access_token=eyJhbGciOiJIUzI1NiIsInR5cCI6IkpXVCJ9.eyJzdWIiOiJjMjYzYmQ2OC1kNjRiLTQ0YTAtOTg0NC1jMjY1ODNiNDM4MWIiLCJyb2xlIjoiYWdlbnQiLCJvcmdJZCI6bnVsbCwiaWF0IjoxNzgwNjUwNjQ0LCJleHAiOjE3ODA2NTQyNDR9.8vcEde1Sc-GPR3uybi_E-p8diXffYQXXtJYBQjRahvo; refresh_token=77d53d71ef076e48e7f208852f3ffa5198c99f50df538ad777c7401fb890175ddcbe7f09e617aade","dnt":"1","host":"localhost:3001","origin":"http://localhost:5173","referer":"http://localhost:5173/","sec-ch-ua":"\"Chromium\";v=\"148\", \"Google Chrome\";v=\"148\", \"Not/A)Brand\";v=\"99\"","sec-ch-ua-mobile":"?0","sec-ch-ua-platform":"\"Windows\"","sec-fetch-dest":"empty","sec-fetch-mode":"cors","sec-fetch-site":"same-site","user-agent":"Mozilla/5.0 (Windows NT 10.0; Win64; x64) AppleWebKit/537.36 (KHTML, like Gecko) Chrome/148.0.0.0 Safari/537.36"},"level":"error","message":"column \"read_at\" does not exist","method":"GET","orgId":null,"path":"/api/v1/notifications/unread-count","stack":"error: column \"read_at\" does not exist\n    at C:\\Users\\MohitVerma\\Documents\\Live Assignments\\CubastionNexus\\backend\\node_modules\\pg-pool\\index.js:45:11\n    at process.processTicksAndRejections (node:internal/process/task_queues:105:5)\n    at async query (C:\\Users\\MohitVerma\\Documents\\Live Assignments\\CubastionNexus\\backend\\src\\config\\database.js:43:20)\n    at async getUnreadCount (C:\\Users\\MohitVerma\\Documents\\Live Assignments\\CubastionNexus\\backend\\src\\controllers\\notifications.controller.js:46:20)","timestamp":"2026-06-05 15:02:07","userId":"c263bd68-d64b-44a0-9844-c26583b4381b"}
{"duration":"1ms","level":"error","message":"column \"read_at\" does not exist","timestamp":"2026-06-05 15:02:08"}
{"headers":{"accept":"application/json, text/plain, */*","accept-encoding":"gzip, deflate, br, zstd","accept-language":"en-GB,en-US;q=0.9,en;q=0.8","connection":"keep-alive","cookie":"access_token=eyJhbGciOiJIUzI1NiIsInR5cCI6IkpXVCJ9.eyJzdWIiOiJjMWZmZDg3My05MDhlLTQ5MWItYjBjYS1jNzUzMjE1NzlhODIiLCJyb2xlIjoiY3VzdG9tZXIiLCJvcmdJZCI6IjVhNjcyOWQyLWI4YjQtNGZjYi1iZjhkLWExNDMwZWQwMjU5YyIsImlhdCI6MTc4MDY0OTQ5OSwiZXhwIjoxNzgwNjUzMDk5fQ.RUWG4Gv-E9MyXN3d51QdMGmMWKZLFSMJ99mDFJsAtwU; refresh_token=6a573aa0fa7f9cb407addd69ddca52fcea5941673dcf333888378131b49a2ffaba443949519b80f8","dnt":"1","host":"localhost:3001","origin":"http://localhost:5173","referer":"http://localhost:5173/","sec-ch-ua":"\"Chromium\";v=\"148\", \"Google Chrome\";v=\"148\", \"Not/A)Brand\";v=\"99\"","sec-ch-ua-mobile":"?0","sec-ch-ua-platform":"\"Windows\"","sec-fetch-dest":"empty","sec-fetch-mode":"cors","sec-fetch-site":"same-site","user-agent":"Mozilla/5.0 (Windows NT 10.0; Win64; x64) AppleWebKit/537.36 (KHTML, like Gecko) Chrome/148.0.0.0 Safari/537.36"},"level":"error","message":"column \"read_at\" does not exist","method":"GET","orgId":"5a6729d2-b8b4-4fcb-bf8d-a1430ed0259c","path":"/api/v1/notifications/unread-count","stack":"error: column \"read_at\" does not exist\n    at C:\\Users\\MohitVerma\\Documents\\Live Assignments\\CubastionNexus\\backend\\node_modules\\pg-pool\\index.js:45:11\n    at process.processTicksAndRejections (node:internal/process/task_queues:105:5)\n    at async query (C:\\Users\\MohitVerma\\Documents\\Live Assignments\\CubastionNexus\\backend\\src\\config\\database.js:43:20)\n    at async getUnreadCount (C:\\Users\\MohitVerma\\Documents\\Live Assignments\\CubastionNexus\\backend\\src\\controllers\\notifications.controller.js:46:20)","timestamp":"2026-06-05 15:02:08","userId":"c1ffd873-908e-491b-b0ca-c75321579a82"}
{"duration":"2ms","level":"error","message":"column \"read_at\" does not exist","timestamp":"2026-06-05 15:02:08"}
{"headers":{"accept":"application/json, text/plain, */*","accept-encoding":"gzip, deflate, br, zstd","accept-language":"en-GB,en;q=0.9","connection":"keep-alive","cookie":"access_token=eyJhbGciOiJIUzI1NiIsInR5cCI6IkpXVCJ9.eyJzdWIiOiJjMjYzYmQ2OC1kNjRiLTQ0YTAtOTg0NC1jMjY1ODNiNDM4MWIiLCJyb2xlIjoiYWdlbnQiLCJvcmdJZCI6bnVsbCwiaWF0IjoxNzgwNjUwNjQ0LCJleHAiOjE3ODA2NTQyNDR9.8vcEde1Sc-GPR3uybi_E-p8diXffYQXXtJYBQjRahvo; refresh_token=77d53d71ef076e48e7f208852f3ffa5198c99f50df538ad777c7401fb890175ddcbe7f09e617aade","dnt":"1","host":"localhost:3001","origin":"http://localhost:5173","referer":"http://localhost:5173/","sec-ch-ua":"\"Chromium\";v=\"148\", \"Google Chrome\";v=\"148\", \"Not/A)Brand\";v=\"99\"","sec-ch-ua-mobile":"?0","sec-ch-ua-platform":"\"Windows\"","sec-fetch-dest":"empty","sec-fetch-mode":"cors","sec-fetch-site":"same-site","user-agent":"Mozilla/5.0 (Windows NT 10.0; Win64; x64) AppleWebKit/537.36 (KHTML, like Gecko) Chrome/148.0.0.0 Safari/537.36"},"level":"error","message":"column \"read_at\" does not exist","method":"GET","orgId":null,"path":"/api/v1/notifications/unread-count","stack":"error: column \"read_at\" does not exist\n    at C:\\Users\\MohitVerma\\Documents\\Live Assignments\\CubastionNexus\\backend\\node_modules\\pg-pool\\index.js:45:11\n    at process.processTicksAndRejections (node:internal/process/task_queues:105:5)\n    at async query (C:\\Users\\MohitVerma\\Documents\\Live Assignments\\CubastionNexus\\backend\\src\\config\\database.js:43:20)\n    at async getUnreadCount (C:\\Users\\MohitVerma\\Documents\\Live Assignments\\CubastionNexus\\backend\\src\\controllers\\notifications.controller.js:46:20)","timestamp":"2026-06-05 15:02:08","userId":"c263bd68-d64b-44a0-9844-c26583b4381b"}
{"duration":"1ms","level":"error","message":"column \"read_at\" does not exist","timestamp":"2026-06-05 15:02:21"}
{"headers":{"accept":"application/json, text/plain, */*","accept-encoding":"gzip, deflate, br, zstd","accept-language":"en-GB,en-US;q=0.9,en;q=0.8","connection":"keep-alive","cookie":"access_token=eyJhbGciOiJIUzI1NiIsInR5cCI6IkpXVCJ9.eyJzdWIiOiJjMWZmZDg3My05MDhlLTQ5MWItYjBjYS1jNzUzMjE1NzlhODIiLCJyb2xlIjoiY3VzdG9tZXIiLCJvcmdJZCI6IjVhNjcyOWQyLWI4YjQtNGZjYi1iZjhkLWExNDMwZWQwMjU5YyIsImlhdCI6MTc4MDY0OTQ5OSwiZXhwIjoxNzgwNjUzMDk5fQ.RUWG4Gv-E9MyXN3d51QdMGmMWKZLFSMJ99mDFJsAtwU; refresh_token=6a573aa0fa7f9cb407addd69ddca52fcea5941673dcf333888378131b49a2ffaba443949519b80f8","dnt":"1","host":"localhost:3001","origin":"http://localhost:5173","referer":"http://localhost:5173/","sec-ch-ua":"\"Chromium\";v=\"148\", \"Google Chrome\";v=\"148\", \"Not/A)Brand\";v=\"99\"","sec-ch-ua-mobile":"?0","sec-ch-ua-platform":"\"Windows\"","sec-fetch-dest":"empty","sec-fetch-mode":"cors","sec-fetch-site":"same-site","user-agent":"Mozilla/5.0 (Windows NT 10.0; Win64; x64) AppleWebKit/537.36 (KHTML, like Gecko) Chrome/148.0.0.0 Safari/537.36"},"level":"error","message":"column \"read_at\" does not exist","method":"GET","orgId":"5a6729d2-b8b4-4fcb-bf8d-a1430ed0259c","path":"/api/v1/notifications/unread-count","stack":"error: column \"read_at\" does not exist\n    at C:\\Users\\MohitVerma\\Documents\\Live Assignments\\CubastionNexus\\backend\\node_modules\\pg-pool\\index.js:45:11\n    at process.processTicksAndRejections (node:internal/process/task_queues:105:5)\n    at async query (C:\\Users\\MohitVerma\\Documents\\Live Assignments\\CubastionNexus\\backend\\src\\config\\database.js:43:20)\n    at async getUnreadCount (C:\\Users\\MohitVerma\\Documents\\Live Assignments\\CubastionNexus\\backend\\src\\controllers\\notifications.controller.js:46:20)","timestamp":"2026-06-05 15:02:21","userId":"c1ffd873-908e-491b-b0ca-c75321579a82"}
{"duration":"1ms","level":"error","message":"column \"read_at\" does not exist","timestamp":"2026-06-05 15:02:23"}
{"headers":{"accept":"application/json, text/plain, */*","accept-encoding":"gzip, deflate, br, zstd","accept-language":"en-GB,en;q=0.9","connection":"keep-alive","cookie":"access_token=eyJhbGciOiJIUzI1NiIsInR5cCI6IkpXVCJ9.eyJzdWIiOiJjMjYzYmQ2OC1kNjRiLTQ0YTAtOTg0NC1jMjY1ODNiNDM4MWIiLCJyb2xlIjoiYWdlbnQiLCJvcmdJZCI6bnVsbCwiaWF0IjoxNzgwNjUwNjQ0LCJleHAiOjE3ODA2NTQyNDR9.8vcEde1Sc-GPR3uybi_E-p8diXffYQXXtJYBQjRahvo; refresh_token=77d53d71ef076e48e7f208852f3ffa5198c99f50df538ad777c7401fb890175ddcbe7f09e617aade","dnt":"1","host":"localhost:3001","origin":"http://localhost:5173","referer":"http://localhost:5173/","sec-ch-ua":"\"Chromium\";v=\"148\", \"Google Chrome\";v=\"148\", \"Not/A)Brand\";v=\"99\"","sec-ch-ua-mobile":"?0","sec-ch-ua-platform":"\"Windows\"","sec-fetch-dest":"empty","sec-fetch-mode":"cors","sec-fetch-site":"same-site","user-agent":"Mozilla/5.0 (Windows NT 10.0; Win64; x64) AppleWebKit/537.36 (KHTML, like Gecko) Chrome/148.0.0.0 Safari/537.36"},"level":"error","message":"column \"read_at\" does not exist","method":"GET","orgId":null,"path":"/api/v1/notifications/unread-count","stack":"error: column \"read_at\" does not exist\n    at C:\\Users\\MohitVerma\\Documents\\Live Assignments\\CubastionNexus\\backend\\node_modules\\pg-pool\\index.js:45:11\n    at process.processTicksAndRejections (node:internal/process/task_queues:105:5)\n    at async query (C:\\Users\\MohitVerma\\Documents\\Live Assignments\\CubastionNexus\\backend\\src\\config\\database.js:43:20)\n    at async getUnreadCount (C:\\Users\\MohitVerma\\Documents\\Live Assignments\\CubastionNexus\\backend\\src\\controllers\\notifications.controller.js:46:20)","timestamp":"2026-06-05 15:02:23","userId":"c263bd68-d64b-44a0-9844-c26583b4381b"}
{"duration":"2ms","level":"error","message":"column \"read_at\" does not exist","timestamp":"2026-06-05 15:02:24"}
{"headers":{"accept":"application/json, text/plain, */*","accept-encoding":"gzip, deflate, br, zstd","accept-language":"en-GB,en;q=0.9","connection":"keep-alive","cookie":"access_token=eyJhbGciOiJIUzI1NiIsInR5cCI6IkpXVCJ9.eyJzdWIiOiJjMjYzYmQ2OC1kNjRiLTQ0YTAtOTg0NC1jMjY1ODNiNDM4MWIiLCJyb2xlIjoiYWdlbnQiLCJvcmdJZCI6bnVsbCwiaWF0IjoxNzgwNjUwNjQ0LCJleHAiOjE3ODA2NTQyNDR9.8vcEde1Sc-GPR3uybi_E-p8diXffYQXXtJYBQjRahvo; refresh_token=77d53d71ef076e48e7f208852f3ffa5198c99f50df538ad777c7401fb890175ddcbe7f09e617aade","dnt":"1","host":"localhost:3001","origin":"http://localhost:5173","referer":"http://localhost:5173/","sec-ch-ua":"\"Chromium\";v=\"148\", \"Google Chrome\";v=\"148\", \"Not/A)Brand\";v=\"99\"","sec-ch-ua-mobile":"?0","sec-ch-ua-platform":"\"Windows\"","sec-fetch-dest":"empty","sec-fetch-mode":"cors","sec-fetch-site":"same-site","user-agent":"Mozilla/5.0 (Windows NT 10.0; Win64; x64) AppleWebKit/537.36 (KHTML, like Gecko) Chrome/148.0.0.0 Safari/537.36"},"level":"error","message":"column \"read_at\" does not exist","method":"GET","orgId":null,"path":"/api/v1/notifications/unread-count","stack":"error: column \"read_at\" does not exist\n    at C:\\Users\\MohitVerma\\Documents\\Live Assignments\\CubastionNexus\\backend\\node_modules\\pg-pool\\index.js:45:11\n    at process.processTicksAndRejections (node:internal/process/task_queues:105:5)\n    at async query (C:\\Users\\MohitVerma\\Documents\\Live Assignments\\CubastionNexus\\backend\\src\\config\\database.js:43:20)\n    at async getUnreadCount (C:\\Users\\MohitVerma\\Documents\\Live Assignments\\CubastionNexus\\backend\\src\\controllers\\notifications.controller.js:46:20)","timestamp":"2026-06-05 15:02:24","userId":"c263bd68-d64b-44a0-9844-c26583b4381b"}
{"duration":"2ms","level":"error","message":"column \"read_at\" does not exist","timestamp":"2026-06-05 15:02:39"}
{"headers":{"accept":"application/json, text/plain, */*","accept-encoding":"gzip, deflate, br, zstd","accept-language":"en-GB,en;q=0.9","connection":"keep-alive","cookie":"access_token=eyJhbGciOiJIUzI1NiIsInR5cCI6IkpXVCJ9.eyJzdWIiOiJjMjYzYmQ2OC1kNjRiLTQ0YTAtOTg0NC1jMjY1ODNiNDM4MWIiLCJyb2xlIjoiYWdlbnQiLCJvcmdJZCI6bnVsbCwiaWF0IjoxNzgwNjUwNjQ0LCJleHAiOjE3ODA2NTQyNDR9.8vcEde1Sc-GPR3uybi_E-p8diXffYQXXtJYBQjRahvo; refresh_token=77d53d71ef076e48e7f208852f3ffa5198c99f50df538ad777c7401fb890175ddcbe7f09e617aade","dnt":"1","host":"localhost:3001","origin":"http://localhost:5173","referer":"http://localhost:5173/","sec-ch-ua":"\"Chromium\";v=\"148\", \"Google Chrome\";v=\"148\", \"Not/A)Brand\";v=\"99\"","sec-ch-ua-mobile":"?0","sec-ch-ua-platform":"\"Windows\"","sec-fetch-dest":"empty","sec-fetch-mode":"cors","sec-fetch-site":"same-site","user-agent":"Mozilla/5.0 (Windows NT 10.0; Win64; x64) AppleWebKit/537.36 (KHTML, like Gecko) Chrome/148.0.0.0 Safari/537.36"},"level":"error","message":"column \"read_at\" does not exist","method":"GET","orgId":null,"path":"/api/v1/notifications/unread-count","stack":"error: column \"read_at\" does not exist\n    at C:\\Users\\MohitVerma\\Documents\\Live Assignments\\CubastionNexus\\backend\\node_modules\\pg-pool\\index.js:45:11\n    at process.processTicksAndRejections (node:internal/process/task_queues:105:5)\n    at async query (C:\\Users\\MohitVerma\\Documents\\Live Assignments\\CubastionNexus\\backend\\src\\config\\database.js:43:20)\n    at async getUnreadCount (C:\\Users\\MohitVerma\\Documents\\Live Assignments\\CubastionNexus\\backend\\src\\controllers\\notifications.controller.js:46:20)","timestamp":"2026-06-05 15:02:39","userId":"c263bd68-d64b-44a0-9844-c26583b4381b"}
{"duration":"1ms","level":"error","message":"column \"read_at\" does not exist","timestamp":"2026-06-05 15:02:40"}
{"headers":{"accept":"application/json, text/plain, */*","accept-encoding":"gzip, deflate, br, zstd","accept-language":"en-GB,en;q=0.9","connection":"keep-alive","cookie":"access_token=eyJhbGciOiJIUzI1NiIsInR5cCI6IkpXVCJ9.eyJzdWIiOiJjMjYzYmQ2OC1kNjRiLTQ0YTAtOTg0NC1jMjY1ODNiNDM4MWIiLCJyb2xlIjoiYWdlbnQiLCJvcmdJZCI6bnVsbCwiaWF0IjoxNzgwNjUwNjQ0LCJleHAiOjE3ODA2NTQyNDR9.8vcEde1Sc-GPR3uybi_E-p8diXffYQXXtJYBQjRahvo; refresh_token=77d53d71ef076e48e7f208852f3ffa5198c99f50df538ad777c7401fb890175ddcbe7f09e617aade","dnt":"1","host":"localhost:3001","origin":"http://localhost:5173","referer":"http://localhost:5173/","sec-ch-ua":"\"Chromium\";v=\"148\", \"Google Chrome\";v=\"148\", \"Not/A)Brand\";v=\"99\"","sec-ch-ua-mobile":"?0","sec-ch-ua-platform":"\"Windows\"","sec-fetch-dest":"empty","sec-fetch-mode":"cors","sec-fetch-site":"same-site","user-agent":"Mozilla/5.0 (Windows NT 10.0; Win64; x64) AppleWebKit/537.36 (KHTML, like Gecko) Chrome/148.0.0.0 Safari/537.36"},"level":"error","message":"column \"read_at\" does not exist","method":"GET","orgId":null,"path":"/api/v1/notifications/unread-count","stack":"error: column \"read_at\" does not exist\n    at C:\\Users\\MohitVerma\\Documents\\Live Assignments\\CubastionNexus\\backend\\node_modules\\pg-pool\\index.js:45:11\n    at process.processTicksAndRejections (node:internal/process/task_queues:105:5)\n    at async query (C:\\Users\\MohitVerma\\Documents\\Live Assignments\\CubastionNexus\\backend\\src\\config\\database.js:43:20)\n    at async getUnreadCount (C:\\Users\\MohitVerma\\Documents\\Live Assignments\\CubastionNexus\\backend\\src\\controllers\\notifications.controller.js:46:20)","timestamp":"2026-06-05 15:02:40","userId":"c263bd68-d64b-44a0-9844-c26583b4381b"}
{"duration":"2ms","level":"error","message":"column \"read_at\" does not exist","timestamp":"2026-06-05 15:02:55"}
{"headers":{"accept":"application/json, text/plain, */*","accept-encoding":"gzip, deflate, br, zstd","accept-language":"en-GB,en;q=0.9","connection":"keep-alive","cookie":"access_token=eyJhbGciOiJIUzI1NiIsInR5cCI6IkpXVCJ9.eyJzdWIiOiJjMjYzYmQ2OC1kNjRiLTQ0YTAtOTg0NC1jMjY1ODNiNDM4MWIiLCJyb2xlIjoiYWdlbnQiLCJvcmdJZCI6bnVsbCwiaWF0IjoxNzgwNjUwNjQ0LCJleHAiOjE3ODA2NTQyNDR9.8vcEde1Sc-GPR3uybi_E-p8diXffYQXXtJYBQjRahvo; refresh_token=77d53d71ef076e48e7f208852f3ffa5198c99f50df538ad777c7401fb890175ddcbe7f09e617aade","dnt":"1","host":"localhost:3001","origin":"http://localhost:5173","referer":"http://localhost:5173/","sec-ch-ua":"\"Chromium\";v=\"148\", \"Google Chrome\";v=\"148\", \"Not/A)Brand\";v=\"99\"","sec-ch-ua-mobile":"?0","sec-ch-ua-platform":"\"Windows\"","sec-fetch-dest":"empty","sec-fetch-mode":"cors","sec-fetch-site":"same-site","user-agent":"Mozilla/5.0 (Windows NT 10.0; Win64; x64) AppleWebKit/537.36 (KHTML, like Gecko) Chrome/148.0.0.0 Safari/537.36"},"level":"error","message":"column \"read_at\" does not exist","method":"GET","orgId":null,"path":"/api/v1/notifications/unread-count","stack":"error: column \"read_at\" does not exist\n    at C:\\Users\\MohitVerma\\Documents\\Live Assignments\\CubastionNexus\\backend\\node_modules\\pg-pool\\index.js:45:11\n    at process.processTicksAndRejections (node:internal/process/task_queues:105:5)\n    at async query (C:\\Users\\MohitVerma\\Documents\\Live Assignments\\CubastionNexus\\backend\\src\\config\\database.js:43:20)\n    at async getUnreadCount (C:\\Users\\MohitVerma\\Documents\\Live Assignments\\CubastionNexus\\backend\\src\\controllers\\notifications.controller.js:46:20)","timestamp":"2026-06-05 15:02:55","userId":"c263bd68-d64b-44a0-9844-c26583b4381b"}
{"duration":"2ms","level":"error","message":"column \"read_at\" does not exist","timestamp":"2026-06-05 15:02:56"}
{"headers":{"accept":"application/json, text/plain, */*","accept-encoding":"gzip, deflate, br, zstd","accept-language":"en-GB,en;q=0.9","connection":"keep-alive","cookie":"access_token=eyJhbGciOiJIUzI1NiIsInR5cCI6IkpXVCJ9.eyJzdWIiOiJjMjYzYmQ2OC1kNjRiLTQ0YTAtOTg0NC1jMjY1ODNiNDM4MWIiLCJyb2xlIjoiYWdlbnQiLCJvcmdJZCI6bnVsbCwiaWF0IjoxNzgwNjUwNjQ0LCJleHAiOjE3ODA2NTQyNDR9.8vcEde1Sc-GPR3uybi_E-p8diXffYQXXtJYBQjRahvo; refresh_token=77d53d71ef076e48e7f208852f3ffa5198c99f50df538ad777c7401fb890175ddcbe7f09e617aade","dnt":"1","host":"localhost:3001","origin":"http://localhost:5173","referer":"http://localhost:5173/","sec-ch-ua":"\"Chromium\";v=\"148\", \"Google Chrome\";v=\"148\", \"Not/A)Brand\";v=\"99\"","sec-ch-ua-mobile":"?0","sec-ch-ua-platform":"\"Windows\"","sec-fetch-dest":"empty","sec-fetch-mode":"cors","sec-fetch-site":"same-site","user-agent":"Mozilla/5.0 (Windows NT 10.0; Win64; x64) AppleWebKit/537.36 (KHTML, like Gecko) Chrome/148.0.0.0 Safari/537.36"},"level":"error","message":"column \"read_at\" does not exist","method":"GET","orgId":null,"path":"/api/v1/notifications/unread-count","stack":"error: column \"read_at\" does not exist\n    at C:\\Users\\MohitVerma\\Documents\\Live Assignments\\CubastionNexus\\backend\\node_modules\\pg-pool\\index.js:45:11\n    at process.processTicksAndRejections (node:internal/process/task_queues:105:5)\n    at async query (C:\\Users\\MohitVerma\\Documents\\Live Assignments\\CubastionNexus\\backend\\src\\config\\database.js:43:20)\n    at async getUnreadCount (C:\\Users\\MohitVerma\\Documents\\Live Assignments\\CubastionNexus\\backend\\src\\controllers\\notifications.controller.js:46:20)","timestamp":"2026-06-05 15:02:56","userId":"c263bd68-d64b-44a0-9844-c26583b4381b"}
{"duration":"1ms","level":"error","message":"column \"read_at\" does not exist","timestamp":"2026-06-05 15:03:11"}
{"headers":{"accept":"application/json, text/plain, */*","accept-encoding":"gzip, deflate, br, zstd","accept-language":"en-GB,en;q=0.9","connection":"keep-alive","cookie":"access_token=eyJhbGciOiJIUzI1NiIsInR5cCI6IkpXVCJ9.eyJzdWIiOiJjMjYzYmQ2OC1kNjRiLTQ0YTAtOTg0NC1jMjY1ODNiNDM4MWIiLCJyb2xlIjoiYWdlbnQiLCJvcmdJZCI6bnVsbCwiaWF0IjoxNzgwNjUwNjQ0LCJleHAiOjE3ODA2NTQyNDR9.8vcEde1Sc-GPR3uybi_E-p8diXffYQXXtJYBQjRahvo; refresh_token=77d53d71ef076e48e7f208852f3ffa5198c99f50df538ad777c7401fb890175ddcbe7f09e617aade","dnt":"1","host":"localhost:3001","origin":"http://localhost:5173","referer":"http://localhost:5173/","sec-ch-ua":"\"Chromium\";v=\"148\", \"Google Chrome\";v=\"148\", \"Not/A)Brand\";v=\"99\"","sec-ch-ua-mobile":"?0","sec-ch-ua-platform":"\"Windows\"","sec-fetch-dest":"empty","sec-fetch-mode":"cors","sec-fetch-site":"same-site","user-agent":"Mozilla/5.0 (Windows NT 10.0; Win64; x64) AppleWebKit/537.36 (KHTML, like Gecko) Chrome/148.0.0.0 Safari/537.36"},"level":"error","message":"column \"read_at\" does not exist","method":"GET","orgId":null,"path":"/api/v1/notifications/unread-count","stack":"error: column \"read_at\" does not exist\n    at C:\\Users\\MohitVerma\\Documents\\Live Assignments\\CubastionNexus\\backend\\node_modules\\pg-pool\\index.js:45:11\n    at process.processTicksAndRejections (node:internal/process/task_queues:105:5)\n    at async query (C:\\Users\\MohitVerma\\Documents\\Live Assignments\\CubastionNexus\\backend\\src\\config\\database.js:43:20)\n    at async getUnreadCount (C:\\Users\\MohitVerma\\Documents\\Live Assignments\\CubastionNexus\\backend\\src\\controllers\\notifications.controller.js:46:20)","timestamp":"2026-06-05 15:03:11","userId":"c263bd68-d64b-44a0-9844-c26583b4381b"}
{"duration":"1ms","level":"error","message":"column \"read_at\" does not exist","timestamp":"2026-06-05 15:03:12"}
{"headers":{"accept":"application/json, text/plain, */*","accept-encoding":"gzip, deflate, br, zstd","accept-language":"en-GB,en;q=0.9","connection":"keep-alive","cookie":"access_token=eyJhbGciOiJIUzI1NiIsInR5cCI6IkpXVCJ9.eyJzdWIiOiJjMjYzYmQ2OC1kNjRiLTQ0YTAtOTg0NC1jMjY1ODNiNDM4MWIiLCJyb2xlIjoiYWdlbnQiLCJvcmdJZCI6bnVsbCwiaWF0IjoxNzgwNjUwNjQ0LCJleHAiOjE3ODA2NTQyNDR9.8vcEde1Sc-GPR3uybi_E-p8diXffYQXXtJYBQjRahvo; refresh_token=77d53d71ef076e48e7f208852f3ffa5198c99f50df538ad777c7401fb890175ddcbe7f09e617aade","dnt":"1","host":"localhost:3001","origin":"http://localhost:5173","referer":"http://localhost:5173/","sec-ch-ua":"\"Chromium\";v=\"148\", \"Google Chrome\";v=\"148\", \"Not/A)Brand\";v=\"99\"","sec-ch-ua-mobile":"?0","sec-ch-ua-platform":"\"Windows\"","sec-fetch-dest":"empty","sec-fetch-mode":"cors","sec-fetch-site":"same-site","user-agent":"Mozilla/5.0 (Windows NT 10.0; Win64; x64) AppleWebKit/537.36 (KHTML, like Gecko) Chrome/148.0.0.0 Safari/537.36"},"level":"error","message":"column \"read_at\" does not exist","method":"GET","orgId":null,"path":"/api/v1/notifications/unread-count","stack":"error: column \"read_at\" does not exist\n    at C:\\Users\\MohitVerma\\Documents\\Live Assignments\\CubastionNexus\\backend\\node_modules\\pg-pool\\index.js:45:11\n    at process.processTicksAndRejections (node:internal/process/task_queues:105:5)\n    at async query (C:\\Users\\MohitVerma\\Documents\\Live Assignments\\CubastionNexus\\backend\\src\\config\\database.js:43:20)\n    at async getUnreadCount (C:\\Users\\MohitVerma\\Documents\\Live Assignments\\CubastionNexus\\backend\\src\\controllers\\notifications.controller.js:46:20)","timestamp":"2026-06-05 15:03:12","userId":"c263bd68-d64b-44a0-9844-c26583b4381b"}
{"duration":"3ms","level":"error","message":"column \"read_at\" does not exist","timestamp":"2026-06-05 15:03:27"}
{"headers":{"accept":"application/json, text/plain, */*","accept-encoding":"gzip, deflate, br, zstd","accept-language":"en-GB,en;q=0.9","connection":"keep-alive","cookie":"access_token=eyJhbGciOiJIUzI1NiIsInR5cCI6IkpXVCJ9.eyJzdWIiOiJjMjYzYmQ2OC1kNjRiLTQ0YTAtOTg0NC1jMjY1ODNiNDM4MWIiLCJyb2xlIjoiYWdlbnQiLCJvcmdJZCI6bnVsbCwiaWF0IjoxNzgwNjUwNjQ0LCJleHAiOjE3ODA2NTQyNDR9.8vcEde1Sc-GPR3uybi_E-p8diXffYQXXtJYBQjRahvo; refresh_token=77d53d71ef076e48e7f208852f3ffa5198c99f50df538ad777c7401fb890175ddcbe7f09e617aade","dnt":"1","host":"localhost:3001","origin":"http://localhost:5173","referer":"http://localhost:5173/","sec-ch-ua":"\"Chromium\";v=\"148\", \"Google Chrome\";v=\"148\", \"Not/A)Brand\";v=\"99\"","sec-ch-ua-mobile":"?0","sec-ch-ua-platform":"\"Windows\"","sec-fetch-dest":"empty","sec-fetch-mode":"cors","sec-fetch-site":"same-site","user-agent":"Mozilla/5.0 (Windows NT 10.0; Win64; x64) AppleWebKit/537.36 (KHTML, like Gecko) Chrome/148.0.0.0 Safari/537.36"},"level":"error","message":"column \"read_at\" does not exist","method":"GET","orgId":null,"path":"/api/v1/notifications/unread-count","stack":"error: column \"read_at\" does not exist\n    at C:\\Users\\MohitVerma\\Documents\\Live Assignments\\CubastionNexus\\backend\\node_modules\\pg-pool\\index.js:45:11\n    at process.processTicksAndRejections (node:internal/process/task_queues:105:5)\n    at async query (C:\\Users\\MohitVerma\\Documents\\Live Assignments\\CubastionNexus\\backend\\src\\config\\database.js:43:20)\n    at async getUnreadCount (C:\\Users\\MohitVerma\\Documents\\Live Assignments\\CubastionNexus\\backend\\src\\controllers\\notifications.controller.js:46:20)","timestamp":"2026-06-05 15:03:27","userId":"c263bd68-d64b-44a0-9844-c26583b4381b"}
{"duration":"1ms","level":"error","message":"column \"read_at\" does not exist","timestamp":"2026-06-05 15:03:28"}
{"headers":{"accept":"application/json, text/plain, */*","accept-encoding":"gzip, deflate, br, zstd","accept-language":"en-GB,en;q=0.9","connection":"keep-alive","cookie":"access_token=eyJhbGciOiJIUzI1NiIsInR5cCI6IkpXVCJ9.eyJzdWIiOiJjMjYzYmQ2OC1kNjRiLTQ0YTAtOTg0NC1jMjY1ODNiNDM4MWIiLCJyb2xlIjoiYWdlbnQiLCJvcmdJZCI6bnVsbCwiaWF0IjoxNzgwNjUwNjQ0LCJleHAiOjE3ODA2NTQyNDR9.8vcEde1Sc-GPR3uybi_E-p8diXffYQXXtJYBQjRahvo; refresh_token=77d53d71ef076e48e7f208852f3ffa5198c99f50df538ad777c7401fb890175ddcbe7f09e617aade","dnt":"1","host":"localhost:3001","origin":"http://localhost:5173","referer":"http://localhost:5173/","sec-ch-ua":"\"Chromium\";v=\"148\", \"Google Chrome\";v=\"148\", \"Not/A)Brand\";v=\"99\"","sec-ch-ua-mobile":"?0","sec-ch-ua-platform":"\"Windows\"","sec-fetch-dest":"empty","sec-fetch-mode":"cors","sec-fetch-site":"same-site","user-agent":"Mozilla/5.0 (Windows NT 10.0; Win64; x64) AppleWebKit/537.36 (KHTML, like Gecko) Chrome/148.0.0.0 Safari/537.36"},"level":"error","message":"column \"read_at\" does not exist","method":"GET","orgId":null,"path":"/api/v1/notifications/unread-count","stack":"error: column \"read_at\" does not exist\n    at C:\\Users\\MohitVerma\\Documents\\Live Assignments\\CubastionNexus\\backend\\node_modules\\pg-pool\\index.js:45:11\n    at process.processTicksAndRejections (node:internal/process/task_queues:105:5)\n    at async query (C:\\Users\\MohitVerma\\Documents\\Live Assignments\\CubastionNexus\\backend\\src\\config\\database.js:43:20)\n    at async getUnreadCount (C:\\Users\\MohitVerma\\Documents\\Live Assignments\\CubastionNexus\\backend\\src\\controllers\\notifications.controller.js:46:20)","timestamp":"2026-06-05 15:03:28","userId":"c263bd68-d64b-44a0-9844-c26583b4381b"}
{"duration":"1ms","level":"error","message":"column \"read_at\" does not exist","timestamp":"2026-06-05 15:03:43"}
{"headers":{"accept":"application/json, text/plain, */*","accept-encoding":"gzip, deflate, br, zstd","accept-language":"en-GB,en;q=0.9","connection":"keep-alive","cookie":"access_token=eyJhbGciOiJIUzI1NiIsInR5cCI6IkpXVCJ9.eyJzdWIiOiJjMjYzYmQ2OC1kNjRiLTQ0YTAtOTg0NC1jMjY1ODNiNDM4MWIiLCJyb2xlIjoiYWdlbnQiLCJvcmdJZCI6bnVsbCwiaWF0IjoxNzgwNjUwNjQ0LCJleHAiOjE3ODA2NTQyNDR9.8vcEde1Sc-GPR3uybi_E-p8diXffYQXXtJYBQjRahvo; refresh_token=77d53d71ef076e48e7f208852f3ffa5198c99f50df538ad777c7401fb890175ddcbe7f09e617aade","dnt":"1","host":"localhost:3001","origin":"http://localhost:5173","referer":"http://localhost:5173/","sec-ch-ua":"\"Chromium\";v=\"148\", \"Google Chrome\";v=\"148\", \"Not/A)Brand\";v=\"99\"","sec-ch-ua-mobile":"?0","sec-ch-ua-platform":"\"Windows\"","sec-fetch-dest":"empty","sec-fetch-mode":"cors","sec-fetch-site":"same-site","user-agent":"Mozilla/5.0 (Windows NT 10.0; Win64; x64) AppleWebKit/537.36 (KHTML, like Gecko) Chrome/148.0.0.0 Safari/537.36"},"level":"error","message":"column \"read_at\" does not exist","method":"GET","orgId":null,"path":"/api/v1/notifications/unread-count","stack":"error: column \"read_at\" does not exist\n    at C:\\Users\\MohitVerma\\Documents\\Live Assignments\\CubastionNexus\\backend\\node_modules\\pg-pool\\index.js:45:11\n    at process.processTicksAndRejections (node:internal/process/task_queues:105:5)\n    at async query (C:\\Users\\MohitVerma\\Documents\\Live Assignments\\CubastionNexus\\backend\\src\\config\\database.js:43:20)\n    at async getUnreadCount (C:\\Users\\MohitVerma\\Documents\\Live Assignments\\CubastionNexus\\backend\\src\\controllers\\notifications.controller.js:46:20)","timestamp":"2026-06-05 15:03:43","userId":"c263bd68-d64b-44a0-9844-c26583b4381b"}
{"duration":"2ms","level":"error","message":"column \"read_at\" does not exist","timestamp":"2026-06-05 15:03:44"}
{"headers":{"accept":"application/json, text/plain, */*","accept-encoding":"gzip, deflate, br, zstd","accept-language":"en-GB,en;q=0.9","connection":"keep-alive","cookie":"access_token=eyJhbGciOiJIUzI1NiIsInR5cCI6IkpXVCJ9.eyJzdWIiOiJjMjYzYmQ2OC1kNjRiLTQ0YTAtOTg0NC1jMjY1ODNiNDM4MWIiLCJyb2xlIjoiYWdlbnQiLCJvcmdJZCI6bnVsbCwiaWF0IjoxNzgwNjUwNjQ0LCJleHAiOjE3ODA2NTQyNDR9.8vcEde1Sc-GPR3uybi_E-p8diXffYQXXtJYBQjRahvo; refresh_token=77d53d71ef076e48e7f208852f3ffa5198c99f50df538ad777c7401fb890175ddcbe7f09e617aade","dnt":"1","host":"localhost:3001","origin":"http://localhost:5173","referer":"http://localhost:5173/","sec-ch-ua":"\"Chromium\";v=\"148\", \"Google Chrome\";v=\"148\", \"Not/A)Brand\";v=\"99\"","sec-ch-ua-mobile":"?0","sec-ch-ua-platform":"\"Windows\"","sec-fetch-dest":"empty","sec-fetch-mode":"cors","sec-fetch-site":"same-site","user-agent":"Mozilla/5.0 (Windows NT 10.0; Win64; x64) AppleWebKit/537.36 (KHTML, like Gecko) Chrome/148.0.0.0 Safari/537.36"},"level":"error","message":"column \"read_at\" does not exist","method":"GET","orgId":null,"path":"/api/v1/notifications/unread-count","stack":"error: column \"read_at\" does not exist\n    at C:\\Users\\MohitVerma\\Documents\\Live Assignments\\CubastionNexus\\backend\\node_modules\\pg-pool\\index.js:45:11\n    at process.processTicksAndRejections (node:internal/process/task_queues:105:5)\n    at async query (C:\\Users\\MohitVerma\\Documents\\Live Assignments\\CubastionNexus\\backend\\src\\config\\database.js:43:20)\n    at async getUnreadCount (C:\\Users\\MohitVerma\\Documents\\Live Assignments\\CubastionNexus\\backend\\src\\controllers\\notifications.controller.js:46:20)","timestamp":"2026-06-05 15:03:44","userId":"c263bd68-d64b-44a0-9844-c26583b4381b"}
{"duration":"2ms","level":"error","message":"column \"read_at\" does not exist","timestamp":"2026-06-05 15:03:59"}
{"headers":{"accept":"application/json, text/plain, */*","accept-encoding":"gzip, deflate, br, zstd","accept-language":"en-GB,en;q=0.9","connection":"keep-alive","cookie":"access_token=eyJhbGciOiJIUzI1NiIsInR5cCI6IkpXVCJ9.eyJzdWIiOiJjMjYzYmQ2OC1kNjRiLTQ0YTAtOTg0NC1jMjY1ODNiNDM4MWIiLCJyb2xlIjoiYWdlbnQiLCJvcmdJZCI6bnVsbCwiaWF0IjoxNzgwNjUwNjQ0LCJleHAiOjE3ODA2NTQyNDR9.8vcEde1Sc-GPR3uybi_E-p8diXffYQXXtJYBQjRahvo; refresh_token=77d53d71ef076e48e7f208852f3ffa5198c99f50df538ad777c7401fb890175ddcbe7f09e617aade","dnt":"1","host":"localhost:3001","origin":"http://localhost:5173","referer":"http://localhost:5173/","sec-ch-ua":"\"Chromium\";v=\"148\", \"Google Chrome\";v=\"148\", \"Not/A)Brand\";v=\"99\"","sec-ch-ua-mobile":"?0","sec-ch-ua-platform":"\"Windows\"","sec-fetch-dest":"empty","sec-fetch-mode":"cors","sec-fetch-site":"same-site","user-agent":"Mozilla/5.0 (Windows NT 10.0; Win64; x64) AppleWebKit/537.36 (KHTML, like Gecko) Chrome/148.0.0.0 Safari/537.36"},"level":"error","message":"column \"read_at\" does not exist","method":"GET","orgId":null,"path":"/api/v1/notifications/unread-count","stack":"error: column \"read_at\" does not exist\n    at C:\\Users\\MohitVerma\\Documents\\Live Assignments\\CubastionNexus\\backend\\node_modules\\pg-pool\\index.js:45:11\n    at process.processTicksAndRejections (node:internal/process/task_queues:105:5)\n    at async query (C:\\Users\\MohitVerma\\Documents\\Live Assignments\\CubastionNexus\\backend\\src\\config\\database.js:43:20)\n    at async getUnreadCount (C:\\Users\\MohitVerma\\Documents\\Live Assignments\\CubastionNexus\\backend\\src\\controllers\\notifications.controller.js:46:20)","timestamp":"2026-06-05 15:03:59","userId":"c263bd68-d64b-44a0-9844-c26583b4381b"}
{"duration":"2ms","level":"error","message":"column \"read_at\" does not exist","timestamp":"2026-06-05 15:04:00"}
{"headers":{"accept":"application/json, text/plain, */*","accept-encoding":"gzip, deflate, br, zstd","accept-language":"en-GB,en;q=0.9","connection":"keep-alive","cookie":"access_token=eyJhbGciOiJIUzI1NiIsInR5cCI6IkpXVCJ9.eyJzdWIiOiJjMjYzYmQ2OC1kNjRiLTQ0YTAtOTg0NC1jMjY1ODNiNDM4MWIiLCJyb2xlIjoiYWdlbnQiLCJvcmdJZCI6bnVsbCwiaWF0IjoxNzgwNjUwNjQ0LCJleHAiOjE3ODA2NTQyNDR9.8vcEde1Sc-GPR3uybi_E-p8diXffYQXXtJYBQjRahvo; refresh_token=77d53d71ef076e48e7f208852f3ffa5198c99f50df538ad777c7401fb890175ddcbe7f09e617aade","dnt":"1","host":"localhost:3001","origin":"http://localhost:5173","referer":"http://localhost:5173/","sec-ch-ua":"\"Chromium\";v=\"148\", \"Google Chrome\";v=\"148\", \"Not/A)Brand\";v=\"99\"","sec-ch-ua-mobile":"?0","sec-ch-ua-platform":"\"Windows\"","sec-fetch-dest":"empty","sec-fetch-mode":"cors","sec-fetch-site":"same-site","user-agent":"Mozilla/5.0 (Windows NT 10.0; Win64; x64) AppleWebKit/537.36 (KHTML, like Gecko) Chrome/148.0.0.0 Safari/537.36"},"level":"error","message":"column \"read_at\" does not exist","method":"GET","orgId":null,"path":"/api/v1/notifications/unread-count","stack":"error: column \"read_at\" does not exist\n    at C:\\Users\\MohitVerma\\Documents\\Live Assignments\\CubastionNexus\\backend\\node_modules\\pg-pool\\index.js:45:11\n    at process.processTicksAndRejections (node:internal/process/task_queues:105:5)\n    at async query (C:\\Users\\MohitVerma\\Documents\\Live Assignments\\CubastionNexus\\backend\\src\\config\\database.js:43:20)\n    at async getUnreadCount (C:\\Users\\MohitVerma\\Documents\\Live Assignments\\CubastionNexus\\backend\\src\\controllers\\notifications.controller.js:46:20)","timestamp":"2026-06-05 15:04:00","userId":"c263bd68-d64b-44a0-9844-c26583b4381b"}
{"duration":"2ms","level":"error","message":"column \"read_at\" does not exist","timestamp":"2026-06-05 15:04:15"}
{"headers":{"accept":"application/json, text/plain, */*","accept-encoding":"gzip, deflate, br, zstd","accept-language":"en-GB,en;q=0.9","connection":"keep-alive","cookie":"access_token=eyJhbGciOiJIUzI1NiIsInR5cCI6IkpXVCJ9.eyJzdWIiOiJjMjYzYmQ2OC1kNjRiLTQ0YTAtOTg0NC1jMjY1ODNiNDM4MWIiLCJyb2xlIjoiYWdlbnQiLCJvcmdJZCI6bnVsbCwiaWF0IjoxNzgwNjUwNjQ0LCJleHAiOjE3ODA2NTQyNDR9.8vcEde1Sc-GPR3uybi_E-p8diXffYQXXtJYBQjRahvo; refresh_token=77d53d71ef076e48e7f208852f3ffa5198c99f50df538ad777c7401fb890175ddcbe7f09e617aade","dnt":"1","host":"localhost:3001","origin":"http://localhost:5173","referer":"http://localhost:5173/","sec-ch-ua":"\"Chromium\";v=\"148\", \"Google Chrome\";v=\"148\", \"Not/A)Brand\";v=\"99\"","sec-ch-ua-mobile":"?0","sec-ch-ua-platform":"\"Windows\"","sec-fetch-dest":"empty","sec-fetch-mode":"cors","sec-fetch-site":"same-site","user-agent":"Mozilla/5.0 (Windows NT 10.0; Win64; x64) AppleWebKit/537.36 (KHTML, like Gecko) Chrome/148.0.0.0 Safari/537.36"},"level":"error","message":"column \"read_at\" does not exist","method":"GET","orgId":null,"path":"/api/v1/notifications/unread-count","stack":"error: column \"read_at\" does not exist\n    at C:\\Users\\MohitVerma\\Documents\\Live Assignments\\CubastionNexus\\backend\\node_modules\\pg-pool\\index.js:45:11\n    at process.processTicksAndRejections (node:internal/process/task_queues:105:5)\n    at async query (C:\\Users\\MohitVerma\\Documents\\Live Assignments\\CubastionNexus\\backend\\src\\config\\database.js:43:20)\n    at async getUnreadCount (C:\\Users\\MohitVerma\\Documents\\Live Assignments\\CubastionNexus\\backend\\src\\controllers\\notifications.controller.js:46:20)","timestamp":"2026-06-05 15:04:15","userId":"c263bd68-d64b-44a0-9844-c26583b4381b"}
{"duration":"1ms","level":"error","message":"column \"read_at\" does not exist","timestamp":"2026-06-05 15:04:16"}
{"headers":{"accept":"application/json, text/plain, */*","accept-encoding":"gzip, deflate, br, zstd","accept-language":"en-GB,en;q=0.9","connection":"keep-alive","cookie":"access_token=eyJhbGciOiJIUzI1NiIsInR5cCI6IkpXVCJ9.eyJzdWIiOiJjMjYzYmQ2OC1kNjRiLTQ0YTAtOTg0NC1jMjY1ODNiNDM4MWIiLCJyb2xlIjoiYWdlbnQiLCJvcmdJZCI6bnVsbCwiaWF0IjoxNzgwNjUwNjQ0LCJleHAiOjE3ODA2NTQyNDR9.8vcEde1Sc-GPR3uybi_E-p8diXffYQXXtJYBQjRahvo; refresh_token=77d53d71ef076e48e7f208852f3ffa5198c99f50df538ad777c7401fb890175ddcbe7f09e617aade","dnt":"1","host":"localhost:3001","origin":"http://localhost:5173","referer":"http://localhost:5173/","sec-ch-ua":"\"Chromium\";v=\"148\", \"Google Chrome\";v=\"148\", \"Not/A)Brand\";v=\"99\"","sec-ch-ua-mobile":"?0","sec-ch-ua-platform":"\"Windows\"","sec-fetch-dest":"empty","sec-fetch-mode":"cors","sec-fetch-site":"same-site","user-agent":"Mozilla/5.0 (Windows NT 10.0; Win64; x64) AppleWebKit/537.36 (KHTML, like Gecko) Chrome/148.0.0.0 Safari/537.36"},"level":"error","message":"column \"read_at\" does not exist","method":"GET","orgId":null,"path":"/api/v1/notifications/unread-count","stack":"error: column \"read_at\" does not exist\n    at C:\\Users\\MohitVerma\\Documents\\Live Assignments\\CubastionNexus\\backend\\node_modules\\pg-pool\\index.js:45:11\n    at process.processTicksAndRejections (node:internal/process/task_queues:105:5)\n    at async query (C:\\Users\\MohitVerma\\Documents\\Live Assignments\\CubastionNexus\\backend\\src\\config\\database.js:43:20)\n    at async getUnreadCount (C:\\Users\\MohitVerma\\Documents\\Live Assignments\\CubastionNexus\\backend\\src\\controllers\\notifications.controller.js:46:20)","timestamp":"2026-06-05 15:04:16","userId":"c263bd68-d64b-44a0-9844-c26583b4381b"}
{"duration":"2ms","level":"error","message":"column \"read_at\" does not exist","timestamp":"2026-06-05 15:04:31"}
{"headers":{"accept":"application/json, text/plain, */*","accept-encoding":"gzip, deflate, br, zstd","accept-language":"en-GB,en;q=0.9","connection":"keep-alive","cookie":"access_token=eyJhbGciOiJIUzI1NiIsInR5cCI6IkpXVCJ9.eyJzdWIiOiJjMjYzYmQ2OC1kNjRiLTQ0YTAtOTg0NC1jMjY1ODNiNDM4MWIiLCJyb2xlIjoiYWdlbnQiLCJvcmdJZCI6bnVsbCwiaWF0IjoxNzgwNjUwNjQ0LCJleHAiOjE3ODA2NTQyNDR9.8vcEde1Sc-GPR3uybi_E-p8diXffYQXXtJYBQjRahvo; refresh_token=77d53d71ef076e48e7f208852f3ffa5198c99f50df538ad777c7401fb890175ddcbe7f09e617aade","dnt":"1","host":"localhost:3001","origin":"http://localhost:5173","referer":"http://localhost:5173/","sec-ch-ua":"\"Chromium\";v=\"148\", \"Google Chrome\";v=\"148\", \"Not/A)Brand\";v=\"99\"","sec-ch-ua-mobile":"?0","sec-ch-ua-platform":"\"Windows\"","sec-fetch-dest":"empty","sec-fetch-mode":"cors","sec-fetch-site":"same-site","user-agent":"Mozilla/5.0 (Windows NT 10.0; Win64; x64) AppleWebKit/537.36 (KHTML, like Gecko) Chrome/148.0.0.0 Safari/537.36"},"level":"error","message":"column \"read_at\" does not exist","method":"GET","orgId":null,"path":"/api/v1/notifications/unread-count","stack":"error: column \"read_at\" does not exist\n    at C:\\Users\\MohitVerma\\Documents\\Live Assignments\\CubastionNexus\\backend\\node_modules\\pg-pool\\index.js:45:11\n    at process.processTicksAndRejections (node:internal/process/task_queues:105:5)\n    at async query (C:\\Users\\MohitVerma\\Documents\\Live Assignments\\CubastionNexus\\backend\\src\\config\\database.js:43:20)\n    at async getUnreadCount (C:\\Users\\MohitVerma\\Documents\\Live Assignments\\CubastionNexus\\backend\\src\\controllers\\notifications.controller.js:46:20)","timestamp":"2026-06-05 15:04:31","userId":"c263bd68-d64b-44a0-9844-c26583b4381b"}
{"duration":"3ms","level":"error","message":"column \"read_at\" does not exist","timestamp":"2026-06-05 15:04:32"}
{"headers":{"accept":"application/json, text/plain, */*","accept-encoding":"gzip, deflate, br, zstd","accept-language":"en-GB,en;q=0.9","connection":"keep-alive","cookie":"access_token=eyJhbGciOiJIUzI1NiIsInR5cCI6IkpXVCJ9.eyJzdWIiOiJjMjYzYmQ2OC1kNjRiLTQ0YTAtOTg0NC1jMjY1ODNiNDM4MWIiLCJyb2xlIjoiYWdlbnQiLCJvcmdJZCI6bnVsbCwiaWF0IjoxNzgwNjUwNjQ0LCJleHAiOjE3ODA2NTQyNDR9.8vcEde1Sc-GPR3uybi_E-p8diXffYQXXtJYBQjRahvo; refresh_token=77d53d71ef076e48e7f208852f3ffa5198c99f50df538ad777c7401fb890175ddcbe7f09e617aade","dnt":"1","host":"localhost:3001","origin":"http://localhost:5173","referer":"http://localhost:5173/","sec-ch-ua":"\"Chromium\";v=\"148\", \"Google Chrome\";v=\"148\", \"Not/A)Brand\";v=\"99\"","sec-ch-ua-mobile":"?0","sec-ch-ua-platform":"\"Windows\"","sec-fetch-dest":"empty","sec-fetch-mode":"cors","sec-fetch-site":"same-site","user-agent":"Mozilla/5.0 (Windows NT 10.0; Win64; x64) AppleWebKit/537.36 (KHTML, like Gecko) Chrome/148.0.0.0 Safari/537.36"},"level":"error","message":"column \"read_at\" does not exist","method":"GET","orgId":null,"path":"/api/v1/notifications/unread-count","stack":"error: column \"read_at\" does not exist\n    at C:\\Users\\MohitVerma\\Documents\\Live Assignments\\CubastionNexus\\backend\\node_modules\\pg-pool\\index.js:45:11\n    at process.processTicksAndRejections (node:internal/process/task_queues:105:5)\n    at async query (C:\\Users\\MohitVerma\\Documents\\Live Assignments\\CubastionNexus\\backend\\src\\config\\database.js:43:20)\n    at async getUnreadCount (C:\\Users\\MohitVerma\\Documents\\Live Assignments\\CubastionNexus\\backend\\src\\controllers\\notifications.controller.js:46:20)","timestamp":"2026-06-05 15:04:32","userId":"c263bd68-d64b-44a0-9844-c26583b4381b"}
{"duration":"3ms","level":"error","message":"column \"read_at\" does not exist","timestamp":"2026-06-05 15:04:47"}
{"headers":{"accept":"application/json, text/plain, */*","accept-encoding":"gzip, deflate, br, zstd","accept-language":"en-GB,en;q=0.9","connection":"keep-alive","cookie":"access_token=eyJhbGciOiJIUzI1NiIsInR5cCI6IkpXVCJ9.eyJzdWIiOiJjMjYzYmQ2OC1kNjRiLTQ0YTAtOTg0NC1jMjY1ODNiNDM4MWIiLCJyb2xlIjoiYWdlbnQiLCJvcmdJZCI6bnVsbCwiaWF0IjoxNzgwNjUwNjQ0LCJleHAiOjE3ODA2NTQyNDR9.8vcEde1Sc-GPR3uybi_E-p8diXffYQXXtJYBQjRahvo; refresh_token=77d53d71ef076e48e7f208852f3ffa5198c99f50df538ad777c7401fb890175ddcbe7f09e617aade","dnt":"1","host":"localhost:3001","origin":"http://localhost:5173","referer":"http://localhost:5173/","sec-ch-ua":"\"Chromium\";v=\"148\", \"Google Chrome\";v=\"148\", \"Not/A)Brand\";v=\"99\"","sec-ch-ua-mobile":"?0","sec-ch-ua-platform":"\"Windows\"","sec-fetch-dest":"empty","sec-fetch-mode":"cors","sec-fetch-site":"same-site","user-agent":"Mozilla/5.0 (Windows NT 10.0; Win64; x64) AppleWebKit/537.36 (KHTML, like Gecko) Chrome/148.0.0.0 Safari/537.36"},"level":"error","message":"column \"read_at\" does not exist","method":"GET","orgId":null,"path":"/api/v1/notifications/unread-count","stack":"error: column \"read_at\" does not exist\n    at C:\\Users\\MohitVerma\\Documents\\Live Assignments\\CubastionNexus\\backend\\node_modules\\pg-pool\\index.js:45:11\n    at process.processTicksAndRejections (node:internal/process/task_queues:105:5)\n    at async query (C:\\Users\\MohitVerma\\Documents\\Live Assignments\\CubastionNexus\\backend\\src\\config\\database.js:43:20)\n    at async getUnreadCount (C:\\Users\\MohitVerma\\Documents\\Live Assignments\\CubastionNexus\\backend\\src\\controllers\\notifications.controller.js:46:20)","timestamp":"2026-06-05 15:04:47","userId":"c263bd68-d64b-44a0-9844-c26583b4381b"}
{"duration":"2ms","level":"error","message":"column \"read_at\" does not exist","timestamp":"2026-06-05 15:04:48"}
{"headers":{"accept":"application/json, text/plain, */*","accept-encoding":"gzip, deflate, br, zstd","accept-language":"en-GB,en;q=0.9","connection":"keep-alive","cookie":"access_token=eyJhbGciOiJIUzI1NiIsInR5cCI6IkpXVCJ9.eyJzdWIiOiJjMjYzYmQ2OC1kNjRiLTQ0YTAtOTg0NC1jMjY1ODNiNDM4MWIiLCJyb2xlIjoiYWdlbnQiLCJvcmdJZCI6bnVsbCwiaWF0IjoxNzgwNjUwNjQ0LCJleHAiOjE3ODA2NTQyNDR9.8vcEde1Sc-GPR3uybi_E-p8diXffYQXXtJYBQjRahvo; refresh_token=77d53d71ef076e48e7f208852f3ffa5198c99f50df538ad777c7401fb890175ddcbe7f09e617aade","dnt":"1","host":"localhost:3001","origin":"http://localhost:5173","referer":"http://localhost:5173/","sec-ch-ua":"\"Chromium\";v=\"148\", \"Google Chrome\";v=\"148\", \"Not/A)Brand\";v=\"99\"","sec-ch-ua-mobile":"?0","sec-ch-ua-platform":"\"Windows\"","sec-fetch-dest":"empty","sec-fetch-mode":"cors","sec-fetch-site":"same-site","user-agent":"Mozilla/5.0 (Windows NT 10.0; Win64; x64) AppleWebKit/537.36 (KHTML, like Gecko) Chrome/148.0.0.0 Safari/537.36"},"level":"error","message":"column \"read_at\" does not exist","method":"GET","orgId":null,"path":"/api/v1/notifications/unread-count","stack":"error: column \"read_at\" does not exist\n    at C:\\Users\\MohitVerma\\Documents\\Live Assignments\\CubastionNexus\\backend\\node_modules\\pg-pool\\index.js:45:11\n    at process.processTicksAndRejections (node:internal/process/task_queues:105:5)\n    at async query (C:\\Users\\MohitVerma\\Documents\\Live Assignments\\CubastionNexus\\backend\\src\\config\\database.js:43:20)\n    at async getUnreadCount (C:\\Users\\MohitVerma\\Documents\\Live Assignments\\CubastionNexus\\backend\\src\\controllers\\notifications.controller.js:46:20)","timestamp":"2026-06-05 15:04:48","userId":"c263bd68-d64b-44a0-9844-c26583b4381b"}
{"duration":"2ms","level":"error","message":"column \"read_at\" does not exist","timestamp":"2026-06-05 15:05:04"}
{"headers":{"accept":"application/json, text/plain, */*","accept-encoding":"gzip, deflate, br, zstd","accept-language":"en-GB,en;q=0.9","connection":"keep-alive","cookie":"access_token=eyJhbGciOiJIUzI1NiIsInR5cCI6IkpXVCJ9.eyJzdWIiOiJjMjYzYmQ2OC1kNjRiLTQ0YTAtOTg0NC1jMjY1ODNiNDM4MWIiLCJyb2xlIjoiYWdlbnQiLCJvcmdJZCI6bnVsbCwiaWF0IjoxNzgwNjUwNjQ0LCJleHAiOjE3ODA2NTQyNDR9.8vcEde1Sc-GPR3uybi_E-p8diXffYQXXtJYBQjRahvo; refresh_token=77d53d71ef076e48e7f208852f3ffa5198c99f50df538ad777c7401fb890175ddcbe7f09e617aade","dnt":"1","host":"localhost:3001","origin":"http://localhost:5173","referer":"http://localhost:5173/","sec-ch-ua":"\"Chromium\";v=\"148\", \"Google Chrome\";v=\"148\", \"Not/A)Brand\";v=\"99\"","sec-ch-ua-mobile":"?0","sec-ch-ua-platform":"\"Windows\"","sec-fetch-dest":"empty","sec-fetch-mode":"cors","sec-fetch-site":"same-site","user-agent":"Mozilla/5.0 (Windows NT 10.0; Win64; x64) AppleWebKit/537.36 (KHTML, like Gecko) Chrome/148.0.0.0 Safari/537.36"},"level":"error","message":"column \"read_at\" does not exist","method":"GET","orgId":null,"path":"/api/v1/notifications/unread-count","stack":"error: column \"read_at\" does not exist\n    at C:\\Users\\MohitVerma\\Documents\\Live Assignments\\CubastionNexus\\backend\\node_modules\\pg-pool\\index.js:45:11\n    at process.processTicksAndRejections (node:internal/process/task_queues:105:5)\n    at async query (C:\\Users\\MohitVerma\\Documents\\Live Assignments\\CubastionNexus\\backend\\src\\config\\database.js:43:20)\n    at async getUnreadCount (C:\\Users\\MohitVerma\\Documents\\Live Assignments\\CubastionNexus\\backend\\src\\controllers\\notifications.controller.js:46:20)","timestamp":"2026-06-05 15:05:04","userId":"c263bd68-d64b-44a0-9844-c26583b4381b"}
{"duration":"1ms","level":"error","message":"column \"read_at\" does not exist","timestamp":"2026-06-05 15:05:05"}
{"headers":{"accept":"application/json, text/plain, */*","accept-encoding":"gzip, deflate, br, zstd","accept-language":"en-GB,en;q=0.9","connection":"keep-alive","cookie":"access_token=eyJhbGciOiJIUzI1NiIsInR5cCI6IkpXVCJ9.eyJzdWIiOiJjMjYzYmQ2OC1kNjRiLTQ0YTAtOTg0NC1jMjY1ODNiNDM4MWIiLCJyb2xlIjoiYWdlbnQiLCJvcmdJZCI6bnVsbCwiaWF0IjoxNzgwNjUwNjQ0LCJleHAiOjE3ODA2NTQyNDR9.8vcEde1Sc-GPR3uybi_E-p8diXffYQXXtJYBQjRahvo; refresh_token=77d53d71ef076e48e7f208852f3ffa5198c99f50df538ad777c7401fb890175ddcbe7f09e617aade","dnt":"1","host":"localhost:3001","origin":"http://localhost:5173","referer":"http://localhost:5173/","sec-ch-ua":"\"Chromium\";v=\"148\", \"Google Chrome\";v=\"148\", \"Not/A)Brand\";v=\"99\"","sec-ch-ua-mobile":"?0","sec-ch-ua-platform":"\"Windows\"","sec-fetch-dest":"empty","sec-fetch-mode":"cors","sec-fetch-site":"same-site","user-agent":"Mozilla/5.0 (Windows NT 10.0; Win64; x64) AppleWebKit/537.36 (KHTML, like Gecko) Chrome/148.0.0.0 Safari/537.36"},"level":"error","message":"column \"read_at\" does not exist","method":"GET","orgId":null,"path":"/api/v1/notifications/unread-count","stack":"error: column \"read_at\" does not exist\n    at C:\\Users\\MohitVerma\\Documents\\Live Assignments\\CubastionNexus\\backend\\node_modules\\pg-pool\\index.js:45:11\n    at process.processTicksAndRejections (node:internal/process/task_queues:105:5)\n    at async query (C:\\Users\\MohitVerma\\Documents\\Live Assignments\\CubastionNexus\\backend\\src\\config\\database.js:43:20)\n    at async getUnreadCount (C:\\Users\\MohitVerma\\Documents\\Live Assignments\\CubastionNexus\\backend\\src\\controllers\\notifications.controller.js:46:20)","timestamp":"2026-06-05 15:05:05","userId":"c263bd68-d64b-44a0-9844-c26583b4381b"}
{"duration":"2ms","level":"error","message":"column \"read_at\" does not exist","timestamp":"2026-06-05 15:05:20"}
{"headers":{"accept":"application/json, text/plain, */*","accept-encoding":"gzip, deflate, br, zstd","accept-language":"en-GB,en;q=0.9","connection":"keep-alive","cookie":"access_token=eyJhbGciOiJIUzI1NiIsInR5cCI6IkpXVCJ9.eyJzdWIiOiJjMjYzYmQ2OC1kNjRiLTQ0YTAtOTg0NC1jMjY1ODNiNDM4MWIiLCJyb2xlIjoiYWdlbnQiLCJvcmdJZCI6bnVsbCwiaWF0IjoxNzgwNjUwNjQ0LCJleHAiOjE3ODA2NTQyNDR9.8vcEde1Sc-GPR3uybi_E-p8diXffYQXXtJYBQjRahvo; refresh_token=77d53d71ef076e48e7f208852f3ffa5198c99f50df538ad777c7401fb890175ddcbe7f09e617aade","dnt":"1","host":"localhost:3001","origin":"http://localhost:5173","referer":"http://localhost:5173/","sec-ch-ua":"\"Chromium\";v=\"148\", \"Google Chrome\";v=\"148\", \"Not/A)Brand\";v=\"99\"","sec-ch-ua-mobile":"?0","sec-ch-ua-platform":"\"Windows\"","sec-fetch-dest":"empty","sec-fetch-mode":"cors","sec-fetch-site":"same-site","user-agent":"Mozilla/5.0 (Windows NT 10.0; Win64; x64) AppleWebKit/537.36 (KHTML, like Gecko) Chrome/148.0.0.0 Safari/537.36"},"level":"error","message":"column \"read_at\" does not exist","method":"GET","orgId":null,"path":"/api/v1/notifications/unread-count","stack":"error: column \"read_at\" does not exist\n    at C:\\Users\\MohitVerma\\Documents\\Live Assignments\\CubastionNexus\\backend\\node_modules\\pg-pool\\index.js:45:11\n    at process.processTicksAndRejections (node:internal/process/task_queues:105:5)\n    at async query (C:\\Users\\MohitVerma\\Documents\\Live Assignments\\CubastionNexus\\backend\\src\\config\\database.js:43:20)\n    at async getUnreadCount (C:\\Users\\MohitVerma\\Documents\\Live Assignments\\CubastionNexus\\backend\\src\\controllers\\notifications.controller.js:46:20)","timestamp":"2026-06-05 15:05:20","userId":"c263bd68-d64b-44a0-9844-c26583b4381b"}
{"duration":"2ms","level":"error","message":"column \"read_at\" does not exist","timestamp":"2026-06-05 15:05:21"}
{"headers":{"accept":"application/json, text/plain, */*","accept-encoding":"gzip, deflate, br, zstd","accept-language":"en-GB,en;q=0.9","connection":"keep-alive","cookie":"access_token=eyJhbGciOiJIUzI1NiIsInR5cCI6IkpXVCJ9.eyJzdWIiOiJjMjYzYmQ2OC1kNjRiLTQ0YTAtOTg0NC1jMjY1ODNiNDM4MWIiLCJyb2xlIjoiYWdlbnQiLCJvcmdJZCI6bnVsbCwiaWF0IjoxNzgwNjUwNjQ0LCJleHAiOjE3ODA2NTQyNDR9.8vcEde1Sc-GPR3uybi_E-p8diXffYQXXtJYBQjRahvo; refresh_token=77d53d71ef076e48e7f208852f3ffa5198c99f50df538ad777c7401fb890175ddcbe7f09e617aade","dnt":"1","host":"localhost:3001","origin":"http://localhost:5173","referer":"http://localhost:5173/","sec-ch-ua":"\"Chromium\";v=\"148\", \"Google Chrome\";v=\"148\", \"Not/A)Brand\";v=\"99\"","sec-ch-ua-mobile":"?0","sec-ch-ua-platform":"\"Windows\"","sec-fetch-dest":"empty","sec-fetch-mode":"cors","sec-fetch-site":"same-site","user-agent":"Mozilla/5.0 (Windows NT 10.0; Win64; x64) AppleWebKit/537.36 (KHTML, like Gecko) Chrome/148.0.0.0 Safari/537.36"},"level":"error","message":"column \"read_at\" does not exist","method":"GET","orgId":null,"path":"/api/v1/notifications/unread-count","stack":"error: column \"read_at\" does not exist\n    at C:\\Users\\MohitVerma\\Documents\\Live Assignments\\CubastionNexus\\backend\\node_modules\\pg-pool\\index.js:45:11\n    at process.processTicksAndRejections (node:internal/process/task_queues:105:5)\n    at async query (C:\\Users\\MohitVerma\\Documents\\Live Assignments\\CubastionNexus\\backend\\src\\config\\database.js:43:20)\n    at async getUnreadCount (C:\\Users\\MohitVerma\\Documents\\Live Assignments\\CubastionNexus\\backend\\src\\controllers\\notifications.controller.js:46:20)","timestamp":"2026-06-05 15:05:21","userId":"c263bd68-d64b-44a0-9844-c26583b4381b"}
{"duration":"1ms","level":"error","message":"column \"read_at\" does not exist","timestamp":"2026-06-05 15:05:36"}
{"headers":{"accept":"application/json, text/plain, */*","accept-encoding":"gzip, deflate, br, zstd","accept-language":"en-GB,en;q=0.9","connection":"keep-alive","cookie":"access_token=eyJhbGciOiJIUzI1NiIsInR5cCI6IkpXVCJ9.eyJzdWIiOiJjMjYzYmQ2OC1kNjRiLTQ0YTAtOTg0NC1jMjY1ODNiNDM4MWIiLCJyb2xlIjoiYWdlbnQiLCJvcmdJZCI6bnVsbCwiaWF0IjoxNzgwNjUwNjQ0LCJleHAiOjE3ODA2NTQyNDR9.8vcEde1Sc-GPR3uybi_E-p8diXffYQXXtJYBQjRahvo; refresh_token=77d53d71ef076e48e7f208852f3ffa5198c99f50df538ad777c7401fb890175ddcbe7f09e617aade","dnt":"1","host":"localhost:3001","origin":"http://localhost:5173","referer":"http://localhost:5173/","sec-ch-ua":"\"Chromium\";v=\"148\", \"Google Chrome\";v=\"148\", \"Not/A)Brand\";v=\"99\"","sec-ch-ua-mobile":"?0","sec-ch-ua-platform":"\"Windows\"","sec-fetch-dest":"empty","sec-fetch-mode":"cors","sec-fetch-site":"same-site","user-agent":"Mozilla/5.0 (Windows NT 10.0; Win64; x64) AppleWebKit/537.36 (KHTML, like Gecko) Chrome/148.0.0.0 Safari/537.36"},"level":"error","message":"column \"read_at\" does not exist","method":"GET","orgId":null,"path":"/api/v1/notifications/unread-count","stack":"error: column \"read_at\" does not exist\n    at C:\\Users\\MohitVerma\\Documents\\Live Assignments\\CubastionNexus\\backend\\node_modules\\pg-pool\\index.js:45:11\n    at process.processTicksAndRejections (node:internal/process/task_queues:105:5)\n    at async query (C:\\Users\\MohitVerma\\Documents\\Live Assignments\\CubastionNexus\\backend\\src\\config\\database.js:43:20)\n    at async getUnreadCount (C:\\Users\\MohitVerma\\Documents\\Live Assignments\\CubastionNexus\\backend\\src\\controllers\\notifications.controller.js:46:20)","timestamp":"2026-06-05 15:05:36","userId":"c263bd68-d64b-44a0-9844-c26583b4381b"}
{"duration":"2ms","level":"error","message":"column \"read_at\" does not exist","timestamp":"2026-06-05 15:05:37"}
{"headers":{"accept":"application/json, text/plain, */*","accept-encoding":"gzip, deflate, br, zstd","accept-language":"en-GB,en;q=0.9","connection":"keep-alive","cookie":"access_token=eyJhbGciOiJIUzI1NiIsInR5cCI6IkpXVCJ9.eyJzdWIiOiJjMjYzYmQ2OC1kNjRiLTQ0YTAtOTg0NC1jMjY1ODNiNDM4MWIiLCJyb2xlIjoiYWdlbnQiLCJvcmdJZCI6bnVsbCwiaWF0IjoxNzgwNjUwNjQ0LCJleHAiOjE3ODA2NTQyNDR9.8vcEde1Sc-GPR3uybi_E-p8diXffYQXXtJYBQjRahvo; refresh_token=77d53d71ef076e48e7f208852f3ffa5198c99f50df538ad777c7401fb890175ddcbe7f09e617aade","dnt":"1","host":"localhost:3001","origin":"http://localhost:5173","referer":"http://localhost:5173/","sec-ch-ua":"\"Chromium\";v=\"148\", \"Google Chrome\";v=\"148\", \"Not/A)Brand\";v=\"99\"","sec-ch-ua-mobile":"?0","sec-ch-ua-platform":"\"Windows\"","sec-fetch-dest":"empty","sec-fetch-mode":"cors","sec-fetch-site":"same-site","user-agent":"Mozilla/5.0 (Windows NT 10.0; Win64; x64) AppleWebKit/537.36 (KHTML, like Gecko) Chrome/148.0.0.0 Safari/537.36"},"level":"error","message":"column \"read_at\" does not exist","method":"GET","orgId":null,"path":"/api/v1/notifications/unread-count","stack":"error: column \"read_at\" does not exist\n    at C:\\Users\\MohitVerma\\Documents\\Live Assignments\\CubastionNexus\\backend\\node_modules\\pg-pool\\index.js:45:11\n    at process.processTicksAndRejections (node:internal/process/task_queues:105:5)\n    at async query (C:\\Users\\MohitVerma\\Documents\\Live Assignments\\CubastionNexus\\backend\\src\\config\\database.js:43:20)\n    at async getUnreadCount (C:\\Users\\MohitVerma\\Documents\\Live Assignments\\CubastionNexus\\backend\\src\\controllers\\notifications.controller.js:46:20)","timestamp":"2026-06-05 15:05:37","userId":"c263bd68-d64b-44a0-9844-c26583b4381b"}
{"duration":"0ms","level":"error","message":"column \"read_at\" does not exist","timestamp":"2026-06-05 15:05:52"}
{"headers":{"accept":"application/json, text/plain, */*","accept-encoding":"gzip, deflate, br, zstd","accept-language":"en-GB,en;q=0.9","connection":"keep-alive","cookie":"access_token=eyJhbGciOiJIUzI1NiIsInR5cCI6IkpXVCJ9.eyJzdWIiOiJjMjYzYmQ2OC1kNjRiLTQ0YTAtOTg0NC1jMjY1ODNiNDM4MWIiLCJyb2xlIjoiYWdlbnQiLCJvcmdJZCI6bnVsbCwiaWF0IjoxNzgwNjUwNjQ0LCJleHAiOjE3ODA2NTQyNDR9.8vcEde1Sc-GPR3uybi_E-p8diXffYQXXtJYBQjRahvo; refresh_token=77d53d71ef076e48e7f208852f3ffa5198c99f50df538ad777c7401fb890175ddcbe7f09e617aade","dnt":"1","host":"localhost:3001","origin":"http://localhost:5173","referer":"http://localhost:5173/","sec-ch-ua":"\"Chromium\";v=\"148\", \"Google Chrome\";v=\"148\", \"Not/A)Brand\";v=\"99\"","sec-ch-ua-mobile":"?0","sec-ch-ua-platform":"\"Windows\"","sec-fetch-dest":"empty","sec-fetch-mode":"cors","sec-fetch-site":"same-site","user-agent":"Mozilla/5.0 (Windows NT 10.0; Win64; x64) AppleWebKit/537.36 (KHTML, like Gecko) Chrome/148.0.0.0 Safari/537.36"},"level":"error","message":"column \"read_at\" does not exist","method":"GET","orgId":null,"path":"/api/v1/notifications/unread-count","stack":"error: column \"read_at\" does not exist\n    at C:\\Users\\MohitVerma\\Documents\\Live Assignments\\CubastionNexus\\backend\\node_modules\\pg-pool\\index.js:45:11\n    at process.processTicksAndRejections (node:internal/process/task_queues:105:5)\n    at async query (C:\\Users\\MohitVerma\\Documents\\Live Assignments\\CubastionNexus\\backend\\src\\config\\database.js:43:20)\n    at async getUnreadCount (C:\\Users\\MohitVerma\\Documents\\Live Assignments\\CubastionNexus\\backend\\src\\controllers\\notifications.controller.js:46:20)","timestamp":"2026-06-05 15:05:52","userId":"c263bd68-d64b-44a0-9844-c26583b4381b"}
{"duration":"2ms","level":"error","message":"column \"read_at\" does not exist","timestamp":"2026-06-05 15:05:53"}
{"headers":{"accept":"application/json, text/plain, */*","accept-encoding":"gzip, deflate, br, zstd","accept-language":"en-GB,en;q=0.9","connection":"keep-alive","cookie":"access_token=eyJhbGciOiJIUzI1NiIsInR5cCI6IkpXVCJ9.eyJzdWIiOiJjMjYzYmQ2OC1kNjRiLTQ0YTAtOTg0NC1jMjY1ODNiNDM4MWIiLCJyb2xlIjoiYWdlbnQiLCJvcmdJZCI6bnVsbCwiaWF0IjoxNzgwNjUwNjQ0LCJleHAiOjE3ODA2NTQyNDR9.8vcEde1Sc-GPR3uybi_E-p8diXffYQXXtJYBQjRahvo; refresh_token=77d53d71ef076e48e7f208852f3ffa5198c99f50df538ad777c7401fb890175ddcbe7f09e617aade","dnt":"1","host":"localhost:3001","origin":"http://localhost:5173","referer":"http://localhost:5173/","sec-ch-ua":"\"Chromium\";v=\"148\", \"Google Chrome\";v=\"148\", \"Not/A)Brand\";v=\"99\"","sec-ch-ua-mobile":"?0","sec-ch-ua-platform":"\"Windows\"","sec-fetch-dest":"empty","sec-fetch-mode":"cors","sec-fetch-site":"same-site","user-agent":"Mozilla/5.0 (Windows NT 10.0; Win64; x64) AppleWebKit/537.36 (KHTML, like Gecko) Chrome/148.0.0.0 Safari/537.36"},"level":"error","message":"column \"read_at\" does not exist","method":"GET","orgId":null,"path":"/api/v1/notifications/unread-count","stack":"error: column \"read_at\" does not exist\n    at C:\\Users\\MohitVerma\\Documents\\Live Assignments\\CubastionNexus\\backend\\node_modules\\pg-pool\\index.js:45:11\n    at process.processTicksAndRejections (node:internal/process/task_queues:105:5)\n    at async query (C:\\Users\\MohitVerma\\Documents\\Live Assignments\\CubastionNexus\\backend\\src\\config\\database.js:43:20)\n    at async getUnreadCount (C:\\Users\\MohitVerma\\Documents\\Live Assignments\\CubastionNexus\\backend\\src\\controllers\\notifications.controller.js:46:20)","timestamp":"2026-06-05 15:05:53","userId":"c263bd68-d64b-44a0-9844-c26583b4381b"}
{"duration":"1ms","level":"error","message":"column \"read_at\" does not exist","timestamp":"2026-06-05 15:06:08"}
{"headers":{"accept":"application/json, text/plain, */*","accept-encoding":"gzip, deflate, br, zstd","accept-language":"en-GB,en-US;q=0.9,en;q=0.8","connection":"keep-alive","cookie":"access_token=eyJhbGciOiJIUzI1NiIsInR5cCI6IkpXVCJ9.eyJzdWIiOiJjMWZmZDg3My05MDhlLTQ5MWItYjBjYS1jNzUzMjE1NzlhODIiLCJyb2xlIjoiY3VzdG9tZXIiLCJvcmdJZCI6IjVhNjcyOWQyLWI4YjQtNGZjYi1iZjhkLWExNDMwZWQwMjU5YyIsImlhdCI6MTc4MDY0OTQ5OSwiZXhwIjoxNzgwNjUzMDk5fQ.RUWG4Gv-E9MyXN3d51QdMGmMWKZLFSMJ99mDFJsAtwU; refresh_token=6a573aa0fa7f9cb407addd69ddca52fcea5941673dcf333888378131b49a2ffaba443949519b80f8","dnt":"1","host":"localhost:3001","origin":"http://localhost:5173","referer":"http://localhost:5173/","sec-ch-ua":"\"Chromium\";v=\"148\", \"Google Chrome\";v=\"148\", \"Not/A)Brand\";v=\"99\"","sec-ch-ua-mobile":"?0","sec-ch-ua-platform":"\"Windows\"","sec-fetch-dest":"empty","sec-fetch-mode":"cors","sec-fetch-site":"same-site","user-agent":"Mozilla/5.0 (Windows NT 10.0; Win64; x64) AppleWebKit/537.36 (KHTML, like Gecko) Chrome/148.0.0.0 Safari/537.36"},"level":"error","message":"column \"read_at\" does not exist","method":"GET","orgId":"5a6729d2-b8b4-4fcb-bf8d-a1430ed0259c","path":"/api/v1/notifications/unread-count","stack":"error: column \"read_at\" does not exist\n    at C:\\Users\\MohitVerma\\Documents\\Live Assignments\\CubastionNexus\\backend\\node_modules\\pg-pool\\index.js:45:11\n    at process.processTicksAndRejections (node:internal/process/task_queues:105:5)\n    at async query (C:\\Users\\MohitVerma\\Documents\\Live Assignments\\CubastionNexus\\backend\\src\\config\\database.js:43:20)\n    at async getUnreadCount (C:\\Users\\MohitVerma\\Documents\\Live Assignments\\CubastionNexus\\backend\\src\\controllers\\notifications.controller.js:46:20)","timestamp":"2026-06-05 15:06:08","userId":"c1ffd873-908e-491b-b0ca-c75321579a82"}
{"duration":"2ms","level":"error","message":"column \"read_at\" does not exist","timestamp":"2026-06-05 15:06:08"}
{"headers":{"accept":"application/json, text/plain, */*","accept-encoding":"gzip, deflate, br, zstd","accept-language":"en-GB,en;q=0.9","connection":"keep-alive","cookie":"access_token=eyJhbGciOiJIUzI1NiIsInR5cCI6IkpXVCJ9.eyJzdWIiOiJjMjYzYmQ2OC1kNjRiLTQ0YTAtOTg0NC1jMjY1ODNiNDM4MWIiLCJyb2xlIjoiYWdlbnQiLCJvcmdJZCI6bnVsbCwiaWF0IjoxNzgwNjUwNjQ0LCJleHAiOjE3ODA2NTQyNDR9.8vcEde1Sc-GPR3uybi_E-p8diXffYQXXtJYBQjRahvo; refresh_token=77d53d71ef076e48e7f208852f3ffa5198c99f50df538ad777c7401fb890175ddcbe7f09e617aade","dnt":"1","host":"localhost:3001","origin":"http://localhost:5173","referer":"http://localhost:5173/","sec-ch-ua":"\"Chromium\";v=\"148\", \"Google Chrome\";v=\"148\", \"Not/A)Brand\";v=\"99\"","sec-ch-ua-mobile":"?0","sec-ch-ua-platform":"\"Windows\"","sec-fetch-dest":"empty","sec-fetch-mode":"cors","sec-fetch-site":"same-site","user-agent":"Mozilla/5.0 (Windows NT 10.0; Win64; x64) AppleWebKit/537.36 (KHTML, like Gecko) Chrome/148.0.0.0 Safari/537.36"},"level":"error","message":"column \"read_at\" does not exist","method":"GET","orgId":null,"path":"/api/v1/notifications/unread-count","stack":"error: column \"read_at\" does not exist\n    at C:\\Users\\MohitVerma\\Documents\\Live Assignments\\CubastionNexus\\backend\\node_modules\\pg-pool\\index.js:45:11\n    at process.processTicksAndRejections (node:internal/process/task_queues:105:5)\n    at async query (C:\\Users\\MohitVerma\\Documents\\Live Assignments\\CubastionNexus\\backend\\src\\config\\database.js:43:20)\n    at async getUnreadCount (C:\\Users\\MohitVerma\\Documents\\Live Assignments\\CubastionNexus\\backend\\src\\controllers\\notifications.controller.js:46:20)","timestamp":"2026-06-05 15:06:08","userId":"c263bd68-d64b-44a0-9844-c26583b4381b"}
{"duration":"2ms","level":"error","message":"column \"read_at\" does not exist","timestamp":"2026-06-05 15:06:09"}
{"headers":{"accept":"application/json, text/plain, */*","accept-encoding":"gzip, deflate, br, zstd","accept-language":"en-GB,en-US;q=0.9,en;q=0.8","connection":"keep-alive","cookie":"access_token=eyJhbGciOiJIUzI1NiIsInR5cCI6IkpXVCJ9.eyJzdWIiOiJjMWZmZDg3My05MDhlLTQ5MWItYjBjYS1jNzUzMjE1NzlhODIiLCJyb2xlIjoiY3VzdG9tZXIiLCJvcmdJZCI6IjVhNjcyOWQyLWI4YjQtNGZjYi1iZjhkLWExNDMwZWQwMjU5YyIsImlhdCI6MTc4MDY0OTQ5OSwiZXhwIjoxNzgwNjUzMDk5fQ.RUWG4Gv-E9MyXN3d51QdMGmMWKZLFSMJ99mDFJsAtwU; refresh_token=6a573aa0fa7f9cb407addd69ddca52fcea5941673dcf333888378131b49a2ffaba443949519b80f8","dnt":"1","host":"localhost:3001","origin":"http://localhost:5173","referer":"http://localhost:5173/","sec-ch-ua":"\"Chromium\";v=\"148\", \"Google Chrome\";v=\"148\", \"Not/A)Brand\";v=\"99\"","sec-ch-ua-mobile":"?0","sec-ch-ua-platform":"\"Windows\"","sec-fetch-dest":"empty","sec-fetch-mode":"cors","sec-fetch-site":"same-site","user-agent":"Mozilla/5.0 (Windows NT 10.0; Win64; x64) AppleWebKit/537.36 (KHTML, like Gecko) Chrome/148.0.0.0 Safari/537.36"},"level":"error","message":"column \"read_at\" does not exist","method":"GET","orgId":"5a6729d2-b8b4-4fcb-bf8d-a1430ed0259c","path":"/api/v1/notifications/unread-count","stack":"error: column \"read_at\" does not exist\n    at C:\\Users\\MohitVerma\\Documents\\Live Assignments\\CubastionNexus\\backend\\node_modules\\pg-pool\\index.js:45:11\n    at process.processTicksAndRejections (node:internal/process/task_queues:105:5)\n    at async query (C:\\Users\\MohitVerma\\Documents\\Live Assignments\\CubastionNexus\\backend\\src\\config\\database.js:43:20)\n    at async getUnreadCount (C:\\Users\\MohitVerma\\Documents\\Live Assignments\\CubastionNexus\\backend\\src\\controllers\\notifications.controller.js:46:20)","timestamp":"2026-06-05 15:06:09","userId":"c1ffd873-908e-491b-b0ca-c75321579a82"}
{"duration":"1ms","level":"error","message":"column \"read_at\" does not exist","timestamp":"2026-06-05 15:06:09"}
{"headers":{"accept":"application/json, text/plain, */*","accept-encoding":"gzip, deflate, br, zstd","accept-language":"en-GB,en;q=0.9","connection":"keep-alive","cookie":"access_token=eyJhbGciOiJIUzI1NiIsInR5cCI6IkpXVCJ9.eyJzdWIiOiJjMjYzYmQ2OC1kNjRiLTQ0YTAtOTg0NC1jMjY1ODNiNDM4MWIiLCJyb2xlIjoiYWdlbnQiLCJvcmdJZCI6bnVsbCwiaWF0IjoxNzgwNjUwNjQ0LCJleHAiOjE3ODA2NTQyNDR9.8vcEde1Sc-GPR3uybi_E-p8diXffYQXXtJYBQjRahvo; refresh_token=77d53d71ef076e48e7f208852f3ffa5198c99f50df538ad777c7401fb890175ddcbe7f09e617aade","dnt":"1","host":"localhost:3001","origin":"http://localhost:5173","referer":"http://localhost:5173/","sec-ch-ua":"\"Chromium\";v=\"148\", \"Google Chrome\";v=\"148\", \"Not/A)Brand\";v=\"99\"","sec-ch-ua-mobile":"?0","sec-ch-ua-platform":"\"Windows\"","sec-fetch-dest":"empty","sec-fetch-mode":"cors","sec-fetch-site":"same-site","user-agent":"Mozilla/5.0 (Windows NT 10.0; Win64; x64) AppleWebKit/537.36 (KHTML, like Gecko) Chrome/148.0.0.0 Safari/537.36"},"level":"error","message":"column \"read_at\" does not exist","method":"GET","orgId":null,"path":"/api/v1/notifications/unread-count","stack":"error: column \"read_at\" does not exist\n    at C:\\Users\\MohitVerma\\Documents\\Live Assignments\\CubastionNexus\\backend\\node_modules\\pg-pool\\index.js:45:11\n    at process.processTicksAndRejections (node:internal/process/task_queues:105:5)\n    at async query (C:\\Users\\MohitVerma\\Documents\\Live Assignments\\CubastionNexus\\backend\\src\\config\\database.js:43:20)\n    at async getUnreadCount (C:\\Users\\MohitVerma\\Documents\\Live Assignments\\CubastionNexus\\backend\\src\\controllers\\notifications.controller.js:46:20)","timestamp":"2026-06-05 15:06:09","userId":"c263bd68-d64b-44a0-9844-c26583b4381b"}
{"duration":"2ms","level":"error","message":"column \"read_at\" does not exist","timestamp":"2026-06-05 15:06:22"}
{"headers":{"accept":"application/json, text/plain, */*","accept-encoding":"gzip, deflate, br, zstd","accept-language":"en-GB,en-US;q=0.9,en;q=0.8","connection":"keep-alive","cookie":"access_token=eyJhbGciOiJIUzI1NiIsInR5cCI6IkpXVCJ9.eyJzdWIiOiJjMWZmZDg3My05MDhlLTQ5MWItYjBjYS1jNzUzMjE1NzlhODIiLCJyb2xlIjoiY3VzdG9tZXIiLCJvcmdJZCI6IjVhNjcyOWQyLWI4YjQtNGZjYi1iZjhkLWExNDMwZWQwMjU5YyIsImlhdCI6MTc4MDY0OTQ5OSwiZXhwIjoxNzgwNjUzMDk5fQ.RUWG4Gv-E9MyXN3d51QdMGmMWKZLFSMJ99mDFJsAtwU; refresh_token=6a573aa0fa7f9cb407addd69ddca52fcea5941673dcf333888378131b49a2ffaba443949519b80f8","dnt":"1","host":"localhost:3001","origin":"http://localhost:5173","referer":"http://localhost:5173/","sec-ch-ua":"\"Chromium\";v=\"148\", \"Google Chrome\";v=\"148\", \"Not/A)Brand\";v=\"99\"","sec-ch-ua-mobile":"?0","sec-ch-ua-platform":"\"Windows\"","sec-fetch-dest":"empty","sec-fetch-mode":"cors","sec-fetch-site":"same-site","user-agent":"Mozilla/5.0 (Windows NT 10.0; Win64; x64) AppleWebKit/537.36 (KHTML, like Gecko) Chrome/148.0.0.0 Safari/537.36"},"level":"error","message":"column \"read_at\" does not exist","method":"GET","orgId":"5a6729d2-b8b4-4fcb-bf8d-a1430ed0259c","path":"/api/v1/notifications/unread-count","stack":"error: column \"read_at\" does not exist\n    at C:\\Users\\MohitVerma\\Documents\\Live Assignments\\CubastionNexus\\backend\\node_modules\\pg-pool\\index.js:45:11\n    at process.processTicksAndRejections (node:internal/process/task_queues:105:5)\n    at async query (C:\\Users\\MohitVerma\\Documents\\Live Assignments\\CubastionNexus\\backend\\src\\config\\database.js:43:20)\n    at async getUnreadCount (C:\\Users\\MohitVerma\\Documents\\Live Assignments\\CubastionNexus\\backend\\src\\controllers\\notifications.controller.js:46:20)","timestamp":"2026-06-05 15:06:22","userId":"c1ffd873-908e-491b-b0ca-c75321579a82"}
{"duration":"2ms","level":"error","message":"column \"read_at\" does not exist","timestamp":"2026-06-05 15:06:23"}
{"headers":{"accept":"application/json, text/plain, */*","accept-encoding":"gzip, deflate, br, zstd","accept-language":"en-GB,en-US;q=0.9,en;q=0.8","connection":"keep-alive","cookie":"access_token=eyJhbGciOiJIUzI1NiIsInR5cCI6IkpXVCJ9.eyJzdWIiOiJjMWZmZDg3My05MDhlLTQ5MWItYjBjYS1jNzUzMjE1NzlhODIiLCJyb2xlIjoiY3VzdG9tZXIiLCJvcmdJZCI6IjVhNjcyOWQyLWI4YjQtNGZjYi1iZjhkLWExNDMwZWQwMjU5YyIsImlhdCI6MTc4MDY0OTQ5OSwiZXhwIjoxNzgwNjUzMDk5fQ.RUWG4Gv-E9MyXN3d51QdMGmMWKZLFSMJ99mDFJsAtwU; refresh_token=6a573aa0fa7f9cb407addd69ddca52fcea5941673dcf333888378131b49a2ffaba443949519b80f8","dnt":"1","host":"localhost:3001","origin":"http://localhost:5173","referer":"http://localhost:5173/","sec-ch-ua":"\"Chromium\";v=\"148\", \"Google Chrome\";v=\"148\", \"Not/A)Brand\";v=\"99\"","sec-ch-ua-mobile":"?0","sec-ch-ua-platform":"\"Windows\"","sec-fetch-dest":"empty","sec-fetch-mode":"cors","sec-fetch-site":"same-site","user-agent":"Mozilla/5.0 (Windows NT 10.0; Win64; x64) AppleWebKit/537.36 (KHTML, like Gecko) Chrome/148.0.0.0 Safari/537.36"},"level":"error","message":"column \"read_at\" does not exist","method":"GET","orgId":"5a6729d2-b8b4-4fcb-bf8d-a1430ed0259c","path":"/api/v1/notifications/unread-count","stack":"error: column \"read_at\" does not exist\n    at C:\\Users\\MohitVerma\\Documents\\Live Assignments\\CubastionNexus\\backend\\node_modules\\pg-pool\\index.js:45:11\n    at process.processTicksAndRejections (node:internal/process/task_queues:105:5)\n    at async query (C:\\Users\\MohitVerma\\Documents\\Live Assignments\\CubastionNexus\\backend\\src\\config\\database.js:43:20)\n    at async getUnreadCount (C:\\Users\\MohitVerma\\Documents\\Live Assignments\\CubastionNexus\\backend\\src\\controllers\\notifications.controller.js:46:20)","timestamp":"2026-06-05 15:06:23","userId":"c1ffd873-908e-491b-b0ca-c75321579a82"}
{"duration":"1ms","level":"error","message":"column \"read_at\" does not exist","timestamp":"2026-06-05 15:06:24"}
{"headers":{"accept":"application/json, text/plain, */*","accept-encoding":"gzip, deflate, br, zstd","accept-language":"en-GB,en;q=0.9","connection":"keep-alive","cookie":"access_token=eyJhbGciOiJIUzI1NiIsInR5cCI6IkpXVCJ9.eyJzdWIiOiJjMjYzYmQ2OC1kNjRiLTQ0YTAtOTg0NC1jMjY1ODNiNDM4MWIiLCJyb2xlIjoiYWdlbnQiLCJvcmdJZCI6bnVsbCwiaWF0IjoxNzgwNjUwNjQ0LCJleHAiOjE3ODA2NTQyNDR9.8vcEde1Sc-GPR3uybi_E-p8diXffYQXXtJYBQjRahvo; refresh_token=77d53d71ef076e48e7f208852f3ffa5198c99f50df538ad777c7401fb890175ddcbe7f09e617aade","dnt":"1","host":"localhost:3001","origin":"http://localhost:5173","referer":"http://localhost:5173/","sec-ch-ua":"\"Chromium\";v=\"148\", \"Google Chrome\";v=\"148\", \"Not/A)Brand\";v=\"99\"","sec-ch-ua-mobile":"?0","sec-ch-ua-platform":"\"Windows\"","sec-fetch-dest":"empty","sec-fetch-mode":"cors","sec-fetch-site":"same-site","user-agent":"Mozilla/5.0 (Windows NT 10.0; Win64; x64) AppleWebKit/537.36 (KHTML, like Gecko) Chrome/148.0.0.0 Safari/537.36"},"level":"error","message":"column \"read_at\" does not exist","method":"GET","orgId":null,"path":"/api/v1/notifications/unread-count","stack":"error: column \"read_at\" does not exist\n    at C:\\Users\\MohitVerma\\Documents\\Live Assignments\\CubastionNexus\\backend\\node_modules\\pg-pool\\index.js:45:11\n    at process.processTicksAndRejections (node:internal/process/task_queues:105:5)\n    at async query (C:\\Users\\MohitVerma\\Documents\\Live Assignments\\CubastionNexus\\backend\\src\\config\\database.js:43:20)\n    at async getUnreadCount (C:\\Users\\MohitVerma\\Documents\\Live Assignments\\CubastionNexus\\backend\\src\\controllers\\notifications.controller.js:46:20)","timestamp":"2026-06-05 15:06:24","userId":"c263bd68-d64b-44a0-9844-c26583b4381b"}
{"duration":"2ms","level":"error","message":"column \"read_at\" does not exist","timestamp":"2026-06-05 15:06:25"}
{"headers":{"accept":"application/json, text/plain, */*","accept-encoding":"gzip, deflate, br, zstd","accept-language":"en-GB,en;q=0.9","connection":"keep-alive","cookie":"access_token=eyJhbGciOiJIUzI1NiIsInR5cCI6IkpXVCJ9.eyJzdWIiOiJjMjYzYmQ2OC1kNjRiLTQ0YTAtOTg0NC1jMjY1ODNiNDM4MWIiLCJyb2xlIjoiYWdlbnQiLCJvcmdJZCI6bnVsbCwiaWF0IjoxNzgwNjUwNjQ0LCJleHAiOjE3ODA2NTQyNDR9.8vcEde1Sc-GPR3uybi_E-p8diXffYQXXtJYBQjRahvo; refresh_token=77d53d71ef076e48e7f208852f3ffa5198c99f50df538ad777c7401fb890175ddcbe7f09e617aade","dnt":"1","host":"localhost:3001","origin":"http://localhost:5173","referer":"http://localhost:5173/","sec-ch-ua":"\"Chromium\";v=\"148\", \"Google Chrome\";v=\"148\", \"Not/A)Brand\";v=\"99\"","sec-ch-ua-mobile":"?0","sec-ch-ua-platform":"\"Windows\"","sec-fetch-dest":"empty","sec-fetch-mode":"cors","sec-fetch-site":"same-site","user-agent":"Mozilla/5.0 (Windows NT 10.0; Win64; x64) AppleWebKit/537.36 (KHTML, like Gecko) Chrome/148.0.0.0 Safari/537.36"},"level":"error","message":"column \"read_at\" does not exist","method":"GET","orgId":null,"path":"/api/v1/notifications/unread-count","stack":"error: column \"read_at\" does not exist\n    at C:\\Users\\MohitVerma\\Documents\\Live Assignments\\CubastionNexus\\backend\\node_modules\\pg-pool\\index.js:45:11\n    at process.processTicksAndRejections (node:internal/process/task_queues:105:5)\n    at async query (C:\\Users\\MohitVerma\\Documents\\Live Assignments\\CubastionNexus\\backend\\src\\config\\database.js:43:20)\n    at async getUnreadCount (C:\\Users\\MohitVerma\\Documents\\Live Assignments\\CubastionNexus\\backend\\src\\controllers\\notifications.controller.js:46:20)","timestamp":"2026-06-05 15:06:25","userId":"c263bd68-d64b-44a0-9844-c26583b4381b"}
{"duration":"2ms","level":"error","message":"column \"read_at\" does not exist","timestamp":"2026-06-05 15:06:38"}
{"headers":{"accept":"application/json, text/plain, */*","accept-encoding":"gzip, deflate, br, zstd","accept-language":"en-GB,en-US;q=0.9,en;q=0.8","connection":"keep-alive","cookie":"access_token=eyJhbGciOiJIUzI1NiIsInR5cCI6IkpXVCJ9.eyJzdWIiOiJjMWZmZDg3My05MDhlLTQ5MWItYjBjYS1jNzUzMjE1NzlhODIiLCJyb2xlIjoiY3VzdG9tZXIiLCJvcmdJZCI6IjVhNjcyOWQyLWI4YjQtNGZjYi1iZjhkLWExNDMwZWQwMjU5YyIsImlhdCI6MTc4MDY0OTQ5OSwiZXhwIjoxNzgwNjUzMDk5fQ.RUWG4Gv-E9MyXN3d51QdMGmMWKZLFSMJ99mDFJsAtwU; refresh_token=6a573aa0fa7f9cb407addd69ddca52fcea5941673dcf333888378131b49a2ffaba443949519b80f8","dnt":"1","host":"localhost:3001","origin":"http://localhost:5173","referer":"http://localhost:5173/","sec-ch-ua":"\"Chromium\";v=\"148\", \"Google Chrome\";v=\"148\", \"Not/A)Brand\";v=\"99\"","sec-ch-ua-mobile":"?0","sec-ch-ua-platform":"\"Windows\"","sec-fetch-dest":"empty","sec-fetch-mode":"cors","sec-fetch-site":"same-site","user-agent":"Mozilla/5.0 (Windows NT 10.0; Win64; x64) AppleWebKit/537.36 (KHTML, like Gecko) Chrome/148.0.0.0 Safari/537.36"},"level":"error","message":"column \"read_at\" does not exist","method":"GET","orgId":"5a6729d2-b8b4-4fcb-bf8d-a1430ed0259c","path":"/api/v1/notifications/unread-count","stack":"error: column \"read_at\" does not exist\n    at C:\\Users\\MohitVerma\\Documents\\Live Assignments\\CubastionNexus\\backend\\node_modules\\pg-pool\\index.js:45:11\n    at process.processTicksAndRejections (node:internal/process/task_queues:105:5)\n    at async query (C:\\Users\\MohitVerma\\Documents\\Live Assignments\\CubastionNexus\\backend\\src\\config\\database.js:43:20)\n    at async getUnreadCount (C:\\Users\\MohitVerma\\Documents\\Live Assignments\\CubastionNexus\\backend\\src\\controllers\\notifications.controller.js:46:20)","timestamp":"2026-06-05 15:06:38","userId":"c1ffd873-908e-491b-b0ca-c75321579a82"}
{"duration":"2ms","level":"error","message":"column \"read_at\" does not exist","timestamp":"2026-06-05 15:06:39"}
{"headers":{"accept":"application/json, text/plain, */*","accept-encoding":"gzip, deflate, br, zstd","accept-language":"en-GB,en-US;q=0.9,en;q=0.8","connection":"keep-alive","cookie":"access_token=eyJhbGciOiJIUzI1NiIsInR5cCI6IkpXVCJ9.eyJzdWIiOiJjMWZmZDg3My05MDhlLTQ5MWItYjBjYS1jNzUzMjE1NzlhODIiLCJyb2xlIjoiY3VzdG9tZXIiLCJvcmdJZCI6IjVhNjcyOWQyLWI4YjQtNGZjYi1iZjhkLWExNDMwZWQwMjU5YyIsImlhdCI6MTc4MDY0OTQ5OSwiZXhwIjoxNzgwNjUzMDk5fQ.RUWG4Gv-E9MyXN3d51QdMGmMWKZLFSMJ99mDFJsAtwU; refresh_token=6a573aa0fa7f9cb407addd69ddca52fcea5941673dcf333888378131b49a2ffaba443949519b80f8","dnt":"1","host":"localhost:3001","origin":"http://localhost:5173","referer":"http://localhost:5173/","sec-ch-ua":"\"Chromium\";v=\"148\", \"Google Chrome\";v=\"148\", \"Not/A)Brand\";v=\"99\"","sec-ch-ua-mobile":"?0","sec-ch-ua-platform":"\"Windows\"","sec-fetch-dest":"empty","sec-fetch-mode":"cors","sec-fetch-site":"same-site","user-agent":"Mozilla/5.0 (Windows NT 10.0; Win64; x64) AppleWebKit/537.36 (KHTML, like Gecko) Chrome/148.0.0.0 Safari/537.36"},"level":"error","message":"column \"read_at\" does not exist","method":"GET","orgId":"5a6729d2-b8b4-4fcb-bf8d-a1430ed0259c","path":"/api/v1/notifications/unread-count","stack":"error: column \"read_at\" does not exist\n    at C:\\Users\\MohitVerma\\Documents\\Live Assignments\\CubastionNexus\\backend\\node_modules\\pg-pool\\index.js:45:11\n    at process.processTicksAndRejections (node:internal/process/task_queues:105:5)\n    at async query (C:\\Users\\MohitVerma\\Documents\\Live Assignments\\CubastionNexus\\backend\\src\\config\\database.js:43:20)\n    at async getUnreadCount (C:\\Users\\MohitVerma\\Documents\\Live Assignments\\CubastionNexus\\backend\\src\\controllers\\notifications.controller.js:46:20)","timestamp":"2026-06-05 15:06:39","userId":"c1ffd873-908e-491b-b0ca-c75321579a82"}
{"duration":"1ms","level":"error","message":"column \"read_at\" does not exist","timestamp":"2026-06-05 15:06:40"}
{"headers":{"accept":"application/json, text/plain, */*","accept-encoding":"gzip, deflate, br, zstd","accept-language":"en-GB,en;q=0.9","connection":"keep-alive","cookie":"access_token=eyJhbGciOiJIUzI1NiIsInR5cCI6IkpXVCJ9.eyJzdWIiOiJjMjYzYmQ2OC1kNjRiLTQ0YTAtOTg0NC1jMjY1ODNiNDM4MWIiLCJyb2xlIjoiYWdlbnQiLCJvcmdJZCI6bnVsbCwiaWF0IjoxNzgwNjUwNjQ0LCJleHAiOjE3ODA2NTQyNDR9.8vcEde1Sc-GPR3uybi_E-p8diXffYQXXtJYBQjRahvo; refresh_token=77d53d71ef076e48e7f208852f3ffa5198c99f50df538ad777c7401fb890175ddcbe7f09e617aade","dnt":"1","host":"localhost:3001","origin":"http://localhost:5173","referer":"http://localhost:5173/","sec-ch-ua":"\"Chromium\";v=\"148\", \"Google Chrome\";v=\"148\", \"Not/A)Brand\";v=\"99\"","sec-ch-ua-mobile":"?0","sec-ch-ua-platform":"\"Windows\"","sec-fetch-dest":"empty","sec-fetch-mode":"cors","sec-fetch-site":"same-site","user-agent":"Mozilla/5.0 (Windows NT 10.0; Win64; x64) AppleWebKit/537.36 (KHTML, like Gecko) Chrome/148.0.0.0 Safari/537.36"},"level":"error","message":"column \"read_at\" does not exist","method":"GET","orgId":null,"path":"/api/v1/notifications/unread-count","stack":"error: column \"read_at\" does not exist\n    at C:\\Users\\MohitVerma\\Documents\\Live Assignments\\CubastionNexus\\backend\\node_modules\\pg-pool\\index.js:45:11\n    at process.processTicksAndRejections (node:internal/process/task_queues:105:5)\n    at async query (C:\\Users\\MohitVerma\\Documents\\Live Assignments\\CubastionNexus\\backend\\src\\config\\database.js:43:20)\n    at async getUnreadCount (C:\\Users\\MohitVerma\\Documents\\Live Assignments\\CubastionNexus\\backend\\src\\controllers\\notifications.controller.js:46:20)","timestamp":"2026-06-05 15:06:40","userId":"c263bd68-d64b-44a0-9844-c26583b4381b"}
{"duration":"1ms","level":"error","message":"column \"read_at\" does not exist","timestamp":"2026-06-05 15:06:41"}
{"headers":{"accept":"application/json, text/plain, */*","accept-encoding":"gzip, deflate, br, zstd","accept-language":"en-GB,en;q=0.9","connection":"keep-alive","cookie":"access_token=eyJhbGciOiJIUzI1NiIsInR5cCI6IkpXVCJ9.eyJzdWIiOiJjMjYzYmQ2OC1kNjRiLTQ0YTAtOTg0NC1jMjY1ODNiNDM4MWIiLCJyb2xlIjoiYWdlbnQiLCJvcmdJZCI6bnVsbCwiaWF0IjoxNzgwNjUwNjQ0LCJleHAiOjE3ODA2NTQyNDR9.8vcEde1Sc-GPR3uybi_E-p8diXffYQXXtJYBQjRahvo; refresh_token=77d53d71ef076e48e7f208852f3ffa5198c99f50df538ad777c7401fb890175ddcbe7f09e617aade","dnt":"1","host":"localhost:3001","origin":"http://localhost:5173","referer":"http://localhost:5173/","sec-ch-ua":"\"Chromium\";v=\"148\", \"Google Chrome\";v=\"148\", \"Not/A)Brand\";v=\"99\"","sec-ch-ua-mobile":"?0","sec-ch-ua-platform":"\"Windows\"","sec-fetch-dest":"empty","sec-fetch-mode":"cors","sec-fetch-site":"same-site","user-agent":"Mozilla/5.0 (Windows NT 10.0; Win64; x64) AppleWebKit/537.36 (KHTML, like Gecko) Chrome/148.0.0.0 Safari/537.36"},"level":"error","message":"column \"read_at\" does not exist","method":"GET","orgId":null,"path":"/api/v1/notifications/unread-count","stack":"error: column \"read_at\" does not exist\n    at C:\\Users\\MohitVerma\\Documents\\Live Assignments\\CubastionNexus\\backend\\node_modules\\pg-pool\\index.js:45:11\n    at process.processTicksAndRejections (node:internal/process/task_queues:105:5)\n    at async query (C:\\Users\\MohitVerma\\Documents\\Live Assignments\\CubastionNexus\\backend\\src\\config\\database.js:43:20)\n    at async getUnreadCount (C:\\Users\\MohitVerma\\Documents\\Live Assignments\\CubastionNexus\\backend\\src\\controllers\\notifications.controller.js:46:20)","timestamp":"2026-06-05 15:06:41","userId":"c263bd68-d64b-44a0-9844-c26583b4381b"}
{"duration":"2ms","level":"error","message":"column \"read_at\" does not exist","timestamp":"2026-06-05 15:06:56"}
{"headers":{"accept":"application/json, text/plain, */*","accept-encoding":"gzip, deflate, br, zstd","accept-language":"en-GB,en;q=0.9","connection":"keep-alive","cookie":"access_token=eyJhbGciOiJIUzI1NiIsInR5cCI6IkpXVCJ9.eyJzdWIiOiJjMjYzYmQ2OC1kNjRiLTQ0YTAtOTg0NC1jMjY1ODNiNDM4MWIiLCJyb2xlIjoiYWdlbnQiLCJvcmdJZCI6bnVsbCwiaWF0IjoxNzgwNjUwNjQ0LCJleHAiOjE3ODA2NTQyNDR9.8vcEde1Sc-GPR3uybi_E-p8diXffYQXXtJYBQjRahvo; refresh_token=77d53d71ef076e48e7f208852f3ffa5198c99f50df538ad777c7401fb890175ddcbe7f09e617aade","dnt":"1","host":"localhost:3001","origin":"http://localhost:5173","referer":"http://localhost:5173/","sec-ch-ua":"\"Chromium\";v=\"148\", \"Google Chrome\";v=\"148\", \"Not/A)Brand\";v=\"99\"","sec-ch-ua-mobile":"?0","sec-ch-ua-platform":"\"Windows\"","sec-fetch-dest":"empty","sec-fetch-mode":"cors","sec-fetch-site":"same-site","user-agent":"Mozilla/5.0 (Windows NT 10.0; Win64; x64) AppleWebKit/537.36 (KHTML, like Gecko) Chrome/148.0.0.0 Safari/537.36"},"level":"error","message":"column \"read_at\" does not exist","method":"GET","orgId":null,"path":"/api/v1/notifications/unread-count","stack":"error: column \"read_at\" does not exist\n    at C:\\Users\\MohitVerma\\Documents\\Live Assignments\\CubastionNexus\\backend\\node_modules\\pg-pool\\index.js:45:11\n    at process.processTicksAndRejections (node:internal/process/task_queues:105:5)\n    at async query (C:\\Users\\MohitVerma\\Documents\\Live Assignments\\CubastionNexus\\backend\\src\\config\\database.js:43:20)\n    at async getUnreadCount (C:\\Users\\MohitVerma\\Documents\\Live Assignments\\CubastionNexus\\backend\\src\\controllers\\notifications.controller.js:46:20)","timestamp":"2026-06-05 15:06:56","userId":"c263bd68-d64b-44a0-9844-c26583b4381b"}
{"duration":"1ms","level":"error","message":"column \"read_at\" does not exist","timestamp":"2026-06-05 15:06:57"}
{"headers":{"accept":"application/json, text/plain, */*","accept-encoding":"gzip, deflate, br, zstd","accept-language":"en-GB,en;q=0.9","connection":"keep-alive","cookie":"access_token=eyJhbGciOiJIUzI1NiIsInR5cCI6IkpXVCJ9.eyJzdWIiOiJjMjYzYmQ2OC1kNjRiLTQ0YTAtOTg0NC1jMjY1ODNiNDM4MWIiLCJyb2xlIjoiYWdlbnQiLCJvcmdJZCI6bnVsbCwiaWF0IjoxNzgwNjUwNjQ0LCJleHAiOjE3ODA2NTQyNDR9.8vcEde1Sc-GPR3uybi_E-p8diXffYQXXtJYBQjRahvo; refresh_token=77d53d71ef076e48e7f208852f3ffa5198c99f50df538ad777c7401fb890175ddcbe7f09e617aade","dnt":"1","host":"localhost:3001","origin":"http://localhost:5173","referer":"http://localhost:5173/","sec-ch-ua":"\"Chromium\";v=\"148\", \"Google Chrome\";v=\"148\", \"Not/A)Brand\";v=\"99\"","sec-ch-ua-mobile":"?0","sec-ch-ua-platform":"\"Windows\"","sec-fetch-dest":"empty","sec-fetch-mode":"cors","sec-fetch-site":"same-site","user-agent":"Mozilla/5.0 (Windows NT 10.0; Win64; x64) AppleWebKit/537.36 (KHTML, like Gecko) Chrome/148.0.0.0 Safari/537.36"},"level":"error","message":"column \"read_at\" does not exist","method":"GET","orgId":null,"path":"/api/v1/notifications/unread-count","stack":"error: column \"read_at\" does not exist\n    at C:\\Users\\MohitVerma\\Documents\\Live Assignments\\CubastionNexus\\backend\\node_modules\\pg-pool\\index.js:45:11\n    at process.processTicksAndRejections (node:internal/process/task_queues:105:5)\n    at async query (C:\\Users\\MohitVerma\\Documents\\Live Assignments\\CubastionNexus\\backend\\src\\config\\database.js:43:20)\n    at async getUnreadCount (C:\\Users\\MohitVerma\\Documents\\Live Assignments\\CubastionNexus\\backend\\src\\controllers\\notifications.controller.js:46:20)","timestamp":"2026-06-05 15:06:57","userId":"c263bd68-d64b-44a0-9844-c26583b4381b"}
{"duration":"1ms","level":"error","message":"column \"read_at\" does not exist","timestamp":"2026-06-05 15:06:57"}
{"headers":{"accept":"application/json, text/plain, */*","accept-encoding":"gzip, deflate, br, zstd","accept-language":"en-GB,en-US;q=0.9,en;q=0.8","connection":"keep-alive","cookie":"access_token=eyJhbGciOiJIUzI1NiIsInR5cCI6IkpXVCJ9.eyJzdWIiOiJjMWZmZDg3My05MDhlLTQ5MWItYjBjYS1jNzUzMjE1NzlhODIiLCJyb2xlIjoiY3VzdG9tZXIiLCJvcmdJZCI6IjVhNjcyOWQyLWI4YjQtNGZjYi1iZjhkLWExNDMwZWQwMjU5YyIsImlhdCI6MTc4MDY0OTQ5OSwiZXhwIjoxNzgwNjUzMDk5fQ.RUWG4Gv-E9MyXN3d51QdMGmMWKZLFSMJ99mDFJsAtwU; refresh_token=6a573aa0fa7f9cb407addd69ddca52fcea5941673dcf333888378131b49a2ffaba443949519b80f8","dnt":"1","host":"localhost:3001","origin":"http://localhost:5173","referer":"http://localhost:5173/","sec-ch-ua":"\"Chromium\";v=\"148\", \"Google Chrome\";v=\"148\", \"Not/A)Brand\";v=\"99\"","sec-ch-ua-mobile":"?0","sec-ch-ua-platform":"\"Windows\"","sec-fetch-dest":"empty","sec-fetch-mode":"cors","sec-fetch-site":"same-site","user-agent":"Mozilla/5.0 (Windows NT 10.0; Win64; x64) AppleWebKit/537.36 (KHTML, like Gecko) Chrome/148.0.0.0 Safari/537.36"},"level":"error","message":"column \"read_at\" does not exist","method":"GET","orgId":"5a6729d2-b8b4-4fcb-bf8d-a1430ed0259c","path":"/api/v1/notifications/unread-count","stack":"error: column \"read_at\" does not exist\n    at C:\\Users\\MohitVerma\\Documents\\Live Assignments\\CubastionNexus\\backend\\node_modules\\pg-pool\\index.js:45:11\n    at process.processTicksAndRejections (node:internal/process/task_queues:105:5)\n    at async query (C:\\Users\\MohitVerma\\Documents\\Live Assignments\\CubastionNexus\\backend\\src\\config\\database.js:43:20)\n    at async getUnreadCount (C:\\Users\\MohitVerma\\Documents\\Live Assignments\\CubastionNexus\\backend\\src\\controllers\\notifications.controller.js:46:20)","timestamp":"2026-06-05 15:06:57","userId":"c1ffd873-908e-491b-b0ca-c75321579a82"}
{"duration":"2ms","level":"error","message":"column \"read_at\" does not exist","timestamp":"2026-06-05 15:06:58"}
{"headers":{"accept":"application/json, text/plain, */*","accept-encoding":"gzip, deflate, br, zstd","accept-language":"en-GB,en-US;q=0.9,en;q=0.8","connection":"keep-alive","cookie":"access_token=eyJhbGciOiJIUzI1NiIsInR5cCI6IkpXVCJ9.eyJzdWIiOiJjMWZmZDg3My05MDhlLTQ5MWItYjBjYS1jNzUzMjE1NzlhODIiLCJyb2xlIjoiY3VzdG9tZXIiLCJvcmdJZCI6IjVhNjcyOWQyLWI4YjQtNGZjYi1iZjhkLWExNDMwZWQwMjU5YyIsImlhdCI6MTc4MDY0OTQ5OSwiZXhwIjoxNzgwNjUzMDk5fQ.RUWG4Gv-E9MyXN3d51QdMGmMWKZLFSMJ99mDFJsAtwU; refresh_token=6a573aa0fa7f9cb407addd69ddca52fcea5941673dcf333888378131b49a2ffaba443949519b80f8","dnt":"1","host":"localhost:3001","origin":"http://localhost:5173","referer":"http://localhost:5173/","sec-ch-ua":"\"Chromium\";v=\"148\", \"Google Chrome\";v=\"148\", \"Not/A)Brand\";v=\"99\"","sec-ch-ua-mobile":"?0","sec-ch-ua-platform":"\"Windows\"","sec-fetch-dest":"empty","sec-fetch-mode":"cors","sec-fetch-site":"same-site","user-agent":"Mozilla/5.0 (Windows NT 10.0; Win64; x64) AppleWebKit/537.36 (KHTML, like Gecko) Chrome/148.0.0.0 Safari/537.36"},"level":"error","message":"column \"read_at\" does not exist","method":"GET","orgId":"5a6729d2-b8b4-4fcb-bf8d-a1430ed0259c","path":"/api/v1/notifications/unread-count","stack":"error: column \"read_at\" does not exist\n    at C:\\Users\\MohitVerma\\Documents\\Live Assignments\\CubastionNexus\\backend\\node_modules\\pg-pool\\index.js:45:11\n    at process.processTicksAndRejections (node:internal/process/task_queues:105:5)\n    at async query (C:\\Users\\MohitVerma\\Documents\\Live Assignments\\CubastionNexus\\backend\\src\\config\\database.js:43:20)\n    at async getUnreadCount (C:\\Users\\MohitVerma\\Documents\\Live Assignments\\CubastionNexus\\backend\\src\\controllers\\notifications.controller.js:46:20)","timestamp":"2026-06-05 15:06:58","userId":"c1ffd873-908e-491b-b0ca-c75321579a82"}
{"duration":"1ms","level":"error","message":"column \"read_at\" does not exist","timestamp":"2026-06-05 15:07:12"}
{"headers":{"accept":"application/json, text/plain, */*","accept-encoding":"gzip, deflate, br, zstd","accept-language":"en-GB,en;q=0.9","connection":"keep-alive","cookie":"access_token=eyJhbGciOiJIUzI1NiIsInR5cCI6IkpXVCJ9.eyJzdWIiOiJjMjYzYmQ2OC1kNjRiLTQ0YTAtOTg0NC1jMjY1ODNiNDM4MWIiLCJyb2xlIjoiYWdlbnQiLCJvcmdJZCI6bnVsbCwiaWF0IjoxNzgwNjUwNjQ0LCJleHAiOjE3ODA2NTQyNDR9.8vcEde1Sc-GPR3uybi_E-p8diXffYQXXtJYBQjRahvo; refresh_token=77d53d71ef076e48e7f208852f3ffa5198c99f50df538ad777c7401fb890175ddcbe7f09e617aade","dnt":"1","host":"localhost:3001","origin":"http://localhost:5173","referer":"http://localhost:5173/","sec-ch-ua":"\"Chromium\";v=\"148\", \"Google Chrome\";v=\"148\", \"Not/A)Brand\";v=\"99\"","sec-ch-ua-mobile":"?0","sec-ch-ua-platform":"\"Windows\"","sec-fetch-dest":"empty","sec-fetch-mode":"cors","sec-fetch-site":"same-site","user-agent":"Mozilla/5.0 (Windows NT 10.0; Win64; x64) AppleWebKit/537.36 (KHTML, like Gecko) Chrome/148.0.0.0 Safari/537.36"},"level":"error","message":"column \"read_at\" does not exist","method":"GET","orgId":null,"path":"/api/v1/notifications/unread-count","stack":"error: column \"read_at\" does not exist\n    at C:\\Users\\MohitVerma\\Documents\\Live Assignments\\CubastionNexus\\backend\\node_modules\\pg-pool\\index.js:45:11\n    at process.processTicksAndRejections (node:internal/process/task_queues:105:5)\n    at async query (C:\\Users\\MohitVerma\\Documents\\Live Assignments\\CubastionNexus\\backend\\src\\config\\database.js:43:20)\n    at async getUnreadCount (C:\\Users\\MohitVerma\\Documents\\Live Assignments\\CubastionNexus\\backend\\src\\controllers\\notifications.controller.js:46:20)","timestamp":"2026-06-05 15:07:12","userId":"c263bd68-d64b-44a0-9844-c26583b4381b"}
{"database":"nexusDev","host":"localhost","level":"info","message":"Database connection established","timestamp":"2026-06-05 15:07:54"}
{"level":"info","message":"Database connection verified","timestamp":"2026-06-05 15:07:54"}
{"level":"info","message":"SLA check job started (every 15 minutes)","timestamp":"2026-06-05 15:07:54"}
{"level":"info","message":"Server running on http://localhost:3001 [development]","timestamp":"2026-06-05 15:07:54"}
{"level":"info","message":"SLA check: no breaches or warnings","timestamp":"2026-06-05 15:07:54"}
{"duration":"2ms","level":"error","message":"column \"read_at\" does not exist","timestamp":"2026-06-05 15:08:01"}
{"headers":{"accept":"application/json, text/plain, */*","accept-encoding":"gzip, deflate, br, zstd","accept-language":"en-GB,en-US;q=0.9,en;q=0.8","connection":"keep-alive","cookie":"access_token=eyJhbGciOiJIUzI1NiIsInR5cCI6IkpXVCJ9.eyJzdWIiOiJjMWZmZDg3My05MDhlLTQ5MWItYjBjYS1jNzUzMjE1NzlhODIiLCJyb2xlIjoiY3VzdG9tZXIiLCJvcmdJZCI6IjVhNjcyOWQyLWI4YjQtNGZjYi1iZjhkLWExNDMwZWQwMjU5YyIsImlhdCI6MTc4MDY0OTQ5OSwiZXhwIjoxNzgwNjUzMDk5fQ.RUWG4Gv-E9MyXN3d51QdMGmMWKZLFSMJ99mDFJsAtwU; refresh_token=6a573aa0fa7f9cb407addd69ddca52fcea5941673dcf333888378131b49a2ffaba443949519b80f8","dnt":"1","host":"localhost:3001","origin":"http://localhost:5173","referer":"http://localhost:5173/","sec-ch-ua":"\"Chromium\";v=\"148\", \"Google Chrome\";v=\"148\", \"Not/A)Brand\";v=\"99\"","sec-ch-ua-mobile":"?0","sec-ch-ua-platform":"\"Windows\"","sec-fetch-dest":"empty","sec-fetch-mode":"cors","sec-fetch-site":"same-site","user-agent":"Mozilla/5.0 (Windows NT 10.0; Win64; x64) AppleWebKit/537.36 (KHTML, like Gecko) Chrome/148.0.0.0 Safari/537.36"},"level":"error","message":"column \"read_at\" does not exist","method":"GET","orgId":"5a6729d2-b8b4-4fcb-bf8d-a1430ed0259c","path":"/api/v1/notifications/unread-count","stack":"error: column \"read_at\" does not exist\n    at C:\\Users\\MohitVerma\\Documents\\Live Assignments\\CubastionNexus\\backend\\node_modules\\pg-pool\\index.js:45:11\n    at process.processTicksAndRejections (node:internal/process/task_queues:105:5)\n    at async query (C:\\Users\\MohitVerma\\Documents\\Live Assignments\\CubastionNexus\\backend\\src\\config\\database.js:43:20)\n    at async getUnreadCount (C:\\Users\\MohitVerma\\Documents\\Live Assignments\\CubastionNexus\\backend\\src\\controllers\\notifications.controller.js:46:20)","timestamp":"2026-06-05 15:08:01","userId":"c1ffd873-908e-491b-b0ca-c75321579a82"}
{"duration":"2ms","level":"error","message":"column \"read_at\" does not exist","timestamp":"2026-06-05 15:08:02"}
{"headers":{"accept":"application/json, text/plain, */*","accept-encoding":"gzip, deflate, br, zstd","accept-language":"en-GB,en-US;q=0.9,en;q=0.8","connection":"keep-alive","cookie":"access_token=eyJhbGciOiJIUzI1NiIsInR5cCI6IkpXVCJ9.eyJzdWIiOiJjMWZmZDg3My05MDhlLTQ5MWItYjBjYS1jNzUzMjE1NzlhODIiLCJyb2xlIjoiY3VzdG9tZXIiLCJvcmdJZCI6IjVhNjcyOWQyLWI4YjQtNGZjYi1iZjhkLWExNDMwZWQwMjU5YyIsImlhdCI6MTc4MDY0OTQ5OSwiZXhwIjoxNzgwNjUzMDk5fQ.RUWG4Gv-E9MyXN3d51QdMGmMWKZLFSMJ99mDFJsAtwU; refresh_token=6a573aa0fa7f9cb407addd69ddca52fcea5941673dcf333888378131b49a2ffaba443949519b80f8","dnt":"1","host":"localhost:3001","origin":"http://localhost:5173","referer":"http://localhost:5173/","sec-ch-ua":"\"Chromium\";v=\"148\", \"Google Chrome\";v=\"148\", \"Not/A)Brand\";v=\"99\"","sec-ch-ua-mobile":"?0","sec-ch-ua-platform":"\"Windows\"","sec-fetch-dest":"empty","sec-fetch-mode":"cors","sec-fetch-site":"same-site","user-agent":"Mozilla/5.0 (Windows NT 10.0; Win64; x64) AppleWebKit/537.36 (KHTML, like Gecko) Chrome/148.0.0.0 Safari/537.36"},"level":"error","message":"column \"read_at\" does not exist","method":"GET","orgId":"5a6729d2-b8b4-4fcb-bf8d-a1430ed0259c","path":"/api/v1/notifications/unread-count","stack":"error: column \"read_at\" does not exist\n    at C:\\Users\\MohitVerma\\Documents\\Live Assignments\\CubastionNexus\\backend\\node_modules\\pg-pool\\index.js:45:11\n    at process.processTicksAndRejections (node:internal/process/task_queues:105:5)\n    at async query (C:\\Users\\MohitVerma\\Documents\\Live Assignments\\CubastionNexus\\backend\\src\\config\\database.js:43:20)\n    at async getUnreadCount (C:\\Users\\MohitVerma\\Documents\\Live Assignments\\CubastionNexus\\backend\\src\\controllers\\notifications.controller.js:46:20)","timestamp":"2026-06-05 15:08:02","userId":"c1ffd873-908e-491b-b0ca-c75321579a82"}
{"duration":"2ms","level":"error","message":"column \"read_at\" does not exist","timestamp":"2026-06-05 15:08:02"}
{"headers":{"accept":"application/json, text/plain, */*","accept-encoding":"gzip, deflate, br, zstd","accept-language":"en-GB,en;q=0.9","connection":"keep-alive","cookie":"access_token=eyJhbGciOiJIUzI1NiIsInR5cCI6IkpXVCJ9.eyJzdWIiOiJjMjYzYmQ2OC1kNjRiLTQ0YTAtOTg0NC1jMjY1ODNiNDM4MWIiLCJyb2xlIjoiYWdlbnQiLCJvcmdJZCI6bnVsbCwiaWF0IjoxNzgwNjUwNjQ0LCJleHAiOjE3ODA2NTQyNDR9.8vcEde1Sc-GPR3uybi_E-p8diXffYQXXtJYBQjRahvo; refresh_token=77d53d71ef076e48e7f208852f3ffa5198c99f50df538ad777c7401fb890175ddcbe7f09e617aade","dnt":"1","host":"localhost:3001","origin":"http://localhost:5173","referer":"http://localhost:5173/","sec-ch-ua":"\"Chromium\";v=\"148\", \"Google Chrome\";v=\"148\", \"Not/A)Brand\";v=\"99\"","sec-ch-ua-mobile":"?0","sec-ch-ua-platform":"\"Windows\"","sec-fetch-dest":"empty","sec-fetch-mode":"cors","sec-fetch-site":"same-site","user-agent":"Mozilla/5.0 (Windows NT 10.0; Win64; x64) AppleWebKit/537.36 (KHTML, like Gecko) Chrome/148.0.0.0 Safari/537.36"},"level":"error","message":"column \"read_at\" does not exist","method":"GET","orgId":null,"path":"/api/v1/notifications/unread-count","stack":"error: column \"read_at\" does not exist\n    at C:\\Users\\MohitVerma\\Documents\\Live Assignments\\CubastionNexus\\backend\\node_modules\\pg-pool\\index.js:45:11\n    at process.processTicksAndRejections (node:internal/process/task_queues:105:5)\n    at async query (C:\\Users\\MohitVerma\\Documents\\Live Assignments\\CubastionNexus\\backend\\src\\config\\database.js:43:20)\n    at async getUnreadCount (C:\\Users\\MohitVerma\\Documents\\Live Assignments\\CubastionNexus\\backend\\src\\controllers\\notifications.controller.js:46:20)","timestamp":"2026-06-05 15:08:02","userId":"c263bd68-d64b-44a0-9844-c26583b4381b"}
{"duration":"2ms","level":"error","message":"column \"read_at\" does not exist","timestamp":"2026-06-05 15:08:03"}
{"headers":{"accept":"application/json, text/plain, */*","accept-encoding":"gzip, deflate, br, zstd","accept-language":"en-GB,en;q=0.9","connection":"keep-alive","cookie":"access_token=eyJhbGciOiJIUzI1NiIsInR5cCI6IkpXVCJ9.eyJzdWIiOiJjMjYzYmQ2OC1kNjRiLTQ0YTAtOTg0NC1jMjY1ODNiNDM4MWIiLCJyb2xlIjoiYWdlbnQiLCJvcmdJZCI6bnVsbCwiaWF0IjoxNzgwNjUwNjQ0LCJleHAiOjE3ODA2NTQyNDR9.8vcEde1Sc-GPR3uybi_E-p8diXffYQXXtJYBQjRahvo; refresh_token=77d53d71ef076e48e7f208852f3ffa5198c99f50df538ad777c7401fb890175ddcbe7f09e617aade","dnt":"1","host":"localhost:3001","origin":"http://localhost:5173","referer":"http://localhost:5173/","sec-ch-ua":"\"Chromium\";v=\"148\", \"Google Chrome\";v=\"148\", \"Not/A)Brand\";v=\"99\"","sec-ch-ua-mobile":"?0","sec-ch-ua-platform":"\"Windows\"","sec-fetch-dest":"empty","sec-fetch-mode":"cors","sec-fetch-site":"same-site","user-agent":"Mozilla/5.0 (Windows NT 10.0; Win64; x64) AppleWebKit/537.36 (KHTML, like Gecko) Chrome/148.0.0.0 Safari/537.36"},"level":"error","message":"column \"read_at\" does not exist","method":"GET","orgId":null,"path":"/api/v1/notifications/unread-count","stack":"error: column \"read_at\" does not exist\n    at C:\\Users\\MohitVerma\\Documents\\Live Assignments\\CubastionNexus\\backend\\node_modules\\pg-pool\\index.js:45:11\n    at process.processTicksAndRejections (node:internal/process/task_queues:105:5)\n    at async query (C:\\Users\\MohitVerma\\Documents\\Live Assignments\\CubastionNexus\\backend\\src\\config\\database.js:43:20)\n    at async getUnreadCount (C:\\Users\\MohitVerma\\Documents\\Live Assignments\\CubastionNexus\\backend\\src\\controllers\\notifications.controller.js:46:20)","timestamp":"2026-06-05 15:08:03","userId":"c263bd68-d64b-44a0-9844-c26583b4381b"}
{"level":"info","message":"Email sent","subject":"[CUB-00004] New reply on your ticket","timestamp":"2026-06-05 15:08:16","to":"varun.ahuja@cubastion.com"}
{"duration":"2ms","level":"error","message":"column \"read_at\" does not exist","timestamp":"2026-06-05 15:08:17"}
{"headers":{"accept":"application/json, text/plain, */*","accept-encoding":"gzip, deflate, br, zstd","accept-language":"en-GB,en-US;q=0.9,en;q=0.8","connection":"keep-alive","cookie":"access_token=eyJhbGciOiJIUzI1NiIsInR5cCI6IkpXVCJ9.eyJzdWIiOiJjMWZmZDg3My05MDhlLTQ5MWItYjBjYS1jNzUzMjE1NzlhODIiLCJyb2xlIjoiY3VzdG9tZXIiLCJvcmdJZCI6IjVhNjcyOWQyLWI4YjQtNGZjYi1iZjhkLWExNDMwZWQwMjU5YyIsImlhdCI6MTc4MDY0OTQ5OSwiZXhwIjoxNzgwNjUzMDk5fQ.RUWG4Gv-E9MyXN3d51QdMGmMWKZLFSMJ99mDFJsAtwU; refresh_token=6a573aa0fa7f9cb407addd69ddca52fcea5941673dcf333888378131b49a2ffaba443949519b80f8","dnt":"1","host":"localhost:3001","origin":"http://localhost:5173","referer":"http://localhost:5173/","sec-ch-ua":"\"Chromium\";v=\"148\", \"Google Chrome\";v=\"148\", \"Not/A)Brand\";v=\"99\"","sec-ch-ua-mobile":"?0","sec-ch-ua-platform":"\"Windows\"","sec-fetch-dest":"empty","sec-fetch-mode":"cors","sec-fetch-site":"same-site","user-agent":"Mozilla/5.0 (Windows NT 10.0; Win64; x64) AppleWebKit/537.36 (KHTML, like Gecko) Chrome/148.0.0.0 Safari/537.36"},"level":"error","message":"column \"read_at\" does not exist","method":"GET","orgId":"5a6729d2-b8b4-4fcb-bf8d-a1430ed0259c","path":"/api/v1/notifications/unread-count","stack":"error: column \"read_at\" does not exist\n    at C:\\Users\\MohitVerma\\Documents\\Live Assignments\\CubastionNexus\\backend\\node_modules\\pg-pool\\index.js:45:11\n    at process.processTicksAndRejections (node:internal/process/task_queues:105:5)\n    at async query (C:\\Users\\MohitVerma\\Documents\\Live Assignments\\CubastionNexus\\backend\\src\\config\\database.js:43:20)\n    at async getUnreadCount (C:\\Users\\MohitVerma\\Documents\\Live Assignments\\CubastionNexus\\backend\\src\\controllers\\notifications.controller.js:46:20)","timestamp":"2026-06-05 15:08:17","userId":"c1ffd873-908e-491b-b0ca-c75321579a82"}
{"duration":"2ms","level":"error","message":"column \"read_at\" does not exist","timestamp":"2026-06-05 15:08:18"}
{"headers":{"accept":"application/json, text/plain, */*","accept-encoding":"gzip, deflate, br, zstd","accept-language":"en-GB,en-US;q=0.9,en;q=0.8","connection":"keep-alive","cookie":"access_token=eyJhbGciOiJIUzI1NiIsInR5cCI6IkpXVCJ9.eyJzdWIiOiJjMWZmZDg3My05MDhlLTQ5MWItYjBjYS1jNzUzMjE1NzlhODIiLCJyb2xlIjoiY3VzdG9tZXIiLCJvcmdJZCI6IjVhNjcyOWQyLWI4YjQtNGZjYi1iZjhkLWExNDMwZWQwMjU5YyIsImlhdCI6MTc4MDY0OTQ5OSwiZXhwIjoxNzgwNjUzMDk5fQ.RUWG4Gv-E9MyXN3d51QdMGmMWKZLFSMJ99mDFJsAtwU; refresh_token=6a573aa0fa7f9cb407addd69ddca52fcea5941673dcf333888378131b49a2ffaba443949519b80f8","dnt":"1","host":"localhost:3001","origin":"http://localhost:5173","referer":"http://localhost:5173/","sec-ch-ua":"\"Chromium\";v=\"148\", \"Google Chrome\";v=\"148\", \"Not/A)Brand\";v=\"99\"","sec-ch-ua-mobile":"?0","sec-ch-ua-platform":"\"Windows\"","sec-fetch-dest":"empty","sec-fetch-mode":"cors","sec-fetch-site":"same-site","user-agent":"Mozilla/5.0 (Windows NT 10.0; Win64; x64) AppleWebKit/537.36 (KHTML, like Gecko) Chrome/148.0.0.0 Safari/537.36"},"level":"error","message":"column \"read_at\" does not exist","method":"GET","orgId":"5a6729d2-b8b4-4fcb-bf8d-a1430ed0259c","path":"/api/v1/notifications/unread-count","stack":"error: column \"read_at\" does not exist\n    at C:\\Users\\MohitVerma\\Documents\\Live Assignments\\CubastionNexus\\backend\\node_modules\\pg-pool\\index.js:45:11\n    at process.processTicksAndRejections (node:internal/process/task_queues:105:5)\n    at async query (C:\\Users\\MohitVerma\\Documents\\Live Assignments\\CubastionNexus\\backend\\src\\config\\database.js:43:20)\n    at async getUnreadCount (C:\\Users\\MohitVerma\\Documents\\Live Assignments\\CubastionNexus\\backend\\src\\controllers\\notifications.controller.js:46:20)","timestamp":"2026-06-05 15:08:18","userId":"c1ffd873-908e-491b-b0ca-c75321579a82"}
{"duration":"2ms","level":"error","message":"column \"read_at\" does not exist","timestamp":"2026-06-05 15:08:18"}
{"headers":{"accept":"application/json, text/plain, */*","accept-encoding":"gzip, deflate, br, zstd","accept-language":"en-GB,en;q=0.9","connection":"keep-alive","cookie":"access_token=eyJhbGciOiJIUzI1NiIsInR5cCI6IkpXVCJ9.eyJzdWIiOiJjMjYzYmQ2OC1kNjRiLTQ0YTAtOTg0NC1jMjY1ODNiNDM4MWIiLCJyb2xlIjoiYWdlbnQiLCJvcmdJZCI6bnVsbCwiaWF0IjoxNzgwNjUwNjQ0LCJleHAiOjE3ODA2NTQyNDR9.8vcEde1Sc-GPR3uybi_E-p8diXffYQXXtJYBQjRahvo; refresh_token=77d53d71ef076e48e7f208852f3ffa5198c99f50df538ad777c7401fb890175ddcbe7f09e617aade","dnt":"1","host":"localhost:3001","origin":"http://localhost:5173","referer":"http://localhost:5173/","sec-ch-ua":"\"Chromium\";v=\"148\", \"Google Chrome\";v=\"148\", \"Not/A)Brand\";v=\"99\"","sec-ch-ua-mobile":"?0","sec-ch-ua-platform":"\"Windows\"","sec-fetch-dest":"empty","sec-fetch-mode":"cors","sec-fetch-site":"same-site","user-agent":"Mozilla/5.0 (Windows NT 10.0; Win64; x64) AppleWebKit/537.36 (KHTML, like Gecko) Chrome/148.0.0.0 Safari/537.36"},"level":"error","message":"column \"read_at\" does not exist","method":"GET","orgId":null,"path":"/api/v1/notifications/unread-count","stack":"error: column \"read_at\" does not exist\n    at C:\\Users\\MohitVerma\\Documents\\Live Assignments\\CubastionNexus\\backend\\node_modules\\pg-pool\\index.js:45:11\n    at process.processTicksAndRejections (node:internal/process/task_queues:105:5)\n    at async query (C:\\Users\\MohitVerma\\Documents\\Live Assignments\\CubastionNexus\\backend\\src\\config\\database.js:43:20)\n    at async getUnreadCount (C:\\Users\\MohitVerma\\Documents\\Live Assignments\\CubastionNexus\\backend\\src\\controllers\\notifications.controller.js:46:20)","timestamp":"2026-06-05 15:08:18","userId":"c263bd68-d64b-44a0-9844-c26583b4381b"}
{"duration":"2ms","level":"error","message":"column \"read_at\" does not exist","timestamp":"2026-06-05 15:08:19"}
{"headers":{"accept":"application/json, text/plain, */*","accept-encoding":"gzip, deflate, br, zstd","accept-language":"en-GB,en;q=0.9","connection":"keep-alive","cookie":"access_token=eyJhbGciOiJIUzI1NiIsInR5cCI6IkpXVCJ9.eyJzdWIiOiJjMjYzYmQ2OC1kNjRiLTQ0YTAtOTg0NC1jMjY1ODNiNDM4MWIiLCJyb2xlIjoiYWdlbnQiLCJvcmdJZCI6bnVsbCwiaWF0IjoxNzgwNjUwNjQ0LCJleHAiOjE3ODA2NTQyNDR9.8vcEde1Sc-GPR3uybi_E-p8diXffYQXXtJYBQjRahvo; refresh_token=77d53d71ef076e48e7f208852f3ffa5198c99f50df538ad777c7401fb890175ddcbe7f09e617aade","dnt":"1","host":"localhost:3001","origin":"http://localhost:5173","referer":"http://localhost:5173/","sec-ch-ua":"\"Chromium\";v=\"148\", \"Google Chrome\";v=\"148\", \"Not/A)Brand\";v=\"99\"","sec-ch-ua-mobile":"?0","sec-ch-ua-platform":"\"Windows\"","sec-fetch-dest":"empty","sec-fetch-mode":"cors","sec-fetch-site":"same-site","user-agent":"Mozilla/5.0 (Windows NT 10.0; Win64; x64) AppleWebKit/537.36 (KHTML, like Gecko) Chrome/148.0.0.0 Safari/537.36"},"level":"error","message":"column \"read_at\" does not exist","method":"GET","orgId":null,"path":"/api/v1/notifications/unread-count","stack":"error: column \"read_at\" does not exist\n    at C:\\Users\\MohitVerma\\Documents\\Live Assignments\\CubastionNexus\\backend\\node_modules\\pg-pool\\index.js:45:11\n    at process.processTicksAndRejections (node:internal/process/task_queues:105:5)\n    at async query (C:\\Users\\MohitVerma\\Documents\\Live Assignments\\CubastionNexus\\backend\\src\\config\\database.js:43:20)\n    at async getUnreadCount (C:\\Users\\MohitVerma\\Documents\\Live Assignments\\CubastionNexus\\backend\\src\\controllers\\notifications.controller.js:46:20)","timestamp":"2026-06-05 15:08:19","userId":"c263bd68-d64b-44a0-9844-c26583b4381b"}
{"duration":"2ms","level":"error","message":"column \"read_at\" does not exist","timestamp":"2026-06-05 15:08:23"}
{"headers":{"accept":"application/json, text/plain, */*","accept-encoding":"gzip, deflate, br, zstd","accept-language":"en-GB,en-US;q=0.9,en;q=0.8","connection":"keep-alive","cookie":"access_token=eyJhbGciOiJIUzI1NiIsInR5cCI6IkpXVCJ9.eyJzdWIiOiJjMWZmZDg3My05MDhlLTQ5MWItYjBjYS1jNzUzMjE1NzlhODIiLCJyb2xlIjoiY3VzdG9tZXIiLCJvcmdJZCI6IjVhNjcyOWQyLWI4YjQtNGZjYi1iZjhkLWExNDMwZWQwMjU5YyIsImlhdCI6MTc4MDY0OTQ5OSwiZXhwIjoxNzgwNjUzMDk5fQ.RUWG4Gv-E9MyXN3d51QdMGmMWKZLFSMJ99mDFJsAtwU; refresh_token=6a573aa0fa7f9cb407addd69ddca52fcea5941673dcf333888378131b49a2ffaba443949519b80f8","dnt":"1","host":"localhost:3001","origin":"http://localhost:5173","referer":"http://localhost:5173/","sec-ch-ua":"\"Chromium\";v=\"148\", \"Google Chrome\";v=\"148\", \"Not/A)Brand\";v=\"99\"","sec-ch-ua-mobile":"?0","sec-ch-ua-platform":"\"Windows\"","sec-fetch-dest":"empty","sec-fetch-mode":"cors","sec-fetch-site":"same-site","user-agent":"Mozilla/5.0 (Windows NT 10.0; Win64; x64) AppleWebKit/537.36 (KHTML, like Gecko) Chrome/148.0.0.0 Safari/537.36"},"level":"error","message":"column \"read_at\" does not exist","method":"PATCH","orgId":"5a6729d2-b8b4-4fcb-bf8d-a1430ed0259c","path":"/api/v1/notifications/read-all","stack":"error: column \"read_at\" does not exist\n    at C:\\Users\\MohitVerma\\Documents\\Live Assignments\\CubastionNexus\\backend\\node_modules\\pg-pool\\index.js:45:11\n    at process.processTicksAndRejections (node:internal/process/task_queues:105:5)\n    at async query (C:\\Users\\MohitVerma\\Documents\\Live Assignments\\CubastionNexus\\backend\\src\\config\\database.js:43:20)\n    at async markAllRead (C:\\Users\\MohitVerma\\Documents\\Live Assignments\\CubastionNexus\\backend\\src\\controllers\\notifications.controller.js:36:5)","timestamp":"2026-06-05 15:08:23","userId":"c1ffd873-908e-491b-b0ca-c75321579a82"}
{"duration":"2ms","level":"error","message":"column \"read_at\" does not exist","timestamp":"2026-06-05 15:08:33"}
{"headers":{"accept":"application/json, text/plain, */*","accept-encoding":"gzip, deflate, br, zstd","accept-language":"en-GB,en-US;q=0.9,en;q=0.8","connection":"keep-alive","cookie":"access_token=eyJhbGciOiJIUzI1NiIsInR5cCI6IkpXVCJ9.eyJzdWIiOiJjMWZmZDg3My05MDhlLTQ5MWItYjBjYS1jNzUzMjE1NzlhODIiLCJyb2xlIjoiY3VzdG9tZXIiLCJvcmdJZCI6IjVhNjcyOWQyLWI4YjQtNGZjYi1iZjhkLWExNDMwZWQwMjU5YyIsImlhdCI6MTc4MDY0OTQ5OSwiZXhwIjoxNzgwNjUzMDk5fQ.RUWG4Gv-E9MyXN3d51QdMGmMWKZLFSMJ99mDFJsAtwU; refresh_token=6a573aa0fa7f9cb407addd69ddca52fcea5941673dcf333888378131b49a2ffaba443949519b80f8","dnt":"1","host":"localhost:3001","origin":"http://localhost:5173","referer":"http://localhost:5173/","sec-ch-ua":"\"Chromium\";v=\"148\", \"Google Chrome\";v=\"148\", \"Not/A)Brand\";v=\"99\"","sec-ch-ua-mobile":"?0","sec-ch-ua-platform":"\"Windows\"","sec-fetch-dest":"empty","sec-fetch-mode":"cors","sec-fetch-site":"same-site","user-agent":"Mozilla/5.0 (Windows NT 10.0; Win64; x64) AppleWebKit/537.36 (KHTML, like Gecko) Chrome/148.0.0.0 Safari/537.36"},"level":"error","message":"column \"read_at\" does not exist","method":"GET","orgId":"5a6729d2-b8b4-4fcb-bf8d-a1430ed0259c","path":"/api/v1/notifications/unread-count","stack":"error: column \"read_at\" does not exist\n    at C:\\Users\\MohitVerma\\Documents\\Live Assignments\\CubastionNexus\\backend\\node_modules\\pg-pool\\index.js:45:11\n    at process.processTicksAndRejections (node:internal/process/task_queues:105:5)\n    at async query (C:\\Users\\MohitVerma\\Documents\\Live Assignments\\CubastionNexus\\backend\\src\\config\\database.js:43:20)\n    at async getUnreadCount (C:\\Users\\MohitVerma\\Documents\\Live Assignments\\CubastionNexus\\backend\\src\\controllers\\notifications.controller.js:46:20)","timestamp":"2026-06-05 15:08:33","userId":"c1ffd873-908e-491b-b0ca-c75321579a82"}
{"duration":"3ms","level":"error","message":"column \"read_at\" does not exist","timestamp":"2026-06-05 15:08:34"}
{"headers":{"accept":"application/json, text/plain, */*","accept-encoding":"gzip, deflate, br, zstd","accept-language":"en-GB,en-US;q=0.9,en;q=0.8","connection":"keep-alive","cookie":"access_token=eyJhbGciOiJIUzI1NiIsInR5cCI6IkpXVCJ9.eyJzdWIiOiJjMWZmZDg3My05MDhlLTQ5MWItYjBjYS1jNzUzMjE1NzlhODIiLCJyb2xlIjoiY3VzdG9tZXIiLCJvcmdJZCI6IjVhNjcyOWQyLWI4YjQtNGZjYi1iZjhkLWExNDMwZWQwMjU5YyIsImlhdCI6MTc4MDY0OTQ5OSwiZXhwIjoxNzgwNjUzMDk5fQ.RUWG4Gv-E9MyXN3d51QdMGmMWKZLFSMJ99mDFJsAtwU; refresh_token=6a573aa0fa7f9cb407addd69ddca52fcea5941673dcf333888378131b49a2ffaba443949519b80f8","dnt":"1","host":"localhost:3001","origin":"http://localhost:5173","referer":"http://localhost:5173/","sec-ch-ua":"\"Chromium\";v=\"148\", \"Google Chrome\";v=\"148\", \"Not/A)Brand\";v=\"99\"","sec-ch-ua-mobile":"?0","sec-ch-ua-platform":"\"Windows\"","sec-fetch-dest":"empty","sec-fetch-mode":"cors","sec-fetch-site":"same-site","user-agent":"Mozilla/5.0 (Windows NT 10.0; Win64; x64) AppleWebKit/537.36 (KHTML, like Gecko) Chrome/148.0.0.0 Safari/537.36"},"level":"error","message":"column \"read_at\" does not exist","method":"GET","orgId":"5a6729d2-b8b4-4fcb-bf8d-a1430ed0259c","path":"/api/v1/notifications/unread-count","stack":"error: column \"read_at\" does not exist\n    at C:\\Users\\MohitVerma\\Documents\\Live Assignments\\CubastionNexus\\backend\\node_modules\\pg-pool\\index.js:45:11\n    at process.processTicksAndRejections (node:internal/process/task_queues:105:5)\n    at async query (C:\\Users\\MohitVerma\\Documents\\Live Assignments\\CubastionNexus\\backend\\src\\config\\database.js:43:20)\n    at async getUnreadCount (C:\\Users\\MohitVerma\\Documents\\Live Assignments\\CubastionNexus\\backend\\src\\controllers\\notifications.controller.js:46:20)","timestamp":"2026-06-05 15:08:34","userId":"c1ffd873-908e-491b-b0ca-c75321579a82"}
{"duration":"2ms","level":"error","message":"column \"read_at\" does not exist","timestamp":"2026-06-05 15:08:34"}
{"headers":{"accept":"application/json, text/plain, */*","accept-encoding":"gzip, deflate, br, zstd","accept-language":"en-GB,en;q=0.9","connection":"keep-alive","cookie":"access_token=eyJhbGciOiJIUzI1NiIsInR5cCI6IkpXVCJ9.eyJzdWIiOiJjMjYzYmQ2OC1kNjRiLTQ0YTAtOTg0NC1jMjY1ODNiNDM4MWIiLCJyb2xlIjoiYWdlbnQiLCJvcmdJZCI6bnVsbCwiaWF0IjoxNzgwNjUwNjQ0LCJleHAiOjE3ODA2NTQyNDR9.8vcEde1Sc-GPR3uybi_E-p8diXffYQXXtJYBQjRahvo; refresh_token=77d53d71ef076e48e7f208852f3ffa5198c99f50df538ad777c7401fb890175ddcbe7f09e617aade","dnt":"1","host":"localhost:3001","origin":"http://localhost:5173","referer":"http://localhost:5173/","sec-ch-ua":"\"Chromium\";v=\"148\", \"Google Chrome\";v=\"148\", \"Not/A)Brand\";v=\"99\"","sec-ch-ua-mobile":"?0","sec-ch-ua-platform":"\"Windows\"","sec-fetch-dest":"empty","sec-fetch-mode":"cors","sec-fetch-site":"same-site","user-agent":"Mozilla/5.0 (Windows NT 10.0; Win64; x64) AppleWebKit/537.36 (KHTML, like Gecko) Chrome/148.0.0.0 Safari/537.36"},"level":"error","message":"column \"read_at\" does not exist","method":"GET","orgId":null,"path":"/api/v1/notifications/unread-count","stack":"error: column \"read_at\" does not exist\n    at C:\\Users\\MohitVerma\\Documents\\Live Assignments\\CubastionNexus\\backend\\node_modules\\pg-pool\\index.js:45:11\n    at process.processTicksAndRejections (node:internal/process/task_queues:105:5)\n    at async query (C:\\Users\\MohitVerma\\Documents\\Live Assignments\\CubastionNexus\\backend\\src\\config\\database.js:43:20)\n    at async getUnreadCount (C:\\Users\\MohitVerma\\Documents\\Live Assignments\\CubastionNexus\\backend\\src\\controllers\\notifications.controller.js:46:20)","timestamp":"2026-06-05 15:08:34","userId":"c263bd68-d64b-44a0-9844-c26583b4381b"}
{"duration":"2ms","level":"error","message":"column \"read_at\" does not exist","timestamp":"2026-06-05 15:08:35"}
{"headers":{"accept":"application/json, text/plain, */*","accept-encoding":"gzip, deflate, br, zstd","accept-language":"en-GB,en;q=0.9","connection":"keep-alive","cookie":"access_token=eyJhbGciOiJIUzI1NiIsInR5cCI6IkpXVCJ9.eyJzdWIiOiJjMjYzYmQ2OC1kNjRiLTQ0YTAtOTg0NC1jMjY1ODNiNDM4MWIiLCJyb2xlIjoiYWdlbnQiLCJvcmdJZCI6bnVsbCwiaWF0IjoxNzgwNjUwNjQ0LCJleHAiOjE3ODA2NTQyNDR9.8vcEde1Sc-GPR3uybi_E-p8diXffYQXXtJYBQjRahvo; refresh_token=77d53d71ef076e48e7f208852f3ffa5198c99f50df538ad777c7401fb890175ddcbe7f09e617aade","dnt":"1","host":"localhost:3001","origin":"http://localhost:5173","referer":"http://localhost:5173/","sec-ch-ua":"\"Chromium\";v=\"148\", \"Google Chrome\";v=\"148\", \"Not/A)Brand\";v=\"99\"","sec-ch-ua-mobile":"?0","sec-ch-ua-platform":"\"Windows\"","sec-fetch-dest":"empty","sec-fetch-mode":"cors","sec-fetch-site":"same-site","user-agent":"Mozilla/5.0 (Windows NT 10.0; Win64; x64) AppleWebKit/537.36 (KHTML, like Gecko) Chrome/148.0.0.0 Safari/537.36"},"level":"error","message":"column \"read_at\" does not exist","method":"GET","orgId":null,"path":"/api/v1/notifications/unread-count","stack":"error: column \"read_at\" does not exist\n    at C:\\Users\\MohitVerma\\Documents\\Live Assignments\\CubastionNexus\\backend\\node_modules\\pg-pool\\index.js:45:11\n    at process.processTicksAndRejections (node:internal/process/task_queues:105:5)\n    at async query (C:\\Users\\MohitVerma\\Documents\\Live Assignments\\CubastionNexus\\backend\\src\\config\\database.js:43:20)\n    at async getUnreadCount (C:\\Users\\MohitVerma\\Documents\\Live Assignments\\CubastionNexus\\backend\\src\\controllers\\notifications.controller.js:46:20)","timestamp":"2026-06-05 15:08:35","userId":"c263bd68-d64b-44a0-9844-c26583b4381b"}
{"duration":"2ms","level":"error","message":"column \"read_at\" does not exist","timestamp":"2026-06-05 15:08:50"}
{"headers":{"accept":"application/json, text/plain, */*","accept-encoding":"gzip, deflate, br, zstd","accept-language":"en-GB,en;q=0.9","connection":"keep-alive","cookie":"access_token=eyJhbGciOiJIUzI1NiIsInR5cCI6IkpXVCJ9.eyJzdWIiOiJjMjYzYmQ2OC1kNjRiLTQ0YTAtOTg0NC1jMjY1ODNiNDM4MWIiLCJyb2xlIjoiYWdlbnQiLCJvcmdJZCI6bnVsbCwiaWF0IjoxNzgwNjUwNjQ0LCJleHAiOjE3ODA2NTQyNDR9.8vcEde1Sc-GPR3uybi_E-p8diXffYQXXtJYBQjRahvo; refresh_token=77d53d71ef076e48e7f208852f3ffa5198c99f50df538ad777c7401fb890175ddcbe7f09e617aade","dnt":"1","host":"localhost:3001","origin":"http://localhost:5173","referer":"http://localhost:5173/","sec-ch-ua":"\"Chromium\";v=\"148\", \"Google Chrome\";v=\"148\", \"Not/A)Brand\";v=\"99\"","sec-ch-ua-mobile":"?0","sec-ch-ua-platform":"\"Windows\"","sec-fetch-dest":"empty","sec-fetch-mode":"cors","sec-fetch-site":"same-site","user-agent":"Mozilla/5.0 (Windows NT 10.0; Win64; x64) AppleWebKit/537.36 (KHTML, like Gecko) Chrome/148.0.0.0 Safari/537.36"},"level":"error","message":"column \"read_at\" does not exist","method":"GET","orgId":null,"path":"/api/v1/notifications/unread-count","stack":"error: column \"read_at\" does not exist\n    at C:\\Users\\MohitVerma\\Documents\\Live Assignments\\CubastionNexus\\backend\\node_modules\\pg-pool\\index.js:45:11\n    at process.processTicksAndRejections (node:internal/process/task_queues:105:5)\n    at async query (C:\\Users\\MohitVerma\\Documents\\Live Assignments\\CubastionNexus\\backend\\src\\config\\database.js:43:20)\n    at async getUnreadCount (C:\\Users\\MohitVerma\\Documents\\Live Assignments\\CubastionNexus\\backend\\src\\controllers\\notifications.controller.js:46:20)","timestamp":"2026-06-05 15:08:50","userId":"c263bd68-d64b-44a0-9844-c26583b4381b"}
{"duration":"2ms","level":"error","message":"column \"read_at\" does not exist","timestamp":"2026-06-05 15:08:51"}
{"headers":{"accept":"application/json, text/plain, */*","accept-encoding":"gzip, deflate, br, zstd","accept-language":"en-GB,en;q=0.9","connection":"keep-alive","cookie":"access_token=eyJhbGciOiJIUzI1NiIsInR5cCI6IkpXVCJ9.eyJzdWIiOiJjMjYzYmQ2OC1kNjRiLTQ0YTAtOTg0NC1jMjY1ODNiNDM4MWIiLCJyb2xlIjoiYWdlbnQiLCJvcmdJZCI6bnVsbCwiaWF0IjoxNzgwNjUwNjQ0LCJleHAiOjE3ODA2NTQyNDR9.8vcEde1Sc-GPR3uybi_E-p8diXffYQXXtJYBQjRahvo; refresh_token=77d53d71ef076e48e7f208852f3ffa5198c99f50df538ad777c7401fb890175ddcbe7f09e617aade","dnt":"1","host":"localhost:3001","origin":"http://localhost:5173","referer":"http://localhost:5173/","sec-ch-ua":"\"Chromium\";v=\"148\", \"Google Chrome\";v=\"148\", \"Not/A)Brand\";v=\"99\"","sec-ch-ua-mobile":"?0","sec-ch-ua-platform":"\"Windows\"","sec-fetch-dest":"empty","sec-fetch-mode":"cors","sec-fetch-site":"same-site","user-agent":"Mozilla/5.0 (Windows NT 10.0; Win64; x64) AppleWebKit/537.36 (KHTML, like Gecko) Chrome/148.0.0.0 Safari/537.36"},"level":"error","message":"column \"read_at\" does not exist","method":"GET","orgId":null,"path":"/api/v1/notifications/unread-count","stack":"error: column \"read_at\" does not exist\n    at C:\\Users\\MohitVerma\\Documents\\Live Assignments\\CubastionNexus\\backend\\node_modules\\pg-pool\\index.js:45:11\n    at process.processTicksAndRejections (node:internal/process/task_queues:105:5)\n    at async query (C:\\Users\\MohitVerma\\Documents\\Live Assignments\\CubastionNexus\\backend\\src\\config\\database.js:43:20)\n    at async getUnreadCount (C:\\Users\\MohitVerma\\Documents\\Live Assignments\\CubastionNexus\\backend\\src\\controllers\\notifications.controller.js:46:20)","timestamp":"2026-06-05 15:08:51","userId":"c263bd68-d64b-44a0-9844-c26583b4381b"}
{"duration":"4ms","level":"error","message":"column \"read_at\" does not exist","timestamp":"2026-06-05 15:08:57"}
{"headers":{"accept":"application/json, text/plain, */*","accept-encoding":"gzip, deflate, br, zstd","accept-language":"en-GB,en-US;q=0.9,en;q=0.8","connection":"keep-alive","cookie":"access_token=eyJhbGciOiJIUzI1NiIsInR5cCI6IkpXVCJ9.eyJzdWIiOiJjMWZmZDg3My05MDhlLTQ5MWItYjBjYS1jNzUzMjE1NzlhODIiLCJyb2xlIjoiY3VzdG9tZXIiLCJvcmdJZCI6IjVhNjcyOWQyLWI4YjQtNGZjYi1iZjhkLWExNDMwZWQwMjU5YyIsImlhdCI6MTc4MDY0OTQ5OSwiZXhwIjoxNzgwNjUzMDk5fQ.RUWG4Gv-E9MyXN3d51QdMGmMWKZLFSMJ99mDFJsAtwU; refresh_token=6a573aa0fa7f9cb407addd69ddca52fcea5941673dcf333888378131b49a2ffaba443949519b80f8","dnt":"1","host":"localhost:3001","origin":"http://localhost:5173","referer":"http://localhost:5173/","sec-ch-ua":"\"Chromium\";v=\"148\", \"Google Chrome\";v=\"148\", \"Not/A)Brand\";v=\"99\"","sec-ch-ua-mobile":"?0","sec-ch-ua-platform":"\"Windows\"","sec-fetch-dest":"empty","sec-fetch-mode":"cors","sec-fetch-site":"same-site","user-agent":"Mozilla/5.0 (Windows NT 10.0; Win64; x64) AppleWebKit/537.36 (KHTML, like Gecko) Chrome/148.0.0.0 Safari/537.36"},"level":"error","message":"column \"read_at\" does not exist","method":"GET","orgId":"5a6729d2-b8b4-4fcb-bf8d-a1430ed0259c","path":"/api/v1/notifications/unread-count","stack":"error: column \"read_at\" does not exist\n    at C:\\Users\\MohitVerma\\Documents\\Live Assignments\\CubastionNexus\\backend\\node_modules\\pg-pool\\index.js:45:11\n    at process.processTicksAndRejections (node:internal/process/task_queues:105:5)\n    at async query (C:\\Users\\MohitVerma\\Documents\\Live Assignments\\CubastionNexus\\backend\\src\\config\\database.js:43:20)\n    at async getUnreadCount (C:\\Users\\MohitVerma\\Documents\\Live Assignments\\CubastionNexus\\backend\\src\\controllers\\notifications.controller.js:46:20)","timestamp":"2026-06-05 15:08:57","userId":"c1ffd873-908e-491b-b0ca-c75321579a82"}
{"duration":"1ms","level":"error","message":"column \"read_at\" does not exist","timestamp":"2026-06-05 15:08:58"}
{"headers":{"accept":"application/json, text/plain, */*","accept-encoding":"gzip, deflate, br, zstd","accept-language":"en-GB,en-US;q=0.9,en;q=0.8","connection":"keep-alive","cookie":"access_token=eyJhbGciOiJIUzI1NiIsInR5cCI6IkpXVCJ9.eyJzdWIiOiJjMWZmZDg3My05MDhlLTQ5MWItYjBjYS1jNzUzMjE1NzlhODIiLCJyb2xlIjoiY3VzdG9tZXIiLCJvcmdJZCI6IjVhNjcyOWQyLWI4YjQtNGZjYi1iZjhkLWExNDMwZWQwMjU5YyIsImlhdCI6MTc4MDY0OTQ5OSwiZXhwIjoxNzgwNjUzMDk5fQ.RUWG4Gv-E9MyXN3d51QdMGmMWKZLFSMJ99mDFJsAtwU; refresh_token=6a573aa0fa7f9cb407addd69ddca52fcea5941673dcf333888378131b49a2ffaba443949519b80f8","dnt":"1","host":"localhost:3001","origin":"http://localhost:5173","referer":"http://localhost:5173/","sec-ch-ua":"\"Chromium\";v=\"148\", \"Google Chrome\";v=\"148\", \"Not/A)Brand\";v=\"99\"","sec-ch-ua-mobile":"?0","sec-ch-ua-platform":"\"Windows\"","sec-fetch-dest":"empty","sec-fetch-mode":"cors","sec-fetch-site":"same-site","user-agent":"Mozilla/5.0 (Windows NT 10.0; Win64; x64) AppleWebKit/537.36 (KHTML, like Gecko) Chrome/148.0.0.0 Safari/537.36"},"level":"error","message":"column \"read_at\" does not exist","method":"GET","orgId":"5a6729d2-b8b4-4fcb-bf8d-a1430ed0259c","path":"/api/v1/notifications/unread-count","stack":"error: column \"read_at\" does not exist\n    at C:\\Users\\MohitVerma\\Documents\\Live Assignments\\CubastionNexus\\backend\\node_modules\\pg-pool\\index.js:45:11\n    at process.processTicksAndRejections (node:internal/process/task_queues:105:5)\n    at async query (C:\\Users\\MohitVerma\\Documents\\Live Assignments\\CubastionNexus\\backend\\src\\config\\database.js:43:20)\n    at async getUnreadCount (C:\\Users\\MohitVerma\\Documents\\Live Assignments\\CubastionNexus\\backend\\src\\controllers\\notifications.controller.js:46:20)","timestamp":"2026-06-05 15:08:58","userId":"c1ffd873-908e-491b-b0ca-c75321579a82"}
{"duration":"4ms","level":"error","message":"column \"read_at\" does not exist","timestamp":"2026-06-05 15:08:59"}
{"headers":{"accept":"application/json, text/plain, */*","accept-encoding":"gzip, deflate, br, zstd","accept-language":"en-GB,en;q=0.9","connection":"keep-alive","cookie":"access_token=eyJhbGciOiJIUzI1NiIsInR5cCI6IkpXVCJ9.eyJzdWIiOiJjMjYzYmQ2OC1kNjRiLTQ0YTAtOTg0NC1jMjY1ODNiNDM4MWIiLCJyb2xlIjoiYWdlbnQiLCJvcmdJZCI6bnVsbCwiaWF0IjoxNzgwNjUwNjQ0LCJleHAiOjE3ODA2NTQyNDR9.8vcEde1Sc-GPR3uybi_E-p8diXffYQXXtJYBQjRahvo; refresh_token=77d53d71ef076e48e7f208852f3ffa5198c99f50df538ad777c7401fb890175ddcbe7f09e617aade","dnt":"1","host":"localhost:3001","origin":"http://localhost:5173","referer":"http://localhost:5173/","sec-ch-ua":"\"Chromium\";v=\"148\", \"Google Chrome\";v=\"148\", \"Not/A)Brand\";v=\"99\"","sec-ch-ua-mobile":"?0","sec-ch-ua-platform":"\"Windows\"","sec-fetch-dest":"empty","sec-fetch-mode":"cors","sec-fetch-site":"same-site","user-agent":"Mozilla/5.0 (Windows NT 10.0; Win64; x64) AppleWebKit/537.36 (KHTML, like Gecko) Chrome/148.0.0.0 Safari/537.36"},"level":"error","message":"column \"read_at\" does not exist","method":"GET","orgId":null,"path":"/api/v1/notifications/unread-count","stack":"error: column \"read_at\" does not exist\n    at C:\\Users\\MohitVerma\\Documents\\Live Assignments\\CubastionNexus\\backend\\node_modules\\pg-pool\\index.js:45:11\n    at process.processTicksAndRejections (node:internal/process/task_queues:105:5)\n    at async query (C:\\Users\\MohitVerma\\Documents\\Live Assignments\\CubastionNexus\\backend\\src\\config\\database.js:43:20)\n    at async getUnreadCount (C:\\Users\\MohitVerma\\Documents\\Live Assignments\\CubastionNexus\\backend\\src\\controllers\\notifications.controller.js:46:20)","timestamp":"2026-06-05 15:08:59","userId":"c263bd68-d64b-44a0-9844-c26583b4381b"}
{"duration":"1ms","level":"error","message":"column \"read_at\" does not exist","timestamp":"2026-06-05 15:09:00"}
{"headers":{"accept":"application/json, text/plain, */*","accept-encoding":"gzip, deflate, br, zstd","accept-language":"en-GB,en;q=0.9","connection":"keep-alive","cookie":"access_token=eyJhbGciOiJIUzI1NiIsInR5cCI6IkpXVCJ9.eyJzdWIiOiJjMjYzYmQ2OC1kNjRiLTQ0YTAtOTg0NC1jMjY1ODNiNDM4MWIiLCJyb2xlIjoiYWdlbnQiLCJvcmdJZCI6bnVsbCwiaWF0IjoxNzgwNjUwNjQ0LCJleHAiOjE3ODA2NTQyNDR9.8vcEde1Sc-GPR3uybi_E-p8diXffYQXXtJYBQjRahvo; refresh_token=77d53d71ef076e48e7f208852f3ffa5198c99f50df538ad777c7401fb890175ddcbe7f09e617aade","dnt":"1","host":"localhost:3001","origin":"http://localhost:5173","referer":"http://localhost:5173/","sec-ch-ua":"\"Chromium\";v=\"148\", \"Google Chrome\";v=\"148\", \"Not/A)Brand\";v=\"99\"","sec-ch-ua-mobile":"?0","sec-ch-ua-platform":"\"Windows\"","sec-fetch-dest":"empty","sec-fetch-mode":"cors","sec-fetch-site":"same-site","user-agent":"Mozilla/5.0 (Windows NT 10.0; Win64; x64) AppleWebKit/537.36 (KHTML, like Gecko) Chrome/148.0.0.0 Safari/537.36"},"level":"error","message":"column \"read_at\" does not exist","method":"GET","orgId":null,"path":"/api/v1/notifications/unread-count","stack":"error: column \"read_at\" does not exist\n    at C:\\Users\\MohitVerma\\Documents\\Live Assignments\\CubastionNexus\\backend\\node_modules\\pg-pool\\index.js:45:11\n    at process.processTicksAndRejections (node:internal/process/task_queues:105:5)\n    at async query (C:\\Users\\MohitVerma\\Documents\\Live Assignments\\CubastionNexus\\backend\\src\\config\\database.js:43:20)\n    at async getUnreadCount (C:\\Users\\MohitVerma\\Documents\\Live Assignments\\CubastionNexus\\backend\\src\\controllers\\notifications.controller.js:46:20)","timestamp":"2026-06-05 15:09:00","userId":"c263bd68-d64b-44a0-9844-c26583b4381b"}
{"duration":"1ms","level":"error","message":"column \"read_at\" does not exist","timestamp":"2026-06-05 15:09:13"}
{"headers":{"accept":"application/json, text/plain, */*","accept-encoding":"gzip, deflate, br, zstd","accept-language":"en-GB,en-US;q=0.9,en;q=0.8","connection":"keep-alive","cookie":"access_token=eyJhbGciOiJIUzI1NiIsInR5cCI6IkpXVCJ9.eyJzdWIiOiJjMWZmZDg3My05MDhlLTQ5MWItYjBjYS1jNzUzMjE1NzlhODIiLCJyb2xlIjoiY3VzdG9tZXIiLCJvcmdJZCI6IjVhNjcyOWQyLWI4YjQtNGZjYi1iZjhkLWExNDMwZWQwMjU5YyIsImlhdCI6MTc4MDY0OTQ5OSwiZXhwIjoxNzgwNjUzMDk5fQ.RUWG4Gv-E9MyXN3d51QdMGmMWKZLFSMJ99mDFJsAtwU; refresh_token=6a573aa0fa7f9cb407addd69ddca52fcea5941673dcf333888378131b49a2ffaba443949519b80f8","dnt":"1","host":"localhost:3001","origin":"http://localhost:5173","referer":"http://localhost:5173/","sec-ch-ua":"\"Chromium\";v=\"148\", \"Google Chrome\";v=\"148\", \"Not/A)Brand\";v=\"99\"","sec-ch-ua-mobile":"?0","sec-ch-ua-platform":"\"Windows\"","sec-fetch-dest":"empty","sec-fetch-mode":"cors","sec-fetch-site":"same-site","user-agent":"Mozilla/5.0 (Windows NT 10.0; Win64; x64) AppleWebKit/537.36 (KHTML, like Gecko) Chrome/148.0.0.0 Safari/537.36"},"level":"error","message":"column \"read_at\" does not exist","method":"GET","orgId":"5a6729d2-b8b4-4fcb-bf8d-a1430ed0259c","path":"/api/v1/notifications/unread-count","stack":"error: column \"read_at\" does not exist\n    at C:\\Users\\MohitVerma\\Documents\\Live Assignments\\CubastionNexus\\backend\\node_modules\\pg-pool\\index.js:45:11\n    at process.processTicksAndRejections (node:internal/process/task_queues:105:5)\n    at async query (C:\\Users\\MohitVerma\\Documents\\Live Assignments\\CubastionNexus\\backend\\src\\config\\database.js:43:20)\n    at async getUnreadCount (C:\\Users\\MohitVerma\\Documents\\Live Assignments\\CubastionNexus\\backend\\src\\controllers\\notifications.controller.js:46:20)","timestamp":"2026-06-05 15:09:13","userId":"c1ffd873-908e-491b-b0ca-c75321579a82"}
{"duration":"1ms","level":"error","message":"column \"read_at\" does not exist","timestamp":"2026-06-05 15:09:14"}
{"headers":{"accept":"application/json, text/plain, */*","accept-encoding":"gzip, deflate, br, zstd","accept-language":"en-GB,en-US;q=0.9,en;q=0.8","connection":"keep-alive","cookie":"access_token=eyJhbGciOiJIUzI1NiIsInR5cCI6IkpXVCJ9.eyJzdWIiOiJjMWZmZDg3My05MDhlLTQ5MWItYjBjYS1jNzUzMjE1NzlhODIiLCJyb2xlIjoiY3VzdG9tZXIiLCJvcmdJZCI6IjVhNjcyOWQyLWI4YjQtNGZjYi1iZjhkLWExNDMwZWQwMjU5YyIsImlhdCI6MTc4MDY0OTQ5OSwiZXhwIjoxNzgwNjUzMDk5fQ.RUWG4Gv-E9MyXN3d51QdMGmMWKZLFSMJ99mDFJsAtwU; refresh_token=6a573aa0fa7f9cb407addd69ddca52fcea5941673dcf333888378131b49a2ffaba443949519b80f8","dnt":"1","host":"localhost:3001","origin":"http://localhost:5173","referer":"http://localhost:5173/","sec-ch-ua":"\"Chromium\";v=\"148\", \"Google Chrome\";v=\"148\", \"Not/A)Brand\";v=\"99\"","sec-ch-ua-mobile":"?0","sec-ch-ua-platform":"\"Windows\"","sec-fetch-dest":"empty","sec-fetch-mode":"cors","sec-fetch-site":"same-site","user-agent":"Mozilla/5.0 (Windows NT 10.0; Win64; x64) AppleWebKit/537.36 (KHTML, like Gecko) Chrome/148.0.0.0 Safari/537.36"},"level":"error","message":"column \"read_at\" does not exist","method":"GET","orgId":"5a6729d2-b8b4-4fcb-bf8d-a1430ed0259c","path":"/api/v1/notifications/unread-count","stack":"error: column \"read_at\" does not exist\n    at C:\\Users\\MohitVerma\\Documents\\Live Assignments\\CubastionNexus\\backend\\node_modules\\pg-pool\\index.js:45:11\n    at process.processTicksAndRejections (node:internal/process/task_queues:105:5)\n    at async query (C:\\Users\\MohitVerma\\Documents\\Live Assignments\\CubastionNexus\\backend\\src\\config\\database.js:43:20)\n    at async getUnreadCount (C:\\Users\\MohitVerma\\Documents\\Live Assignments\\CubastionNexus\\backend\\src\\controllers\\notifications.controller.js:46:20)","timestamp":"2026-06-05 15:09:14","userId":"c1ffd873-908e-491b-b0ca-c75321579a82"}
{"duration":"2ms","level":"error","message":"column \"read_at\" does not exist","timestamp":"2026-06-05 15:09:15"}
{"headers":{"accept":"application/json, text/plain, */*","accept-encoding":"gzip, deflate, br, zstd","accept-language":"en-GB,en;q=0.9","connection":"keep-alive","cookie":"access_token=eyJhbGciOiJIUzI1NiIsInR5cCI6IkpXVCJ9.eyJzdWIiOiJjMjYzYmQ2OC1kNjRiLTQ0YTAtOTg0NC1jMjY1ODNiNDM4MWIiLCJyb2xlIjoiYWdlbnQiLCJvcmdJZCI6bnVsbCwiaWF0IjoxNzgwNjUwNjQ0LCJleHAiOjE3ODA2NTQyNDR9.8vcEde1Sc-GPR3uybi_E-p8diXffYQXXtJYBQjRahvo; refresh_token=77d53d71ef076e48e7f208852f3ffa5198c99f50df538ad777c7401fb890175ddcbe7f09e617aade","dnt":"1","host":"localhost:3001","origin":"http://localhost:5173","referer":"http://localhost:5173/","sec-ch-ua":"\"Chromium\";v=\"148\", \"Google Chrome\";v=\"148\", \"Not/A)Brand\";v=\"99\"","sec-ch-ua-mobile":"?0","sec-ch-ua-platform":"\"Windows\"","sec-fetch-dest":"empty","sec-fetch-mode":"cors","sec-fetch-site":"same-site","user-agent":"Mozilla/5.0 (Windows NT 10.0; Win64; x64) AppleWebKit/537.36 (KHTML, like Gecko) Chrome/148.0.0.0 Safari/537.36"},"level":"error","message":"column \"read_at\" does not exist","method":"GET","orgId":null,"path":"/api/v1/notifications/unread-count","stack":"error: column \"read_at\" does not exist\n    at C:\\Users\\MohitVerma\\Documents\\Live Assignments\\CubastionNexus\\backend\\node_modules\\pg-pool\\index.js:45:11\n    at process.processTicksAndRejections (node:internal/process/task_queues:105:5)\n    at async query (C:\\Users\\MohitVerma\\Documents\\Live Assignments\\CubastionNexus\\backend\\src\\config\\database.js:43:20)\n    at async getUnreadCount (C:\\Users\\MohitVerma\\Documents\\Live Assignments\\CubastionNexus\\backend\\src\\controllers\\notifications.controller.js:46:20)","timestamp":"2026-06-05 15:09:15","userId":"c263bd68-d64b-44a0-9844-c26583b4381b"}
{"duration":"3ms","level":"error","message":"column \"read_at\" does not exist","timestamp":"2026-06-05 15:09:16"}
{"headers":{"accept":"application/json, text/plain, */*","accept-encoding":"gzip, deflate, br, zstd","accept-language":"en-GB,en;q=0.9","connection":"keep-alive","cookie":"access_token=eyJhbGciOiJIUzI1NiIsInR5cCI6IkpXVCJ9.eyJzdWIiOiJjMjYzYmQ2OC1kNjRiLTQ0YTAtOTg0NC1jMjY1ODNiNDM4MWIiLCJyb2xlIjoiYWdlbnQiLCJvcmdJZCI6bnVsbCwiaWF0IjoxNzgwNjUwNjQ0LCJleHAiOjE3ODA2NTQyNDR9.8vcEde1Sc-GPR3uybi_E-p8diXffYQXXtJYBQjRahvo; refresh_token=77d53d71ef076e48e7f208852f3ffa5198c99f50df538ad777c7401fb890175ddcbe7f09e617aade","dnt":"1","host":"localhost:3001","origin":"http://localhost:5173","referer":"http://localhost:5173/","sec-ch-ua":"\"Chromium\";v=\"148\", \"Google Chrome\";v=\"148\", \"Not/A)Brand\";v=\"99\"","sec-ch-ua-mobile":"?0","sec-ch-ua-platform":"\"Windows\"","sec-fetch-dest":"empty","sec-fetch-mode":"cors","sec-fetch-site":"same-site","user-agent":"Mozilla/5.0 (Windows NT 10.0; Win64; x64) AppleWebKit/537.36 (KHTML, like Gecko) Chrome/148.0.0.0 Safari/537.36"},"level":"error","message":"column \"read_at\" does not exist","method":"GET","orgId":null,"path":"/api/v1/notifications/unread-count","stack":"error: column \"read_at\" does not exist\n    at C:\\Users\\MohitVerma\\Documents\\Live Assignments\\CubastionNexus\\backend\\node_modules\\pg-pool\\index.js:45:11\n    at process.processTicksAndRejections (node:internal/process/task_queues:105:5)\n    at async query (C:\\Users\\MohitVerma\\Documents\\Live Assignments\\CubastionNexus\\backend\\src\\config\\database.js:43:20)\n    at async getUnreadCount (C:\\Users\\MohitVerma\\Documents\\Live Assignments\\CubastionNexus\\backend\\src\\controllers\\notifications.controller.js:46:20)","timestamp":"2026-06-05 15:09:16","userId":"c263bd68-d64b-44a0-9844-c26583b4381b"}
{"duration":"1ms","level":"error","message":"column \"read_at\" does not exist","timestamp":"2026-06-05 15:09:31"}
{"headers":{"accept":"application/json, text/plain, */*","accept-encoding":"gzip, deflate, br, zstd","accept-language":"en-GB,en;q=0.9","connection":"keep-alive","cookie":"access_token=eyJhbGciOiJIUzI1NiIsInR5cCI6IkpXVCJ9.eyJzdWIiOiJjMjYzYmQ2OC1kNjRiLTQ0YTAtOTg0NC1jMjY1ODNiNDM4MWIiLCJyb2xlIjoiYWdlbnQiLCJvcmdJZCI6bnVsbCwiaWF0IjoxNzgwNjUwNjQ0LCJleHAiOjE3ODA2NTQyNDR9.8vcEde1Sc-GPR3uybi_E-p8diXffYQXXtJYBQjRahvo; refresh_token=77d53d71ef076e48e7f208852f3ffa5198c99f50df538ad777c7401fb890175ddcbe7f09e617aade","dnt":"1","host":"localhost:3001","origin":"http://localhost:5173","referer":"http://localhost:5173/","sec-ch-ua":"\"Chromium\";v=\"148\", \"Google Chrome\";v=\"148\", \"Not/A)Brand\";v=\"99\"","sec-ch-ua-mobile":"?0","sec-ch-ua-platform":"\"Windows\"","sec-fetch-dest":"empty","sec-fetch-mode":"cors","sec-fetch-site":"same-site","user-agent":"Mozilla/5.0 (Windows NT 10.0; Win64; x64) AppleWebKit/537.36 (KHTML, like Gecko) Chrome/148.0.0.0 Safari/537.36"},"level":"error","message":"column \"read_at\" does not exist","method":"GET","orgId":null,"path":"/api/v1/notifications/unread-count","stack":"error: column \"read_at\" does not exist\n    at C:\\Users\\MohitVerma\\Documents\\Live Assignments\\CubastionNexus\\backend\\node_modules\\pg-pool\\index.js:45:11\n    at process.processTicksAndRejections (node:internal/process/task_queues:105:5)\n    at async query (C:\\Users\\MohitVerma\\Documents\\Live Assignments\\CubastionNexus\\backend\\src\\config\\database.js:43:20)\n    at async getUnreadCount (C:\\Users\\MohitVerma\\Documents\\Live Assignments\\CubastionNexus\\backend\\src\\controllers\\notifications.controller.js:46:20)","timestamp":"2026-06-05 15:09:31","userId":"c263bd68-d64b-44a0-9844-c26583b4381b"}
{"duration":"2ms","level":"error","message":"column \"read_at\" does not exist","timestamp":"2026-06-05 15:09:32"}
{"headers":{"accept":"application/json, text/plain, */*","accept-encoding":"gzip, deflate, br, zstd","accept-language":"en-GB,en;q=0.9","connection":"keep-alive","cookie":"access_token=eyJhbGciOiJIUzI1NiIsInR5cCI6IkpXVCJ9.eyJzdWIiOiJjMjYzYmQ2OC1kNjRiLTQ0YTAtOTg0NC1jMjY1ODNiNDM4MWIiLCJyb2xlIjoiYWdlbnQiLCJvcmdJZCI6bnVsbCwiaWF0IjoxNzgwNjUwNjQ0LCJleHAiOjE3ODA2NTQyNDR9.8vcEde1Sc-GPR3uybi_E-p8diXffYQXXtJYBQjRahvo; refresh_token=77d53d71ef076e48e7f208852f3ffa5198c99f50df538ad777c7401fb890175ddcbe7f09e617aade","dnt":"1","host":"localhost:3001","origin":"http://localhost:5173","referer":"http://localhost:5173/","sec-ch-ua":"\"Chromium\";v=\"148\", \"Google Chrome\";v=\"148\", \"Not/A)Brand\";v=\"99\"","sec-ch-ua-mobile":"?0","sec-ch-ua-platform":"\"Windows\"","sec-fetch-dest":"empty","sec-fetch-mode":"cors","sec-fetch-site":"same-site","user-agent":"Mozilla/5.0 (Windows NT 10.0; Win64; x64) AppleWebKit/537.36 (KHTML, like Gecko) Chrome/148.0.0.0 Safari/537.36"},"level":"error","message":"column \"read_at\" does not exist","method":"GET","orgId":null,"path":"/api/v1/notifications/unread-count","stack":"error: column \"read_at\" does not exist\n    at C:\\Users\\MohitVerma\\Documents\\Live Assignments\\CubastionNexus\\backend\\node_modules\\pg-pool\\index.js:45:11\n    at process.processTicksAndRejections (node:internal/process/task_queues:105:5)\n    at async query (C:\\Users\\MohitVerma\\Documents\\Live Assignments\\CubastionNexus\\backend\\src\\config\\database.js:43:20)\n    at async getUnreadCount (C:\\Users\\MohitVerma\\Documents\\Live Assignments\\CubastionNexus\\backend\\src\\controllers\\notifications.controller.js:46:20)","timestamp":"2026-06-05 15:09:32","userId":"c263bd68-d64b-44a0-9844-c26583b4381b"}
{"duration":"1ms","level":"error","message":"column \"read_at\" does not exist","timestamp":"2026-06-05 15:09:47"}
{"headers":{"accept":"application/json, text/plain, */*","accept-encoding":"gzip, deflate, br, zstd","accept-language":"en-GB,en;q=0.9","connection":"keep-alive","cookie":"access_token=eyJhbGciOiJIUzI1NiIsInR5cCI6IkpXVCJ9.eyJzdWIiOiJjMjYzYmQ2OC1kNjRiLTQ0YTAtOTg0NC1jMjY1ODNiNDM4MWIiLCJyb2xlIjoiYWdlbnQiLCJvcmdJZCI6bnVsbCwiaWF0IjoxNzgwNjUwNjQ0LCJleHAiOjE3ODA2NTQyNDR9.8vcEde1Sc-GPR3uybi_E-p8diXffYQXXtJYBQjRahvo; refresh_token=77d53d71ef076e48e7f208852f3ffa5198c99f50df538ad777c7401fb890175ddcbe7f09e617aade","dnt":"1","host":"localhost:3001","origin":"http://localhost:5173","referer":"http://localhost:5173/","sec-ch-ua":"\"Chromium\";v=\"148\", \"Google Chrome\";v=\"148\", \"Not/A)Brand\";v=\"99\"","sec-ch-ua-mobile":"?0","sec-ch-ua-platform":"\"Windows\"","sec-fetch-dest":"empty","sec-fetch-mode":"cors","sec-fetch-site":"same-site","user-agent":"Mozilla/5.0 (Windows NT 10.0; Win64; x64) AppleWebKit/537.36 (KHTML, like Gecko) Chrome/148.0.0.0 Safari/537.36"},"level":"error","message":"column \"read_at\" does not exist","method":"GET","orgId":null,"path":"/api/v1/notifications/unread-count","stack":"error: column \"read_at\" does not exist\n    at C:\\Users\\MohitVerma\\Documents\\Live Assignments\\CubastionNexus\\backend\\node_modules\\pg-pool\\index.js:45:11\n    at process.processTicksAndRejections (node:internal/process/task_queues:105:5)\n    at async query (C:\\Users\\MohitVerma\\Documents\\Live Assignments\\CubastionNexus\\backend\\src\\config\\database.js:43:20)\n    at async getUnreadCount (C:\\Users\\MohitVerma\\Documents\\Live Assignments\\CubastionNexus\\backend\\src\\controllers\\notifications.controller.js:46:20)","timestamp":"2026-06-05 15:09:47","userId":"c263bd68-d64b-44a0-9844-c26583b4381b"}
{"duration":"2ms","level":"error","message":"column \"read_at\" does not exist","timestamp":"2026-06-05 15:09:48"}
{"headers":{"accept":"application/json, text/plain, */*","accept-encoding":"gzip, deflate, br, zstd","accept-language":"en-GB,en;q=0.9","connection":"keep-alive","cookie":"access_token=eyJhbGciOiJIUzI1NiIsInR5cCI6IkpXVCJ9.eyJzdWIiOiJjMjYzYmQ2OC1kNjRiLTQ0YTAtOTg0NC1jMjY1ODNiNDM4MWIiLCJyb2xlIjoiYWdlbnQiLCJvcmdJZCI6bnVsbCwiaWF0IjoxNzgwNjUwNjQ0LCJleHAiOjE3ODA2NTQyNDR9.8vcEde1Sc-GPR3uybi_E-p8diXffYQXXtJYBQjRahvo; refresh_token=77d53d71ef076e48e7f208852f3ffa5198c99f50df538ad777c7401fb890175ddcbe7f09e617aade","dnt":"1","host":"localhost:3001","origin":"http://localhost:5173","referer":"http://localhost:5173/","sec-ch-ua":"\"Chromium\";v=\"148\", \"Google Chrome\";v=\"148\", \"Not/A)Brand\";v=\"99\"","sec-ch-ua-mobile":"?0","sec-ch-ua-platform":"\"Windows\"","sec-fetch-dest":"empty","sec-fetch-mode":"cors","sec-fetch-site":"same-site","user-agent":"Mozilla/5.0 (Windows NT 10.0; Win64; x64) AppleWebKit/537.36 (KHTML, like Gecko) Chrome/148.0.0.0 Safari/537.36"},"level":"error","message":"column \"read_at\" does not exist","method":"GET","orgId":null,"path":"/api/v1/notifications/unread-count","stack":"error: column \"read_at\" does not exist\n    at C:\\Users\\MohitVerma\\Documents\\Live Assignments\\CubastionNexus\\backend\\node_modules\\pg-pool\\index.js:45:11\n    at process.processTicksAndRejections (node:internal/process/task_queues:105:5)\n    at async query (C:\\Users\\MohitVerma\\Documents\\Live Assignments\\CubastionNexus\\backend\\src\\config\\database.js:43:20)\n    at async getUnreadCount (C:\\Users\\MohitVerma\\Documents\\Live Assignments\\CubastionNexus\\backend\\src\\controllers\\notifications.controller.js:46:20)","timestamp":"2026-06-05 15:09:48","userId":"c263bd68-d64b-44a0-9844-c26583b4381b"}
{"duration":"2ms","level":"error","message":"column \"read_at\" does not exist","timestamp":"2026-06-05 15:10:03"}
{"headers":{"accept":"application/json, text/plain, */*","accept-encoding":"gzip, deflate, br, zstd","accept-language":"en-GB,en;q=0.9","connection":"keep-alive","cookie":"access_token=eyJhbGciOiJIUzI1NiIsInR5cCI6IkpXVCJ9.eyJzdWIiOiJjMjYzYmQ2OC1kNjRiLTQ0YTAtOTg0NC1jMjY1ODNiNDM4MWIiLCJyb2xlIjoiYWdlbnQiLCJvcmdJZCI6bnVsbCwiaWF0IjoxNzgwNjUwNjQ0LCJleHAiOjE3ODA2NTQyNDR9.8vcEde1Sc-GPR3uybi_E-p8diXffYQXXtJYBQjRahvo; refresh_token=77d53d71ef076e48e7f208852f3ffa5198c99f50df538ad777c7401fb890175ddcbe7f09e617aade","dnt":"1","host":"localhost:3001","origin":"http://localhost:5173","referer":"http://localhost:5173/","sec-ch-ua":"\"Chromium\";v=\"148\", \"Google Chrome\";v=\"148\", \"Not/A)Brand\";v=\"99\"","sec-ch-ua-mobile":"?0","sec-ch-ua-platform":"\"Windows\"","sec-fetch-dest":"empty","sec-fetch-mode":"cors","sec-fetch-site":"same-site","user-agent":"Mozilla/5.0 (Windows NT 10.0; Win64; x64) AppleWebKit/537.36 (KHTML, like Gecko) Chrome/148.0.0.0 Safari/537.36"},"level":"error","message":"column \"read_at\" does not exist","method":"GET","orgId":null,"path":"/api/v1/notifications/unread-count","stack":"error: column \"read_at\" does not exist\n    at C:\\Users\\MohitVerma\\Documents\\Live Assignments\\CubastionNexus\\backend\\node_modules\\pg-pool\\index.js:45:11\n    at process.processTicksAndRejections (node:internal/process/task_queues:105:5)\n    at async query (C:\\Users\\MohitVerma\\Documents\\Live Assignments\\CubastionNexus\\backend\\src\\config\\database.js:43:20)\n    at async getUnreadCount (C:\\Users\\MohitVerma\\Documents\\Live Assignments\\CubastionNexus\\backend\\src\\controllers\\notifications.controller.js:46:20)","timestamp":"2026-06-05 15:10:03","userId":"c263bd68-d64b-44a0-9844-c26583b4381b"}
{"duration":"2ms","level":"error","message":"column \"read_at\" does not exist","timestamp":"2026-06-05 15:10:04"}
{"headers":{"accept":"application/json, text/plain, */*","accept-encoding":"gzip, deflate, br, zstd","accept-language":"en-GB,en;q=0.9","connection":"keep-alive","cookie":"access_token=eyJhbGciOiJIUzI1NiIsInR5cCI6IkpXVCJ9.eyJzdWIiOiJjMjYzYmQ2OC1kNjRiLTQ0YTAtOTg0NC1jMjY1ODNiNDM4MWIiLCJyb2xlIjoiYWdlbnQiLCJvcmdJZCI6bnVsbCwiaWF0IjoxNzgwNjUwNjQ0LCJleHAiOjE3ODA2NTQyNDR9.8vcEde1Sc-GPR3uybi_E-p8diXffYQXXtJYBQjRahvo; refresh_token=77d53d71ef076e48e7f208852f3ffa5198c99f50df538ad777c7401fb890175ddcbe7f09e617aade","dnt":"1","host":"localhost:3001","origin":"http://localhost:5173","referer":"http://localhost:5173/","sec-ch-ua":"\"Chromium\";v=\"148\", \"Google Chrome\";v=\"148\", \"Not/A)Brand\";v=\"99\"","sec-ch-ua-mobile":"?0","sec-ch-ua-platform":"\"Windows\"","sec-fetch-dest":"empty","sec-fetch-mode":"cors","sec-fetch-site":"same-site","user-agent":"Mozilla/5.0 (Windows NT 10.0; Win64; x64) AppleWebKit/537.36 (KHTML, like Gecko) Chrome/148.0.0.0 Safari/537.36"},"level":"error","message":"column \"read_at\" does not exist","method":"GET","orgId":null,"path":"/api/v1/notifications/unread-count","stack":"error: column \"read_at\" does not exist\n    at C:\\Users\\MohitVerma\\Documents\\Live Assignments\\CubastionNexus\\backend\\node_modules\\pg-pool\\index.js:45:11\n    at process.processTicksAndRejections (node:internal/process/task_queues:105:5)\n    at async query (C:\\Users\\MohitVerma\\Documents\\Live Assignments\\CubastionNexus\\backend\\src\\config\\database.js:43:20)\n    at async getUnreadCount (C:\\Users\\MohitVerma\\Documents\\Live Assignments\\CubastionNexus\\backend\\src\\controllers\\notifications.controller.js:46:20)","timestamp":"2026-06-05 15:10:04","userId":"c263bd68-d64b-44a0-9844-c26583b4381b"}
{"duration":"1ms","level":"error","message":"column \"read_at\" does not exist","timestamp":"2026-06-05 15:10:19"}
{"headers":{"accept":"application/json, text/plain, */*","accept-encoding":"gzip, deflate, br, zstd","accept-language":"en-GB,en;q=0.9","connection":"keep-alive","cookie":"access_token=eyJhbGciOiJIUzI1NiIsInR5cCI6IkpXVCJ9.eyJzdWIiOiJjMjYzYmQ2OC1kNjRiLTQ0YTAtOTg0NC1jMjY1ODNiNDM4MWIiLCJyb2xlIjoiYWdlbnQiLCJvcmdJZCI6bnVsbCwiaWF0IjoxNzgwNjUwNjQ0LCJleHAiOjE3ODA2NTQyNDR9.8vcEde1Sc-GPR3uybi_E-p8diXffYQXXtJYBQjRahvo; refresh_token=77d53d71ef076e48e7f208852f3ffa5198c99f50df538ad777c7401fb890175ddcbe7f09e617aade","dnt":"1","host":"localhost:3001","origin":"http://localhost:5173","referer":"http://localhost:5173/","sec-ch-ua":"\"Chromium\";v=\"148\", \"Google Chrome\";v=\"148\", \"Not/A)Brand\";v=\"99\"","sec-ch-ua-mobile":"?0","sec-ch-ua-platform":"\"Windows\"","sec-fetch-dest":"empty","sec-fetch-mode":"cors","sec-fetch-site":"same-site","user-agent":"Mozilla/5.0 (Windows NT 10.0; Win64; x64) AppleWebKit/537.36 (KHTML, like Gecko) Chrome/148.0.0.0 Safari/537.36"},"level":"error","message":"column \"read_at\" does not exist","method":"GET","orgId":null,"path":"/api/v1/notifications/unread-count","stack":"error: column \"read_at\" does not exist\n    at C:\\Users\\MohitVerma\\Documents\\Live Assignments\\CubastionNexus\\backend\\node_modules\\pg-pool\\index.js:45:11\n    at process.processTicksAndRejections (node:internal/process/task_queues:105:5)\n    at async query (C:\\Users\\MohitVerma\\Documents\\Live Assignments\\CubastionNexus\\backend\\src\\config\\database.js:43:20)\n    at async getUnreadCount (C:\\Users\\MohitVerma\\Documents\\Live Assignments\\CubastionNexus\\backend\\src\\controllers\\notifications.controller.js:46:20)","timestamp":"2026-06-05 15:10:19","userId":"c263bd68-d64b-44a0-9844-c26583b4381b"}
{"duration":"1ms","level":"error","message":"column \"read_at\" does not exist","timestamp":"2026-06-05 15:10:20"}
{"headers":{"accept":"application/json, text/plain, */*","accept-encoding":"gzip, deflate, br, zstd","accept-language":"en-GB,en;q=0.9","connection":"keep-alive","cookie":"access_token=eyJhbGciOiJIUzI1NiIsInR5cCI6IkpXVCJ9.eyJzdWIiOiJjMjYzYmQ2OC1kNjRiLTQ0YTAtOTg0NC1jMjY1ODNiNDM4MWIiLCJyb2xlIjoiYWdlbnQiLCJvcmdJZCI6bnVsbCwiaWF0IjoxNzgwNjUwNjQ0LCJleHAiOjE3ODA2NTQyNDR9.8vcEde1Sc-GPR3uybi_E-p8diXffYQXXtJYBQjRahvo; refresh_token=77d53d71ef076e48e7f208852f3ffa5198c99f50df538ad777c7401fb890175ddcbe7f09e617aade","dnt":"1","host":"localhost:3001","origin":"http://localhost:5173","referer":"http://localhost:5173/","sec-ch-ua":"\"Chromium\";v=\"148\", \"Google Chrome\";v=\"148\", \"Not/A)Brand\";v=\"99\"","sec-ch-ua-mobile":"?0","sec-ch-ua-platform":"\"Windows\"","sec-fetch-dest":"empty","sec-fetch-mode":"cors","sec-fetch-site":"same-site","user-agent":"Mozilla/5.0 (Windows NT 10.0; Win64; x64) AppleWebKit/537.36 (KHTML, like Gecko) Chrome/148.0.0.0 Safari/537.36"},"level":"error","message":"column \"read_at\" does not exist","method":"GET","orgId":null,"path":"/api/v1/notifications/unread-count","stack":"error: column \"read_at\" does not exist\n    at C:\\Users\\MohitVerma\\Documents\\Live Assignments\\CubastionNexus\\backend\\node_modules\\pg-pool\\index.js:45:11\n    at process.processTicksAndRejections (node:internal/process/task_queues:105:5)\n    at async query (C:\\Users\\MohitVerma\\Documents\\Live Assignments\\CubastionNexus\\backend\\src\\config\\database.js:43:20)\n    at async getUnreadCount (C:\\Users\\MohitVerma\\Documents\\Live Assignments\\CubastionNexus\\backend\\src\\controllers\\notifications.controller.js:46:20)","timestamp":"2026-06-05 15:10:20","userId":"c263bd68-d64b-44a0-9844-c26583b4381b"}
{"duration":"1ms","level":"error","message":"column \"read_at\" does not exist","timestamp":"2026-06-05 15:10:30"}
{"headers":{"accept":"application/json, text/plain, */*","accept-encoding":"gzip, deflate, br, zstd","accept-language":"en-GB,en;q=0.9","connection":"keep-alive","cookie":"access_token=eyJhbGciOiJIUzI1NiIsInR5cCI6IkpXVCJ9.eyJzdWIiOiJjMjYzYmQ2OC1kNjRiLTQ0YTAtOTg0NC1jMjY1ODNiNDM4MWIiLCJyb2xlIjoiYWdlbnQiLCJvcmdJZCI6bnVsbCwiaWF0IjoxNzgwNjUwNjQ0LCJleHAiOjE3ODA2NTQyNDR9.8vcEde1Sc-GPR3uybi_E-p8diXffYQXXtJYBQjRahvo; refresh_token=77d53d71ef076e48e7f208852f3ffa5198c99f50df538ad777c7401fb890175ddcbe7f09e617aade","dnt":"1","host":"localhost:3001","origin":"http://localhost:5173","referer":"http://localhost:5173/","sec-ch-ua":"\"Chromium\";v=\"148\", \"Google Chrome\";v=\"148\", \"Not/A)Brand\";v=\"99\"","sec-ch-ua-mobile":"?0","sec-ch-ua-platform":"\"Windows\"","sec-fetch-dest":"empty","sec-fetch-mode":"cors","sec-fetch-site":"same-site","user-agent":"Mozilla/5.0 (Windows NT 10.0; Win64; x64) AppleWebKit/537.36 (KHTML, like Gecko) Chrome/148.0.0.0 Safari/537.36"},"level":"error","message":"column \"read_at\" does not exist","method":"GET","orgId":null,"path":"/api/v1/notifications/unread-count","stack":"error: column \"read_at\" does not exist\n    at C:\\Users\\MohitVerma\\Documents\\Live Assignments\\CubastionNexus\\backend\\node_modules\\pg-pool\\index.js:45:11\n    at process.processTicksAndRejections (node:internal/process/task_queues:105:5)\n    at async query (C:\\Users\\MohitVerma\\Documents\\Live Assignments\\CubastionNexus\\backend\\src\\config\\database.js:43:20)\n    at async getUnreadCount (C:\\Users\\MohitVerma\\Documents\\Live Assignments\\CubastionNexus\\backend\\src\\controllers\\notifications.controller.js:46:20)","timestamp":"2026-06-05 15:10:30","userId":"c263bd68-d64b-44a0-9844-c26583b4381b"}
{"duration":"2ms","level":"error","message":"column \"read_at\" does not exist","timestamp":"2026-06-05 15:10:31"}
{"headers":{"accept":"application/json, text/plain, */*","accept-encoding":"gzip, deflate, br, zstd","accept-language":"en-GB,en;q=0.9","connection":"keep-alive","cookie":"access_token=eyJhbGciOiJIUzI1NiIsInR5cCI6IkpXVCJ9.eyJzdWIiOiJjMjYzYmQ2OC1kNjRiLTQ0YTAtOTg0NC1jMjY1ODNiNDM4MWIiLCJyb2xlIjoiYWdlbnQiLCJvcmdJZCI6bnVsbCwiaWF0IjoxNzgwNjUwNjQ0LCJleHAiOjE3ODA2NTQyNDR9.8vcEde1Sc-GPR3uybi_E-p8diXffYQXXtJYBQjRahvo; refresh_token=77d53d71ef076e48e7f208852f3ffa5198c99f50df538ad777c7401fb890175ddcbe7f09e617aade","dnt":"1","host":"localhost:3001","origin":"http://localhost:5173","referer":"http://localhost:5173/","sec-ch-ua":"\"Chromium\";v=\"148\", \"Google Chrome\";v=\"148\", \"Not/A)Brand\";v=\"99\"","sec-ch-ua-mobile":"?0","sec-ch-ua-platform":"\"Windows\"","sec-fetch-dest":"empty","sec-fetch-mode":"cors","sec-fetch-site":"same-site","user-agent":"Mozilla/5.0 (Windows NT 10.0; Win64; x64) AppleWebKit/537.36 (KHTML, like Gecko) Chrome/148.0.0.0 Safari/537.36"},"level":"error","message":"column \"read_at\" does not exist","method":"GET","orgId":null,"path":"/api/v1/notifications/unread-count","stack":"error: column \"read_at\" does not exist\n    at C:\\Users\\MohitVerma\\Documents\\Live Assignments\\CubastionNexus\\backend\\node_modules\\pg-pool\\index.js:45:11\n    at process.processTicksAndRejections (node:internal/process/task_queues:105:5)\n    at async query (C:\\Users\\MohitVerma\\Documents\\Live Assignments\\CubastionNexus\\backend\\src\\config\\database.js:43:20)\n    at async getUnreadCount (C:\\Users\\MohitVerma\\Documents\\Live Assignments\\CubastionNexus\\backend\\src\\controllers\\notifications.controller.js:46:20)","timestamp":"2026-06-05 15:10:31","userId":"c263bd68-d64b-44a0-9844-c26583b4381b"}
{"duration":"1ms","level":"error","message":"column \"read_at\" does not exist","timestamp":"2026-06-05 15:10:55"}
{"headers":{"accept":"application/json, text/plain, */*","accept-encoding":"gzip, deflate, br, zstd","accept-language":"en-GB,en;q=0.9","connection":"keep-alive","cookie":"access_token=eyJhbGciOiJIUzI1NiIsInR5cCI6IkpXVCJ9.eyJzdWIiOiI2N2M4NmQyNS03YjU2LTQxOWUtODY1OC0xZGNhYmM3M2E3MGIiLCJyb2xlIjoiY3VzdG9tZXIiLCJvcmdJZCI6IjVhNjcyOWQyLWI4YjQtNGZjYi1iZjhkLWExNDMwZWQwMjU5YyIsImlhdCI6MTc4MDY1MjQ1NSwiZXhwIjoxNzgwNjU2MDU1fQ.Rl8Vvq6Qi8aS9rxdcXWpubSSk2C-8Xjs3K1nUNzMZII; refresh_token=d1f89e14fabbd0fdb4806285dde1480e3797cf645f13a792a872fcf195581264e745d6fa64370df3","dnt":"1","host":"localhost:3001","origin":"http://localhost:5173","referer":"http://localhost:5173/","sec-ch-ua":"\"Chromium\";v=\"148\", \"Google Chrome\";v=\"148\", \"Not/A)Brand\";v=\"99\"","sec-ch-ua-mobile":"?0","sec-ch-ua-platform":"\"Windows\"","sec-fetch-dest":"empty","sec-fetch-mode":"cors","sec-fetch-site":"same-site","user-agent":"Mozilla/5.0 (Windows NT 10.0; Win64; x64) AppleWebKit/537.36 (KHTML, like Gecko) Chrome/148.0.0.0 Safari/537.36"},"level":"error","message":"column \"read_at\" does not exist","method":"GET","orgId":"5a6729d2-b8b4-4fcb-bf8d-a1430ed0259c","path":"/api/v1/notifications/unread-count","stack":"error: column \"read_at\" does not exist\n    at C:\\Users\\MohitVerma\\Documents\\Live Assignments\\CubastionNexus\\backend\\node_modules\\pg-pool\\index.js:45:11\n    at process.processTicksAndRejections (node:internal/process/task_queues:105:5)\n    at async query (C:\\Users\\MohitVerma\\Documents\\Live Assignments\\CubastionNexus\\backend\\src\\config\\database.js:43:20)\n    at async getUnreadCount (C:\\Users\\MohitVerma\\Documents\\Live Assignments\\CubastionNexus\\backend\\src\\controllers\\notifications.controller.js:46:20)","timestamp":"2026-06-05 15:10:55","userId":"67c86d25-7b56-419e-8658-1dcabc73a70b"}
{"duration":"1ms","level":"error","message":"column \"read_at\" does not exist","timestamp":"2026-06-05 15:10:56"}
{"headers":{"accept":"application/json, text/plain, */*","accept-encoding":"gzip, deflate, br, zstd","accept-language":"en-GB,en;q=0.9","connection":"keep-alive","cookie":"access_token=eyJhbGciOiJIUzI1NiIsInR5cCI6IkpXVCJ9.eyJzdWIiOiI2N2M4NmQyNS03YjU2LTQxOWUtODY1OC0xZGNhYmM3M2E3MGIiLCJyb2xlIjoiY3VzdG9tZXIiLCJvcmdJZCI6IjVhNjcyOWQyLWI4YjQtNGZjYi1iZjhkLWExNDMwZWQwMjU5YyIsImlhdCI6MTc4MDY1MjQ1NSwiZXhwIjoxNzgwNjU2MDU1fQ.Rl8Vvq6Qi8aS9rxdcXWpubSSk2C-8Xjs3K1nUNzMZII; refresh_token=d1f89e14fabbd0fdb4806285dde1480e3797cf645f13a792a872fcf195581264e745d6fa64370df3","dnt":"1","host":"localhost:3001","origin":"http://localhost:5173","referer":"http://localhost:5173/","sec-ch-ua":"\"Chromium\";v=\"148\", \"Google Chrome\";v=\"148\", \"Not/A)Brand\";v=\"99\"","sec-ch-ua-mobile":"?0","sec-ch-ua-platform":"\"Windows\"","sec-fetch-dest":"empty","sec-fetch-mode":"cors","sec-fetch-site":"same-site","user-agent":"Mozilla/5.0 (Windows NT 10.0; Win64; x64) AppleWebKit/537.36 (KHTML, like Gecko) Chrome/148.0.0.0 Safari/537.36"},"level":"error","message":"column \"read_at\" does not exist","method":"GET","orgId":"5a6729d2-b8b4-4fcb-bf8d-a1430ed0259c","path":"/api/v1/notifications/unread-count","stack":"error: column \"read_at\" does not exist\n    at C:\\Users\\MohitVerma\\Documents\\Live Assignments\\CubastionNexus\\backend\\node_modules\\pg-pool\\index.js:45:11\n    at process.processTicksAndRejections (node:internal/process/task_queues:105:5)\n    at async query (C:\\Users\\MohitVerma\\Documents\\Live Assignments\\CubastionNexus\\backend\\src\\config\\database.js:43:20)\n    at async getUnreadCount (C:\\Users\\MohitVerma\\Documents\\Live Assignments\\CubastionNexus\\backend\\src\\controllers\\notifications.controller.js:46:20)","timestamp":"2026-06-05 15:10:56","userId":"67c86d25-7b56-419e-8658-1dcabc73a70b"}
{"duration":"2ms","level":"error","message":"column \"read_at\" does not exist","timestamp":"2026-06-05 15:11:11"}
{"headers":{"accept":"application/json, text/plain, */*","accept-encoding":"gzip, deflate, br, zstd","accept-language":"en-GB,en;q=0.9","connection":"keep-alive","cookie":"access_token=eyJhbGciOiJIUzI1NiIsInR5cCI6IkpXVCJ9.eyJzdWIiOiI2N2M4NmQyNS03YjU2LTQxOWUtODY1OC0xZGNhYmM3M2E3MGIiLCJyb2xlIjoiY3VzdG9tZXIiLCJvcmdJZCI6IjVhNjcyOWQyLWI4YjQtNGZjYi1iZjhkLWExNDMwZWQwMjU5YyIsImlhdCI6MTc4MDY1MjQ1NSwiZXhwIjoxNzgwNjU2MDU1fQ.Rl8Vvq6Qi8aS9rxdcXWpubSSk2C-8Xjs3K1nUNzMZII; refresh_token=d1f89e14fabbd0fdb4806285dde1480e3797cf645f13a792a872fcf195581264e745d6fa64370df3","dnt":"1","host":"localhost:3001","origin":"http://localhost:5173","referer":"http://localhost:5173/","sec-ch-ua":"\"Chromium\";v=\"148\", \"Google Chrome\";v=\"148\", \"Not/A)Brand\";v=\"99\"","sec-ch-ua-mobile":"?0","sec-ch-ua-platform":"\"Windows\"","sec-fetch-dest":"empty","sec-fetch-mode":"cors","sec-fetch-site":"same-site","user-agent":"Mozilla/5.0 (Windows NT 10.0; Win64; x64) AppleWebKit/537.36 (KHTML, like Gecko) Chrome/148.0.0.0 Safari/537.36"},"level":"error","message":"column \"read_at\" does not exist","method":"GET","orgId":"5a6729d2-b8b4-4fcb-bf8d-a1430ed0259c","path":"/api/v1/notifications/unread-count","stack":"error: column \"read_at\" does not exist\n    at C:\\Users\\MohitVerma\\Documents\\Live Assignments\\CubastionNexus\\backend\\node_modules\\pg-pool\\index.js:45:11\n    at process.processTicksAndRejections (node:internal/process/task_queues:105:5)\n    at async query (C:\\Users\\MohitVerma\\Documents\\Live Assignments\\CubastionNexus\\backend\\src\\config\\database.js:43:20)\n    at async getUnreadCount (C:\\Users\\MohitVerma\\Documents\\Live Assignments\\CubastionNexus\\backend\\src\\controllers\\notifications.controller.js:46:20)","timestamp":"2026-06-05 15:11:11","userId":"67c86d25-7b56-419e-8658-1dcabc73a70b"}
{"duration":"2ms","level":"error","message":"column \"read_at\" does not exist","timestamp":"2026-06-05 15:11:12"}
{"headers":{"accept":"application/json, text/plain, */*","accept-encoding":"gzip, deflate, br, zstd","accept-language":"en-GB,en;q=0.9","connection":"keep-alive","cookie":"access_token=eyJhbGciOiJIUzI1NiIsInR5cCI6IkpXVCJ9.eyJzdWIiOiI2N2M4NmQyNS03YjU2LTQxOWUtODY1OC0xZGNhYmM3M2E3MGIiLCJyb2xlIjoiY3VzdG9tZXIiLCJvcmdJZCI6IjVhNjcyOWQyLWI4YjQtNGZjYi1iZjhkLWExNDMwZWQwMjU5YyIsImlhdCI6MTc4MDY1MjQ1NSwiZXhwIjoxNzgwNjU2MDU1fQ.Rl8Vvq6Qi8aS9rxdcXWpubSSk2C-8Xjs3K1nUNzMZII; refresh_token=d1f89e14fabbd0fdb4806285dde1480e3797cf645f13a792a872fcf195581264e745d6fa64370df3","dnt":"1","host":"localhost:3001","origin":"http://localhost:5173","referer":"http://localhost:5173/","sec-ch-ua":"\"Chromium\";v=\"148\", \"Google Chrome\";v=\"148\", \"Not/A)Brand\";v=\"99\"","sec-ch-ua-mobile":"?0","sec-ch-ua-platform":"\"Windows\"","sec-fetch-dest":"empty","sec-fetch-mode":"cors","sec-fetch-site":"same-site","user-agent":"Mozilla/5.0 (Windows NT 10.0; Win64; x64) AppleWebKit/537.36 (KHTML, like Gecko) Chrome/148.0.0.0 Safari/537.36"},"level":"error","message":"column \"read_at\" does not exist","method":"GET","orgId":"5a6729d2-b8b4-4fcb-bf8d-a1430ed0259c","path":"/api/v1/notifications/unread-count","stack":"error: column \"read_at\" does not exist\n    at C:\\Users\\MohitVerma\\Documents\\Live Assignments\\CubastionNexus\\backend\\node_modules\\pg-pool\\index.js:45:11\n    at process.processTicksAndRejections (node:internal/process/task_queues:105:5)\n    at async query (C:\\Users\\MohitVerma\\Documents\\Live Assignments\\CubastionNexus\\backend\\src\\config\\database.js:43:20)\n    at async getUnreadCount (C:\\Users\\MohitVerma\\Documents\\Live Assignments\\CubastionNexus\\backend\\src\\controllers\\notifications.controller.js:46:20)","timestamp":"2026-06-05 15:11:12","userId":"67c86d25-7b56-419e-8658-1dcabc73a70b"}
{"duration":"1ms","level":"error","message":"column \"read_at\" does not exist","timestamp":"2026-06-05 15:11:27"}
{"headers":{"accept":"application/json, text/plain, */*","accept-encoding":"gzip, deflate, br, zstd","accept-language":"en-GB,en;q=0.9","connection":"keep-alive","cookie":"access_token=eyJhbGciOiJIUzI1NiIsInR5cCI6IkpXVCJ9.eyJzdWIiOiI2N2M4NmQyNS03YjU2LTQxOWUtODY1OC0xZGNhYmM3M2E3MGIiLCJyb2xlIjoiY3VzdG9tZXIiLCJvcmdJZCI6IjVhNjcyOWQyLWI4YjQtNGZjYi1iZjhkLWExNDMwZWQwMjU5YyIsImlhdCI6MTc4MDY1MjQ1NSwiZXhwIjoxNzgwNjU2MDU1fQ.Rl8Vvq6Qi8aS9rxdcXWpubSSk2C-8Xjs3K1nUNzMZII; refresh_token=d1f89e14fabbd0fdb4806285dde1480e3797cf645f13a792a872fcf195581264e745d6fa64370df3","dnt":"1","host":"localhost:3001","origin":"http://localhost:5173","referer":"http://localhost:5173/","sec-ch-ua":"\"Chromium\";v=\"148\", \"Google Chrome\";v=\"148\", \"Not/A)Brand\";v=\"99\"","sec-ch-ua-mobile":"?0","sec-ch-ua-platform":"\"Windows\"","sec-fetch-dest":"empty","sec-fetch-mode":"cors","sec-fetch-site":"same-site","user-agent":"Mozilla/5.0 (Windows NT 10.0; Win64; x64) AppleWebKit/537.36 (KHTML, like Gecko) Chrome/148.0.0.0 Safari/537.36"},"level":"error","message":"column \"read_at\" does not exist","method":"GET","orgId":"5a6729d2-b8b4-4fcb-bf8d-a1430ed0259c","path":"/api/v1/notifications/unread-count","stack":"error: column \"read_at\" does not exist\n    at C:\\Users\\MohitVerma\\Documents\\Live Assignments\\CubastionNexus\\backend\\node_modules\\pg-pool\\index.js:45:11\n    at process.processTicksAndRejections (node:internal/process/task_queues:105:5)\n    at async query (C:\\Users\\MohitVerma\\Documents\\Live Assignments\\CubastionNexus\\backend\\src\\config\\database.js:43:20)\n    at async getUnreadCount (C:\\Users\\MohitVerma\\Documents\\Live Assignments\\CubastionNexus\\backend\\src\\controllers\\notifications.controller.js:46:20)","timestamp":"2026-06-05 15:11:27","userId":"67c86d25-7b56-419e-8658-1dcabc73a70b"}
{"duration":"2ms","level":"error","message":"column \"read_at\" does not exist","timestamp":"2026-06-05 15:11:28"}
{"headers":{"accept":"application/json, text/plain, */*","accept-encoding":"gzip, deflate, br, zstd","accept-language":"en-GB,en;q=0.9","connection":"keep-alive","cookie":"access_token=eyJhbGciOiJIUzI1NiIsInR5cCI6IkpXVCJ9.eyJzdWIiOiI2N2M4NmQyNS03YjU2LTQxOWUtODY1OC0xZGNhYmM3M2E3MGIiLCJyb2xlIjoiY3VzdG9tZXIiLCJvcmdJZCI6IjVhNjcyOWQyLWI4YjQtNGZjYi1iZjhkLWExNDMwZWQwMjU5YyIsImlhdCI6MTc4MDY1MjQ1NSwiZXhwIjoxNzgwNjU2MDU1fQ.Rl8Vvq6Qi8aS9rxdcXWpubSSk2C-8Xjs3K1nUNzMZII; refresh_token=d1f89e14fabbd0fdb4806285dde1480e3797cf645f13a792a872fcf195581264e745d6fa64370df3","dnt":"1","host":"localhost:3001","origin":"http://localhost:5173","referer":"http://localhost:5173/","sec-ch-ua":"\"Chromium\";v=\"148\", \"Google Chrome\";v=\"148\", \"Not/A)Brand\";v=\"99\"","sec-ch-ua-mobile":"?0","sec-ch-ua-platform":"\"Windows\"","sec-fetch-dest":"empty","sec-fetch-mode":"cors","sec-fetch-site":"same-site","user-agent":"Mozilla/5.0 (Windows NT 10.0; Win64; x64) AppleWebKit/537.36 (KHTML, like Gecko) Chrome/148.0.0.0 Safari/537.36"},"level":"error","message":"column \"read_at\" does not exist","method":"GET","orgId":"5a6729d2-b8b4-4fcb-bf8d-a1430ed0259c","path":"/api/v1/notifications/unread-count","stack":"error: column \"read_at\" does not exist\n    at C:\\Users\\MohitVerma\\Documents\\Live Assignments\\CubastionNexus\\backend\\node_modules\\pg-pool\\index.js:45:11\n    at process.processTicksAndRejections (node:internal/process/task_queues:105:5)\n    at async query (C:\\Users\\MohitVerma\\Documents\\Live Assignments\\CubastionNexus\\backend\\src\\config\\database.js:43:20)\n    at async getUnreadCount (C:\\Users\\MohitVerma\\Documents\\Live Assignments\\CubastionNexus\\backend\\src\\controllers\\notifications.controller.js:46:20)","timestamp":"2026-06-05 15:11:28","userId":"67c86d25-7b56-419e-8658-1dcabc73a70b"}
{"duration":"2ms","level":"error","message":"column \"read_at\" does not exist","timestamp":"2026-06-05 15:11:43"}
{"headers":{"accept":"application/json, text/plain, */*","accept-encoding":"gzip, deflate, br, zstd","accept-language":"en-GB,en;q=0.9","connection":"keep-alive","cookie":"access_token=eyJhbGciOiJIUzI1NiIsInR5cCI6IkpXVCJ9.eyJzdWIiOiI2N2M4NmQyNS03YjU2LTQxOWUtODY1OC0xZGNhYmM3M2E3MGIiLCJyb2xlIjoiY3VzdG9tZXIiLCJvcmdJZCI6IjVhNjcyOWQyLWI4YjQtNGZjYi1iZjhkLWExNDMwZWQwMjU5YyIsImlhdCI6MTc4MDY1MjQ1NSwiZXhwIjoxNzgwNjU2MDU1fQ.Rl8Vvq6Qi8aS9rxdcXWpubSSk2C-8Xjs3K1nUNzMZII; refresh_token=d1f89e14fabbd0fdb4806285dde1480e3797cf645f13a792a872fcf195581264e745d6fa64370df3","dnt":"1","host":"localhost:3001","origin":"http://localhost:5173","referer":"http://localhost:5173/","sec-ch-ua":"\"Chromium\";v=\"148\", \"Google Chrome\";v=\"148\", \"Not/A)Brand\";v=\"99\"","sec-ch-ua-mobile":"?0","sec-ch-ua-platform":"\"Windows\"","sec-fetch-dest":"empty","sec-fetch-mode":"cors","sec-fetch-site":"same-site","user-agent":"Mozilla/5.0 (Windows NT 10.0; Win64; x64) AppleWebKit/537.36 (KHTML, like Gecko) Chrome/148.0.0.0 Safari/537.36"},"level":"error","message":"column \"read_at\" does not exist","method":"GET","orgId":"5a6729d2-b8b4-4fcb-bf8d-a1430ed0259c","path":"/api/v1/notifications/unread-count","stack":"error: column \"read_at\" does not exist\n    at C:\\Users\\MohitVerma\\Documents\\Live Assignments\\CubastionNexus\\backend\\node_modules\\pg-pool\\index.js:45:11\n    at process.processTicksAndRejections (node:internal/process/task_queues:105:5)\n    at async query (C:\\Users\\MohitVerma\\Documents\\Live Assignments\\CubastionNexus\\backend\\src\\config\\database.js:43:20)\n    at async getUnreadCount (C:\\Users\\MohitVerma\\Documents\\Live Assignments\\CubastionNexus\\backend\\src\\controllers\\notifications.controller.js:46:20)","timestamp":"2026-06-05 15:11:43","userId":"67c86d25-7b56-419e-8658-1dcabc73a70b"}
{"duration":"2ms","level":"error","message":"column \"read_at\" does not exist","timestamp":"2026-06-05 15:11:44"}
{"headers":{"accept":"application/json, text/plain, */*","accept-encoding":"gzip, deflate, br, zstd","accept-language":"en-GB,en;q=0.9","connection":"keep-alive","cookie":"access_token=eyJhbGciOiJIUzI1NiIsInR5cCI6IkpXVCJ9.eyJzdWIiOiI2N2M4NmQyNS03YjU2LTQxOWUtODY1OC0xZGNhYmM3M2E3MGIiLCJyb2xlIjoiY3VzdG9tZXIiLCJvcmdJZCI6IjVhNjcyOWQyLWI4YjQtNGZjYi1iZjhkLWExNDMwZWQwMjU5YyIsImlhdCI6MTc4MDY1MjQ1NSwiZXhwIjoxNzgwNjU2MDU1fQ.Rl8Vvq6Qi8aS9rxdcXWpubSSk2C-8Xjs3K1nUNzMZII; refresh_token=d1f89e14fabbd0fdb4806285dde1480e3797cf645f13a792a872fcf195581264e745d6fa64370df3","dnt":"1","host":"localhost:3001","origin":"http://localhost:5173","referer":"http://localhost:5173/","sec-ch-ua":"\"Chromium\";v=\"148\", \"Google Chrome\";v=\"148\", \"Not/A)Brand\";v=\"99\"","sec-ch-ua-mobile":"?0","sec-ch-ua-platform":"\"Windows\"","sec-fetch-dest":"empty","sec-fetch-mode":"cors","sec-fetch-site":"same-site","user-agent":"Mozilla/5.0 (Windows NT 10.0; Win64; x64) AppleWebKit/537.36 (KHTML, like Gecko) Chrome/148.0.0.0 Safari/537.36"},"level":"error","message":"column \"read_at\" does not exist","method":"GET","orgId":"5a6729d2-b8b4-4fcb-bf8d-a1430ed0259c","path":"/api/v1/notifications/unread-count","stack":"error: column \"read_at\" does not exist\n    at C:\\Users\\MohitVerma\\Documents\\Live Assignments\\CubastionNexus\\backend\\node_modules\\pg-pool\\index.js:45:11\n    at process.processTicksAndRejections (node:internal/process/task_queues:105:5)\n    at async query (C:\\Users\\MohitVerma\\Documents\\Live Assignments\\CubastionNexus\\backend\\src\\config\\database.js:43:20)\n    at async getUnreadCount (C:\\Users\\MohitVerma\\Documents\\Live Assignments\\CubastionNexus\\backend\\src\\controllers\\notifications.controller.js:46:20)","timestamp":"2026-06-05 15:11:44","userId":"67c86d25-7b56-419e-8658-1dcabc73a70b"}
{"duration":"2ms","level":"error","message":"column \"read_at\" does not exist","timestamp":"2026-06-05 15:11:59"}
{"headers":{"accept":"application/json, text/plain, */*","accept-encoding":"gzip, deflate, br, zstd","accept-language":"en-GB,en;q=0.9","connection":"keep-alive","cookie":"access_token=eyJhbGciOiJIUzI1NiIsInR5cCI6IkpXVCJ9.eyJzdWIiOiI2N2M4NmQyNS03YjU2LTQxOWUtODY1OC0xZGNhYmM3M2E3MGIiLCJyb2xlIjoiY3VzdG9tZXIiLCJvcmdJZCI6IjVhNjcyOWQyLWI4YjQtNGZjYi1iZjhkLWExNDMwZWQwMjU5YyIsImlhdCI6MTc4MDY1MjQ1NSwiZXhwIjoxNzgwNjU2MDU1fQ.Rl8Vvq6Qi8aS9rxdcXWpubSSk2C-8Xjs3K1nUNzMZII; refresh_token=d1f89e14fabbd0fdb4806285dde1480e3797cf645f13a792a872fcf195581264e745d6fa64370df3","dnt":"1","host":"localhost:3001","origin":"http://localhost:5173","referer":"http://localhost:5173/","sec-ch-ua":"\"Chromium\";v=\"148\", \"Google Chrome\";v=\"148\", \"Not/A)Brand\";v=\"99\"","sec-ch-ua-mobile":"?0","sec-ch-ua-platform":"\"Windows\"","sec-fetch-dest":"empty","sec-fetch-mode":"cors","sec-fetch-site":"same-site","user-agent":"Mozilla/5.0 (Windows NT 10.0; Win64; x64) AppleWebKit/537.36 (KHTML, like Gecko) Chrome/148.0.0.0 Safari/537.36"},"level":"error","message":"column \"read_at\" does not exist","method":"GET","orgId":"5a6729d2-b8b4-4fcb-bf8d-a1430ed0259c","path":"/api/v1/notifications/unread-count","stack":"error: column \"read_at\" does not exist\n    at C:\\Users\\MohitVerma\\Documents\\Live Assignments\\CubastionNexus\\backend\\node_modules\\pg-pool\\index.js:45:11\n    at process.processTicksAndRejections (node:internal/process/task_queues:105:5)\n    at async query (C:\\Users\\MohitVerma\\Documents\\Live Assignments\\CubastionNexus\\backend\\src\\config\\database.js:43:20)\n    at async getUnreadCount (C:\\Users\\MohitVerma\\Documents\\Live Assignments\\CubastionNexus\\backend\\src\\controllers\\notifications.controller.js:46:20)","timestamp":"2026-06-05 15:11:59","userId":"67c86d25-7b56-419e-8658-1dcabc73a70b"}
{"duration":"2ms","level":"error","message":"column \"read_at\" does not exist","timestamp":"2026-06-05 15:12:00"}
{"headers":{"accept":"application/json, text/plain, */*","accept-encoding":"gzip, deflate, br, zstd","accept-language":"en-GB,en;q=0.9","connection":"keep-alive","cookie":"access_token=eyJhbGciOiJIUzI1NiIsInR5cCI6IkpXVCJ9.eyJzdWIiOiI2N2M4NmQyNS03YjU2LTQxOWUtODY1OC0xZGNhYmM3M2E3MGIiLCJyb2xlIjoiY3VzdG9tZXIiLCJvcmdJZCI6IjVhNjcyOWQyLWI4YjQtNGZjYi1iZjhkLWExNDMwZWQwMjU5YyIsImlhdCI6MTc4MDY1MjQ1NSwiZXhwIjoxNzgwNjU2MDU1fQ.Rl8Vvq6Qi8aS9rxdcXWpubSSk2C-8Xjs3K1nUNzMZII; refresh_token=d1f89e14fabbd0fdb4806285dde1480e3797cf645f13a792a872fcf195581264e745d6fa64370df3","dnt":"1","host":"localhost:3001","origin":"http://localhost:5173","referer":"http://localhost:5173/","sec-ch-ua":"\"Chromium\";v=\"148\", \"Google Chrome\";v=\"148\", \"Not/A)Brand\";v=\"99\"","sec-ch-ua-mobile":"?0","sec-ch-ua-platform":"\"Windows\"","sec-fetch-dest":"empty","sec-fetch-mode":"cors","sec-fetch-site":"same-site","user-agent":"Mozilla/5.0 (Windows NT 10.0; Win64; x64) AppleWebKit/537.36 (KHTML, like Gecko) Chrome/148.0.0.0 Safari/537.36"},"level":"error","message":"column \"read_at\" does not exist","method":"GET","orgId":"5a6729d2-b8b4-4fcb-bf8d-a1430ed0259c","path":"/api/v1/notifications/unread-count","stack":"error: column \"read_at\" does not exist\n    at C:\\Users\\MohitVerma\\Documents\\Live Assignments\\CubastionNexus\\backend\\node_modules\\pg-pool\\index.js:45:11\n    at process.processTicksAndRejections (node:internal/process/task_queues:105:5)\n    at async query (C:\\Users\\MohitVerma\\Documents\\Live Assignments\\CubastionNexus\\backend\\src\\config\\database.js:43:20)\n    at async getUnreadCount (C:\\Users\\MohitVerma\\Documents\\Live Assignments\\CubastionNexus\\backend\\src\\controllers\\notifications.controller.js:46:20)","timestamp":"2026-06-05 15:12:00","userId":"67c86d25-7b56-419e-8658-1dcabc73a70b"}
{"duration":"1ms","level":"error","message":"column \"read_at\" does not exist","timestamp":"2026-06-05 15:12:15"}
{"headers":{"accept":"application/json, text/plain, */*","accept-encoding":"gzip, deflate, br, zstd","accept-language":"en-GB,en;q=0.9","connection":"keep-alive","cookie":"access_token=eyJhbGciOiJIUzI1NiIsInR5cCI6IkpXVCJ9.eyJzdWIiOiI2N2M4NmQyNS03YjU2LTQxOWUtODY1OC0xZGNhYmM3M2E3MGIiLCJyb2xlIjoiY3VzdG9tZXIiLCJvcmdJZCI6IjVhNjcyOWQyLWI4YjQtNGZjYi1iZjhkLWExNDMwZWQwMjU5YyIsImlhdCI6MTc4MDY1MjQ1NSwiZXhwIjoxNzgwNjU2MDU1fQ.Rl8Vvq6Qi8aS9rxdcXWpubSSk2C-8Xjs3K1nUNzMZII; refresh_token=d1f89e14fabbd0fdb4806285dde1480e3797cf645f13a792a872fcf195581264e745d6fa64370df3","dnt":"1","host":"localhost:3001","origin":"http://localhost:5173","referer":"http://localhost:5173/","sec-ch-ua":"\"Chromium\";v=\"148\", \"Google Chrome\";v=\"148\", \"Not/A)Brand\";v=\"99\"","sec-ch-ua-mobile":"?0","sec-ch-ua-platform":"\"Windows\"","sec-fetch-dest":"empty","sec-fetch-mode":"cors","sec-fetch-site":"same-site","user-agent":"Mozilla/5.0 (Windows NT 10.0; Win64; x64) AppleWebKit/537.36 (KHTML, like Gecko) Chrome/148.0.0.0 Safari/537.36"},"level":"error","message":"column \"read_at\" does not exist","method":"GET","orgId":"5a6729d2-b8b4-4fcb-bf8d-a1430ed0259c","path":"/api/v1/notifications/unread-count","stack":"error: column \"read_at\" does not exist\n    at C:\\Users\\MohitVerma\\Documents\\Live Assignments\\CubastionNexus\\backend\\node_modules\\pg-pool\\index.js:45:11\n    at process.processTicksAndRejections (node:internal/process/task_queues:105:5)\n    at async query (C:\\Users\\MohitVerma\\Documents\\Live Assignments\\CubastionNexus\\backend\\src\\config\\database.js:43:20)\n    at async getUnreadCount (C:\\Users\\MohitVerma\\Documents\\Live Assignments\\CubastionNexus\\backend\\src\\controllers\\notifications.controller.js:46:20)","timestamp":"2026-06-05 15:12:15","userId":"67c86d25-7b56-419e-8658-1dcabc73a70b"}
{"duration":"2ms","level":"error","message":"column \"read_at\" does not exist","timestamp":"2026-06-05 15:12:16"}
{"headers":{"accept":"application/json, text/plain, */*","accept-encoding":"gzip, deflate, br, zstd","accept-language":"en-GB,en;q=0.9","connection":"keep-alive","cookie":"access_token=eyJhbGciOiJIUzI1NiIsInR5cCI6IkpXVCJ9.eyJzdWIiOiI2N2M4NmQyNS03YjU2LTQxOWUtODY1OC0xZGNhYmM3M2E3MGIiLCJyb2xlIjoiY3VzdG9tZXIiLCJvcmdJZCI6IjVhNjcyOWQyLWI4YjQtNGZjYi1iZjhkLWExNDMwZWQwMjU5YyIsImlhdCI6MTc4MDY1MjQ1NSwiZXhwIjoxNzgwNjU2MDU1fQ.Rl8Vvq6Qi8aS9rxdcXWpubSSk2C-8Xjs3K1nUNzMZII; refresh_token=d1f89e14fabbd0fdb4806285dde1480e3797cf645f13a792a872fcf195581264e745d6fa64370df3","dnt":"1","host":"localhost:3001","origin":"http://localhost:5173","referer":"http://localhost:5173/","sec-ch-ua":"\"Chromium\";v=\"148\", \"Google Chrome\";v=\"148\", \"Not/A)Brand\";v=\"99\"","sec-ch-ua-mobile":"?0","sec-ch-ua-platform":"\"Windows\"","sec-fetch-dest":"empty","sec-fetch-mode":"cors","sec-fetch-site":"same-site","user-agent":"Mozilla/5.0 (Windows NT 10.0; Win64; x64) AppleWebKit/537.36 (KHTML, like Gecko) Chrome/148.0.0.0 Safari/537.36"},"level":"error","message":"column \"read_at\" does not exist","method":"GET","orgId":"5a6729d2-b8b4-4fcb-bf8d-a1430ed0259c","path":"/api/v1/notifications/unread-count","stack":"error: column \"read_at\" does not exist\n    at C:\\Users\\MohitVerma\\Documents\\Live Assignments\\CubastionNexus\\backend\\node_modules\\pg-pool\\index.js:45:11\n    at process.processTicksAndRejections (node:internal/process/task_queues:105:5)\n    at async query (C:\\Users\\MohitVerma\\Documents\\Live Assignments\\CubastionNexus\\backend\\src\\config\\database.js:43:20)\n    at async getUnreadCount (C:\\Users\\MohitVerma\\Documents\\Live Assignments\\CubastionNexus\\backend\\src\\controllers\\notifications.controller.js:46:20)","timestamp":"2026-06-05 15:12:16","userId":"67c86d25-7b56-419e-8658-1dcabc73a70b"}
{"duration":"2ms","level":"error","message":"column \"read_at\" does not exist","timestamp":"2026-06-05 15:12:31"}
{"headers":{"accept":"application/json, text/plain, */*","accept-encoding":"gzip, deflate, br, zstd","accept-language":"en-GB,en;q=0.9","connection":"keep-alive","cookie":"access_token=eyJhbGciOiJIUzI1NiIsInR5cCI6IkpXVCJ9.eyJzdWIiOiI2N2M4NmQyNS03YjU2LTQxOWUtODY1OC0xZGNhYmM3M2E3MGIiLCJyb2xlIjoiY3VzdG9tZXIiLCJvcmdJZCI6IjVhNjcyOWQyLWI4YjQtNGZjYi1iZjhkLWExNDMwZWQwMjU5YyIsImlhdCI6MTc4MDY1MjQ1NSwiZXhwIjoxNzgwNjU2MDU1fQ.Rl8Vvq6Qi8aS9rxdcXWpubSSk2C-8Xjs3K1nUNzMZII; refresh_token=d1f89e14fabbd0fdb4806285dde1480e3797cf645f13a792a872fcf195581264e745d6fa64370df3","dnt":"1","host":"localhost:3001","origin":"http://localhost:5173","referer":"http://localhost:5173/","sec-ch-ua":"\"Chromium\";v=\"148\", \"Google Chrome\";v=\"148\", \"Not/A)Brand\";v=\"99\"","sec-ch-ua-mobile":"?0","sec-ch-ua-platform":"\"Windows\"","sec-fetch-dest":"empty","sec-fetch-mode":"cors","sec-fetch-site":"same-site","user-agent":"Mozilla/5.0 (Windows NT 10.0; Win64; x64) AppleWebKit/537.36 (KHTML, like Gecko) Chrome/148.0.0.0 Safari/537.36"},"level":"error","message":"column \"read_at\" does not exist","method":"GET","orgId":"5a6729d2-b8b4-4fcb-bf8d-a1430ed0259c","path":"/api/v1/notifications/unread-count","stack":"error: column \"read_at\" does not exist\n    at C:\\Users\\MohitVerma\\Documents\\Live Assignments\\CubastionNexus\\backend\\node_modules\\pg-pool\\index.js:45:11\n    at process.processTicksAndRejections (node:internal/process/task_queues:105:5)\n    at async query (C:\\Users\\MohitVerma\\Documents\\Live Assignments\\CubastionNexus\\backend\\src\\config\\database.js:43:20)\n    at async getUnreadCount (C:\\Users\\MohitVerma\\Documents\\Live Assignments\\CubastionNexus\\backend\\src\\controllers\\notifications.controller.js:46:20)","timestamp":"2026-06-05 15:12:31","userId":"67c86d25-7b56-419e-8658-1dcabc73a70b"}
{"duration":"2ms","level":"error","message":"column \"read_at\" does not exist","timestamp":"2026-06-05 15:12:32"}
{"headers":{"accept":"application/json, text/plain, */*","accept-encoding":"gzip, deflate, br, zstd","accept-language":"en-GB,en;q=0.9","connection":"keep-alive","cookie":"access_token=eyJhbGciOiJIUzI1NiIsInR5cCI6IkpXVCJ9.eyJzdWIiOiI2N2M4NmQyNS03YjU2LTQxOWUtODY1OC0xZGNhYmM3M2E3MGIiLCJyb2xlIjoiY3VzdG9tZXIiLCJvcmdJZCI6IjVhNjcyOWQyLWI4YjQtNGZjYi1iZjhkLWExNDMwZWQwMjU5YyIsImlhdCI6MTc4MDY1MjQ1NSwiZXhwIjoxNzgwNjU2MDU1fQ.Rl8Vvq6Qi8aS9rxdcXWpubSSk2C-8Xjs3K1nUNzMZII; refresh_token=d1f89e14fabbd0fdb4806285dde1480e3797cf645f13a792a872fcf195581264e745d6fa64370df3","dnt":"1","host":"localhost:3001","origin":"http://localhost:5173","referer":"http://localhost:5173/","sec-ch-ua":"\"Chromium\";v=\"148\", \"Google Chrome\";v=\"148\", \"Not/A)Brand\";v=\"99\"","sec-ch-ua-mobile":"?0","sec-ch-ua-platform":"\"Windows\"","sec-fetch-dest":"empty","sec-fetch-mode":"cors","sec-fetch-site":"same-site","user-agent":"Mozilla/5.0 (Windows NT 10.0; Win64; x64) AppleWebKit/537.36 (KHTML, like Gecko) Chrome/148.0.0.0 Safari/537.36"},"level":"error","message":"column \"read_at\" does not exist","method":"GET","orgId":"5a6729d2-b8b4-4fcb-bf8d-a1430ed0259c","path":"/api/v1/notifications/unread-count","stack":"error: column \"read_at\" does not exist\n    at C:\\Users\\MohitVerma\\Documents\\Live Assignments\\CubastionNexus\\backend\\node_modules\\pg-pool\\index.js:45:11\n    at process.processTicksAndRejections (node:internal/process/task_queues:105:5)\n    at async query (C:\\Users\\MohitVerma\\Documents\\Live Assignments\\CubastionNexus\\backend\\src\\config\\database.js:43:20)\n    at async getUnreadCount (C:\\Users\\MohitVerma\\Documents\\Live Assignments\\CubastionNexus\\backend\\src\\controllers\\notifications.controller.js:46:20)","timestamp":"2026-06-05 15:12:32","userId":"67c86d25-7b56-419e-8658-1dcabc73a70b"}
{"duration":"2ms","level":"error","message":"column \"read_at\" does not exist","timestamp":"2026-06-05 15:12:47"}
{"headers":{"accept":"application/json, text/plain, */*","accept-encoding":"gzip, deflate, br, zstd","accept-language":"en-GB,en;q=0.9","connection":"keep-alive","cookie":"access_token=eyJhbGciOiJIUzI1NiIsInR5cCI6IkpXVCJ9.eyJzdWIiOiI2N2M4NmQyNS03YjU2LTQxOWUtODY1OC0xZGNhYmM3M2E3MGIiLCJyb2xlIjoiY3VzdG9tZXIiLCJvcmdJZCI6IjVhNjcyOWQyLWI4YjQtNGZjYi1iZjhkLWExNDMwZWQwMjU5YyIsImlhdCI6MTc4MDY1MjQ1NSwiZXhwIjoxNzgwNjU2MDU1fQ.Rl8Vvq6Qi8aS9rxdcXWpubSSk2C-8Xjs3K1nUNzMZII; refresh_token=d1f89e14fabbd0fdb4806285dde1480e3797cf645f13a792a872fcf195581264e745d6fa64370df3","dnt":"1","host":"localhost:3001","origin":"http://localhost:5173","referer":"http://localhost:5173/","sec-ch-ua":"\"Chromium\";v=\"148\", \"Google Chrome\";v=\"148\", \"Not/A)Brand\";v=\"99\"","sec-ch-ua-mobile":"?0","sec-ch-ua-platform":"\"Windows\"","sec-fetch-dest":"empty","sec-fetch-mode":"cors","sec-fetch-site":"same-site","user-agent":"Mozilla/5.0 (Windows NT 10.0; Win64; x64) AppleWebKit/537.36 (KHTML, like Gecko) Chrome/148.0.0.0 Safari/537.36"},"level":"error","message":"column \"read_at\" does not exist","method":"GET","orgId":"5a6729d2-b8b4-4fcb-bf8d-a1430ed0259c","path":"/api/v1/notifications/unread-count","stack":"error: column \"read_at\" does not exist\n    at C:\\Users\\MohitVerma\\Documents\\Live Assignments\\CubastionNexus\\backend\\node_modules\\pg-pool\\index.js:45:11\n    at process.processTicksAndRejections (node:internal/process/task_queues:105:5)\n    at async query (C:\\Users\\MohitVerma\\Documents\\Live Assignments\\CubastionNexus\\backend\\src\\config\\database.js:43:20)\n    at async getUnreadCount (C:\\Users\\MohitVerma\\Documents\\Live Assignments\\CubastionNexus\\backend\\src\\controllers\\notifications.controller.js:46:20)","timestamp":"2026-06-05 15:12:47","userId":"67c86d25-7b56-419e-8658-1dcabc73a70b"}
{"duration":"2ms","level":"error","message":"column \"read_at\" does not exist","timestamp":"2026-06-05 15:12:48"}
{"headers":{"accept":"application/json, text/plain, */*","accept-encoding":"gzip, deflate, br, zstd","accept-language":"en-GB,en;q=0.9","connection":"keep-alive","cookie":"access_token=eyJhbGciOiJIUzI1NiIsInR5cCI6IkpXVCJ9.eyJzdWIiOiI2N2M4NmQyNS03YjU2LTQxOWUtODY1OC0xZGNhYmM3M2E3MGIiLCJyb2xlIjoiY3VzdG9tZXIiLCJvcmdJZCI6IjVhNjcyOWQyLWI4YjQtNGZjYi1iZjhkLWExNDMwZWQwMjU5YyIsImlhdCI6MTc4MDY1MjQ1NSwiZXhwIjoxNzgwNjU2MDU1fQ.Rl8Vvq6Qi8aS9rxdcXWpubSSk2C-8Xjs3K1nUNzMZII; refresh_token=d1f89e14fabbd0fdb4806285dde1480e3797cf645f13a792a872fcf195581264e745d6fa64370df3","dnt":"1","host":"localhost:3001","origin":"http://localhost:5173","referer":"http://localhost:5173/","sec-ch-ua":"\"Chromium\";v=\"148\", \"Google Chrome\";v=\"148\", \"Not/A)Brand\";v=\"99\"","sec-ch-ua-mobile":"?0","sec-ch-ua-platform":"\"Windows\"","sec-fetch-dest":"empty","sec-fetch-mode":"cors","sec-fetch-site":"same-site","user-agent":"Mozilla/5.0 (Windows NT 10.0; Win64; x64) AppleWebKit/537.36 (KHTML, like Gecko) Chrome/148.0.0.0 Safari/537.36"},"level":"error","message":"column \"read_at\" does not exist","method":"GET","orgId":"5a6729d2-b8b4-4fcb-bf8d-a1430ed0259c","path":"/api/v1/notifications/unread-count","stack":"error: column \"read_at\" does not exist\n    at C:\\Users\\MohitVerma\\Documents\\Live Assignments\\CubastionNexus\\backend\\node_modules\\pg-pool\\index.js:45:11\n    at process.processTicksAndRejections (node:internal/process/task_queues:105:5)\n    at async query (C:\\Users\\MohitVerma\\Documents\\Live Assignments\\CubastionNexus\\backend\\src\\config\\database.js:43:20)\n    at async getUnreadCount (C:\\Users\\MohitVerma\\Documents\\Live Assignments\\CubastionNexus\\backend\\src\\controllers\\notifications.controller.js:46:20)","timestamp":"2026-06-05 15:12:48","userId":"67c86d25-7b56-419e-8658-1dcabc73a70b"}
{"duration":"1ms","level":"error","message":"column \"read_at\" does not exist","timestamp":"2026-06-05 15:13:03"}
{"headers":{"accept":"application/json, text/plain, */*","accept-encoding":"gzip, deflate, br, zstd","accept-language":"en-GB,en;q=0.9","connection":"keep-alive","cookie":"access_token=eyJhbGciOiJIUzI1NiIsInR5cCI6IkpXVCJ9.eyJzdWIiOiI2N2M4NmQyNS03YjU2LTQxOWUtODY1OC0xZGNhYmM3M2E3MGIiLCJyb2xlIjoiY3VzdG9tZXIiLCJvcmdJZCI6IjVhNjcyOWQyLWI4YjQtNGZjYi1iZjhkLWExNDMwZWQwMjU5YyIsImlhdCI6MTc4MDY1MjQ1NSwiZXhwIjoxNzgwNjU2MDU1fQ.Rl8Vvq6Qi8aS9rxdcXWpubSSk2C-8Xjs3K1nUNzMZII; refresh_token=d1f89e14fabbd0fdb4806285dde1480e3797cf645f13a792a872fcf195581264e745d6fa64370df3","dnt":"1","host":"localhost:3001","origin":"http://localhost:5173","referer":"http://localhost:5173/","sec-ch-ua":"\"Chromium\";v=\"148\", \"Google Chrome\";v=\"148\", \"Not/A)Brand\";v=\"99\"","sec-ch-ua-mobile":"?0","sec-ch-ua-platform":"\"Windows\"","sec-fetch-dest":"empty","sec-fetch-mode":"cors","sec-fetch-site":"same-site","user-agent":"Mozilla/5.0 (Windows NT 10.0; Win64; x64) AppleWebKit/537.36 (KHTML, like Gecko) Chrome/148.0.0.0 Safari/537.36"},"level":"error","message":"column \"read_at\" does not exist","method":"GET","orgId":"5a6729d2-b8b4-4fcb-bf8d-a1430ed0259c","path":"/api/v1/notifications/unread-count","stack":"error: column \"read_at\" does not exist\n    at C:\\Users\\MohitVerma\\Documents\\Live Assignments\\CubastionNexus\\backend\\node_modules\\pg-pool\\index.js:45:11\n    at process.processTicksAndRejections (node:internal/process/task_queues:105:5)\n    at async query (C:\\Users\\MohitVerma\\Documents\\Live Assignments\\CubastionNexus\\backend\\src\\config\\database.js:43:20)\n    at async getUnreadCount (C:\\Users\\MohitVerma\\Documents\\Live Assignments\\CubastionNexus\\backend\\src\\controllers\\notifications.controller.js:46:20)","timestamp":"2026-06-05 15:13:03","userId":"67c86d25-7b56-419e-8658-1dcabc73a70b"}
{"duration":"1ms","level":"error","message":"column \"read_at\" does not exist","timestamp":"2026-06-05 15:13:04"}
{"headers":{"accept":"application/json, text/plain, */*","accept-encoding":"gzip, deflate, br, zstd","accept-language":"en-GB,en;q=0.9","connection":"keep-alive","cookie":"access_token=eyJhbGciOiJIUzI1NiIsInR5cCI6IkpXVCJ9.eyJzdWIiOiI2N2M4NmQyNS03YjU2LTQxOWUtODY1OC0xZGNhYmM3M2E3MGIiLCJyb2xlIjoiY3VzdG9tZXIiLCJvcmdJZCI6IjVhNjcyOWQyLWI4YjQtNGZjYi1iZjhkLWExNDMwZWQwMjU5YyIsImlhdCI6MTc4MDY1MjQ1NSwiZXhwIjoxNzgwNjU2MDU1fQ.Rl8Vvq6Qi8aS9rxdcXWpubSSk2C-8Xjs3K1nUNzMZII; refresh_token=d1f89e14fabbd0fdb4806285dde1480e3797cf645f13a792a872fcf195581264e745d6fa64370df3","dnt":"1","host":"localhost:3001","origin":"http://localhost:5173","referer":"http://localhost:5173/","sec-ch-ua":"\"Chromium\";v=\"148\", \"Google Chrome\";v=\"148\", \"Not/A)Brand\";v=\"99\"","sec-ch-ua-mobile":"?0","sec-ch-ua-platform":"\"Windows\"","sec-fetch-dest":"empty","sec-fetch-mode":"cors","sec-fetch-site":"same-site","user-agent":"Mozilla/5.0 (Windows NT 10.0; Win64; x64) AppleWebKit/537.36 (KHTML, like Gecko) Chrome/148.0.0.0 Safari/537.36"},"level":"error","message":"column \"read_at\" does not exist","method":"GET","orgId":"5a6729d2-b8b4-4fcb-bf8d-a1430ed0259c","path":"/api/v1/notifications/unread-count","stack":"error: column \"read_at\" does not exist\n    at C:\\Users\\MohitVerma\\Documents\\Live Assignments\\CubastionNexus\\backend\\node_modules\\pg-pool\\index.js:45:11\n    at process.processTicksAndRejections (node:internal/process/task_queues:105:5)\n    at async query (C:\\Users\\MohitVerma\\Documents\\Live Assignments\\CubastionNexus\\backend\\src\\config\\database.js:43:20)\n    at async getUnreadCount (C:\\Users\\MohitVerma\\Documents\\Live Assignments\\CubastionNexus\\backend\\src\\controllers\\notifications.controller.js:46:20)","timestamp":"2026-06-05 15:13:04","userId":"67c86d25-7b56-419e-8658-1dcabc73a70b"}
{"duration":"2ms","level":"error","message":"column \"read_at\" does not exist","timestamp":"2026-06-05 15:13:19"}
{"headers":{"accept":"application/json, text/plain, */*","accept-encoding":"gzip, deflate, br, zstd","accept-language":"en-GB,en;q=0.9","connection":"keep-alive","cookie":"access_token=eyJhbGciOiJIUzI1NiIsInR5cCI6IkpXVCJ9.eyJzdWIiOiI2N2M4NmQyNS03YjU2LTQxOWUtODY1OC0xZGNhYmM3M2E3MGIiLCJyb2xlIjoiY3VzdG9tZXIiLCJvcmdJZCI6IjVhNjcyOWQyLWI4YjQtNGZjYi1iZjhkLWExNDMwZWQwMjU5YyIsImlhdCI6MTc4MDY1MjQ1NSwiZXhwIjoxNzgwNjU2MDU1fQ.Rl8Vvq6Qi8aS9rxdcXWpubSSk2C-8Xjs3K1nUNzMZII; refresh_token=d1f89e14fabbd0fdb4806285dde1480e3797cf645f13a792a872fcf195581264e745d6fa64370df3","dnt":"1","host":"localhost:3001","origin":"http://localhost:5173","referer":"http://localhost:5173/","sec-ch-ua":"\"Chromium\";v=\"148\", \"Google Chrome\";v=\"148\", \"Not/A)Brand\";v=\"99\"","sec-ch-ua-mobile":"?0","sec-ch-ua-platform":"\"Windows\"","sec-fetch-dest":"empty","sec-fetch-mode":"cors","sec-fetch-site":"same-site","user-agent":"Mozilla/5.0 (Windows NT 10.0; Win64; x64) AppleWebKit/537.36 (KHTML, like Gecko) Chrome/148.0.0.0 Safari/537.36"},"level":"error","message":"column \"read_at\" does not exist","method":"GET","orgId":"5a6729d2-b8b4-4fcb-bf8d-a1430ed0259c","path":"/api/v1/notifications/unread-count","stack":"error: column \"read_at\" does not exist\n    at C:\\Users\\MohitVerma\\Documents\\Live Assignments\\CubastionNexus\\backend\\node_modules\\pg-pool\\index.js:45:11\n    at process.processTicksAndRejections (node:internal/process/task_queues:105:5)\n    at async query (C:\\Users\\MohitVerma\\Documents\\Live Assignments\\CubastionNexus\\backend\\src\\config\\database.js:43:20)\n    at async getUnreadCount (C:\\Users\\MohitVerma\\Documents\\Live Assignments\\CubastionNexus\\backend\\src\\controllers\\notifications.controller.js:46:20)","timestamp":"2026-06-05 15:13:19","userId":"67c86d25-7b56-419e-8658-1dcabc73a70b"}
{"duration":"2ms","level":"error","message":"column \"read_at\" does not exist","timestamp":"2026-06-05 15:13:20"}
{"headers":{"accept":"application/json, text/plain, */*","accept-encoding":"gzip, deflate, br, zstd","accept-language":"en-GB,en;q=0.9","connection":"keep-alive","cookie":"access_token=eyJhbGciOiJIUzI1NiIsInR5cCI6IkpXVCJ9.eyJzdWIiOiI2N2M4NmQyNS03YjU2LTQxOWUtODY1OC0xZGNhYmM3M2E3MGIiLCJyb2xlIjoiY3VzdG9tZXIiLCJvcmdJZCI6IjVhNjcyOWQyLWI4YjQtNGZjYi1iZjhkLWExNDMwZWQwMjU5YyIsImlhdCI6MTc4MDY1MjQ1NSwiZXhwIjoxNzgwNjU2MDU1fQ.Rl8Vvq6Qi8aS9rxdcXWpubSSk2C-8Xjs3K1nUNzMZII; refresh_token=d1f89e14fabbd0fdb4806285dde1480e3797cf645f13a792a872fcf195581264e745d6fa64370df3","dnt":"1","host":"localhost:3001","origin":"http://localhost:5173","referer":"http://localhost:5173/","sec-ch-ua":"\"Chromium\";v=\"148\", \"Google Chrome\";v=\"148\", \"Not/A)Brand\";v=\"99\"","sec-ch-ua-mobile":"?0","sec-ch-ua-platform":"\"Windows\"","sec-fetch-dest":"empty","sec-fetch-mode":"cors","sec-fetch-site":"same-site","user-agent":"Mozilla/5.0 (Windows NT 10.0; Win64; x64) AppleWebKit/537.36 (KHTML, like Gecko) Chrome/148.0.0.0 Safari/537.36"},"level":"error","message":"column \"read_at\" does not exist","method":"GET","orgId":"5a6729d2-b8b4-4fcb-bf8d-a1430ed0259c","path":"/api/v1/notifications/unread-count","stack":"error: column \"read_at\" does not exist\n    at C:\\Users\\MohitVerma\\Documents\\Live Assignments\\CubastionNexus\\backend\\node_modules\\pg-pool\\index.js:45:11\n    at process.processTicksAndRejections (node:internal/process/task_queues:105:5)\n    at async query (C:\\Users\\MohitVerma\\Documents\\Live Assignments\\CubastionNexus\\backend\\src\\config\\database.js:43:20)\n    at async getUnreadCount (C:\\Users\\MohitVerma\\Documents\\Live Assignments\\CubastionNexus\\backend\\src\\controllers\\notifications.controller.js:46:20)","timestamp":"2026-06-05 15:13:20","userId":"67c86d25-7b56-419e-8658-1dcabc73a70b"}
{"duration":"1ms","level":"error","message":"column \"read_at\" does not exist","timestamp":"2026-06-05 15:13:35"}
{"headers":{"accept":"application/json, text/plain, */*","accept-encoding":"gzip, deflate, br, zstd","accept-language":"en-GB,en;q=0.9","connection":"keep-alive","cookie":"access_token=eyJhbGciOiJIUzI1NiIsInR5cCI6IkpXVCJ9.eyJzdWIiOiI2N2M4NmQyNS03YjU2LTQxOWUtODY1OC0xZGNhYmM3M2E3MGIiLCJyb2xlIjoiY3VzdG9tZXIiLCJvcmdJZCI6IjVhNjcyOWQyLWI4YjQtNGZjYi1iZjhkLWExNDMwZWQwMjU5YyIsImlhdCI6MTc4MDY1MjQ1NSwiZXhwIjoxNzgwNjU2MDU1fQ.Rl8Vvq6Qi8aS9rxdcXWpubSSk2C-8Xjs3K1nUNzMZII; refresh_token=d1f89e14fabbd0fdb4806285dde1480e3797cf645f13a792a872fcf195581264e745d6fa64370df3","dnt":"1","host":"localhost:3001","origin":"http://localhost:5173","referer":"http://localhost:5173/","sec-ch-ua":"\"Chromium\";v=\"148\", \"Google Chrome\";v=\"148\", \"Not/A)Brand\";v=\"99\"","sec-ch-ua-mobile":"?0","sec-ch-ua-platform":"\"Windows\"","sec-fetch-dest":"empty","sec-fetch-mode":"cors","sec-fetch-site":"same-site","user-agent":"Mozilla/5.0 (Windows NT 10.0; Win64; x64) AppleWebKit/537.36 (KHTML, like Gecko) Chrome/148.0.0.0 Safari/537.36"},"level":"error","message":"column \"read_at\" does not exist","method":"GET","orgId":"5a6729d2-b8b4-4fcb-bf8d-a1430ed0259c","path":"/api/v1/notifications/unread-count","stack":"error: column \"read_at\" does not exist\n    at C:\\Users\\MohitVerma\\Documents\\Live Assignments\\CubastionNexus\\backend\\node_modules\\pg-pool\\index.js:45:11\n    at process.processTicksAndRejections (node:internal/process/task_queues:105:5)\n    at async query (C:\\Users\\MohitVerma\\Documents\\Live Assignments\\CubastionNexus\\backend\\src\\config\\database.js:43:20)\n    at async getUnreadCount (C:\\Users\\MohitVerma\\Documents\\Live Assignments\\CubastionNexus\\backend\\src\\controllers\\notifications.controller.js:46:20)","timestamp":"2026-06-05 15:13:35","userId":"67c86d25-7b56-419e-8658-1dcabc73a70b"}
{"duration":"1ms","level":"error","message":"column \"read_at\" does not exist","timestamp":"2026-06-05 15:13:36"}
{"headers":{"accept":"application/json, text/plain, */*","accept-encoding":"gzip, deflate, br, zstd","accept-language":"en-GB,en;q=0.9","connection":"keep-alive","cookie":"access_token=eyJhbGciOiJIUzI1NiIsInR5cCI6IkpXVCJ9.eyJzdWIiOiI2N2M4NmQyNS03YjU2LTQxOWUtODY1OC0xZGNhYmM3M2E3MGIiLCJyb2xlIjoiY3VzdG9tZXIiLCJvcmdJZCI6IjVhNjcyOWQyLWI4YjQtNGZjYi1iZjhkLWExNDMwZWQwMjU5YyIsImlhdCI6MTc4MDY1MjQ1NSwiZXhwIjoxNzgwNjU2MDU1fQ.Rl8Vvq6Qi8aS9rxdcXWpubSSk2C-8Xjs3K1nUNzMZII; refresh_token=d1f89e14fabbd0fdb4806285dde1480e3797cf645f13a792a872fcf195581264e745d6fa64370df3","dnt":"1","host":"localhost:3001","origin":"http://localhost:5173","referer":"http://localhost:5173/","sec-ch-ua":"\"Chromium\";v=\"148\", \"Google Chrome\";v=\"148\", \"Not/A)Brand\";v=\"99\"","sec-ch-ua-mobile":"?0","sec-ch-ua-platform":"\"Windows\"","sec-fetch-dest":"empty","sec-fetch-mode":"cors","sec-fetch-site":"same-site","user-agent":"Mozilla/5.0 (Windows NT 10.0; Win64; x64) AppleWebKit/537.36 (KHTML, like Gecko) Chrome/148.0.0.0 Safari/537.36"},"level":"error","message":"column \"read_at\" does not exist","method":"GET","orgId":"5a6729d2-b8b4-4fcb-bf8d-a1430ed0259c","path":"/api/v1/notifications/unread-count","stack":"error: column \"read_at\" does not exist\n    at C:\\Users\\MohitVerma\\Documents\\Live Assignments\\CubastionNexus\\backend\\node_modules\\pg-pool\\index.js:45:11\n    at process.processTicksAndRejections (node:internal/process/task_queues:105:5)\n    at async query (C:\\Users\\MohitVerma\\Documents\\Live Assignments\\CubastionNexus\\backend\\src\\config\\database.js:43:20)\n    at async getUnreadCount (C:\\Users\\MohitVerma\\Documents\\Live Assignments\\CubastionNexus\\backend\\src\\controllers\\notifications.controller.js:46:20)","timestamp":"2026-06-05 15:13:36","userId":"67c86d25-7b56-419e-8658-1dcabc73a70b"}
{"duration":"2ms","level":"error","message":"column \"read_at\" does not exist","timestamp":"2026-06-05 15:13:51"}
{"headers":{"accept":"application/json, text/plain, */*","accept-encoding":"gzip, deflate, br, zstd","accept-language":"en-GB,en;q=0.9","connection":"keep-alive","cookie":"access_token=eyJhbGciOiJIUzI1NiIsInR5cCI6IkpXVCJ9.eyJzdWIiOiI2N2M4NmQyNS03YjU2LTQxOWUtODY1OC0xZGNhYmM3M2E3MGIiLCJyb2xlIjoiY3VzdG9tZXIiLCJvcmdJZCI6IjVhNjcyOWQyLWI4YjQtNGZjYi1iZjhkLWExNDMwZWQwMjU5YyIsImlhdCI6MTc4MDY1MjQ1NSwiZXhwIjoxNzgwNjU2MDU1fQ.Rl8Vvq6Qi8aS9rxdcXWpubSSk2C-8Xjs3K1nUNzMZII; refresh_token=d1f89e14fabbd0fdb4806285dde1480e3797cf645f13a792a872fcf195581264e745d6fa64370df3","dnt":"1","host":"localhost:3001","origin":"http://localhost:5173","referer":"http://localhost:5173/","sec-ch-ua":"\"Chromium\";v=\"148\", \"Google Chrome\";v=\"148\", \"Not/A)Brand\";v=\"99\"","sec-ch-ua-mobile":"?0","sec-ch-ua-platform":"\"Windows\"","sec-fetch-dest":"empty","sec-fetch-mode":"cors","sec-fetch-site":"same-site","user-agent":"Mozilla/5.0 (Windows NT 10.0; Win64; x64) AppleWebKit/537.36 (KHTML, like Gecko) Chrome/148.0.0.0 Safari/537.36"},"level":"error","message":"column \"read_at\" does not exist","method":"GET","orgId":"5a6729d2-b8b4-4fcb-bf8d-a1430ed0259c","path":"/api/v1/notifications/unread-count","stack":"error: column \"read_at\" does not exist\n    at C:\\Users\\MohitVerma\\Documents\\Live Assignments\\CubastionNexus\\backend\\node_modules\\pg-pool\\index.js:45:11\n    at process.processTicksAndRejections (node:internal/process/task_queues:105:5)\n    at async query (C:\\Users\\MohitVerma\\Documents\\Live Assignments\\CubastionNexus\\backend\\src\\config\\database.js:43:20)\n    at async getUnreadCount (C:\\Users\\MohitVerma\\Documents\\Live Assignments\\CubastionNexus\\backend\\src\\controllers\\notifications.controller.js:46:20)","timestamp":"2026-06-05 15:13:51","userId":"67c86d25-7b56-419e-8658-1dcabc73a70b"}
{"duration":"2ms","level":"error","message":"column \"read_at\" does not exist","timestamp":"2026-06-05 15:13:52"}
{"headers":{"accept":"application/json, text/plain, */*","accept-encoding":"gzip, deflate, br, zstd","accept-language":"en-GB,en;q=0.9","connection":"keep-alive","cookie":"access_token=eyJhbGciOiJIUzI1NiIsInR5cCI6IkpXVCJ9.eyJzdWIiOiI2N2M4NmQyNS03YjU2LTQxOWUtODY1OC0xZGNhYmM3M2E3MGIiLCJyb2xlIjoiY3VzdG9tZXIiLCJvcmdJZCI6IjVhNjcyOWQyLWI4YjQtNGZjYi1iZjhkLWExNDMwZWQwMjU5YyIsImlhdCI6MTc4MDY1MjQ1NSwiZXhwIjoxNzgwNjU2MDU1fQ.Rl8Vvq6Qi8aS9rxdcXWpubSSk2C-8Xjs3K1nUNzMZII; refresh_token=d1f89e14fabbd0fdb4806285dde1480e3797cf645f13a792a872fcf195581264e745d6fa64370df3","dnt":"1","host":"localhost:3001","origin":"http://localhost:5173","referer":"http://localhost:5173/","sec-ch-ua":"\"Chromium\";v=\"148\", \"Google Chrome\";v=\"148\", \"Not/A)Brand\";v=\"99\"","sec-ch-ua-mobile":"?0","sec-ch-ua-platform":"\"Windows\"","sec-fetch-dest":"empty","sec-fetch-mode":"cors","sec-fetch-site":"same-site","user-agent":"Mozilla/5.0 (Windows NT 10.0; Win64; x64) AppleWebKit/537.36 (KHTML, like Gecko) Chrome/148.0.0.0 Safari/537.36"},"level":"error","message":"column \"read_at\" does not exist","method":"GET","orgId":"5a6729d2-b8b4-4fcb-bf8d-a1430ed0259c","path":"/api/v1/notifications/unread-count","stack":"error: column \"read_at\" does not exist\n    at C:\\Users\\MohitVerma\\Documents\\Live Assignments\\CubastionNexus\\backend\\node_modules\\pg-pool\\index.js:45:11\n    at process.processTicksAndRejections (node:internal/process/task_queues:105:5)\n    at async query (C:\\Users\\MohitVerma\\Documents\\Live Assignments\\CubastionNexus\\backend\\src\\config\\database.js:43:20)\n    at async getUnreadCount (C:\\Users\\MohitVerma\\Documents\\Live Assignments\\CubastionNexus\\backend\\src\\controllers\\notifications.controller.js:46:20)","timestamp":"2026-06-05 15:13:52","userId":"67c86d25-7b56-419e-8658-1dcabc73a70b"}
{"duration":"1ms","level":"error","message":"column \"read_at\" does not exist","timestamp":"2026-06-05 15:14:07"}
{"headers":{"accept":"application/json, text/plain, */*","accept-encoding":"gzip, deflate, br, zstd","accept-language":"en-GB,en;q=0.9","connection":"keep-alive","cookie":"access_token=eyJhbGciOiJIUzI1NiIsInR5cCI6IkpXVCJ9.eyJzdWIiOiI2N2M4NmQyNS03YjU2LTQxOWUtODY1OC0xZGNhYmM3M2E3MGIiLCJyb2xlIjoiY3VzdG9tZXIiLCJvcmdJZCI6IjVhNjcyOWQyLWI4YjQtNGZjYi1iZjhkLWExNDMwZWQwMjU5YyIsImlhdCI6MTc4MDY1MjQ1NSwiZXhwIjoxNzgwNjU2MDU1fQ.Rl8Vvq6Qi8aS9rxdcXWpubSSk2C-8Xjs3K1nUNzMZII; refresh_token=d1f89e14fabbd0fdb4806285dde1480e3797cf645f13a792a872fcf195581264e745d6fa64370df3","dnt":"1","host":"localhost:3001","origin":"http://localhost:5173","referer":"http://localhost:5173/","sec-ch-ua":"\"Chromium\";v=\"148\", \"Google Chrome\";v=\"148\", \"Not/A)Brand\";v=\"99\"","sec-ch-ua-mobile":"?0","sec-ch-ua-platform":"\"Windows\"","sec-fetch-dest":"empty","sec-fetch-mode":"cors","sec-fetch-site":"same-site","user-agent":"Mozilla/5.0 (Windows NT 10.0; Win64; x64) AppleWebKit/537.36 (KHTML, like Gecko) Chrome/148.0.0.0 Safari/537.36"},"level":"error","message":"column \"read_at\" does not exist","method":"GET","orgId":"5a6729d2-b8b4-4fcb-bf8d-a1430ed0259c","path":"/api/v1/notifications/unread-count","stack":"error: column \"read_at\" does not exist\n    at C:\\Users\\MohitVerma\\Documents\\Live Assignments\\CubastionNexus\\backend\\node_modules\\pg-pool\\index.js:45:11\n    at process.processTicksAndRejections (node:internal/process/task_queues:105:5)\n    at async query (C:\\Users\\MohitVerma\\Documents\\Live Assignments\\CubastionNexus\\backend\\src\\config\\database.js:43:20)\n    at async getUnreadCount (C:\\Users\\MohitVerma\\Documents\\Live Assignments\\CubastionNexus\\backend\\src\\controllers\\notifications.controller.js:46:20)","timestamp":"2026-06-05 15:14:07","userId":"67c86d25-7b56-419e-8658-1dcabc73a70b"}
{"duration":"2ms","level":"error","message":"column \"read_at\" does not exist","timestamp":"2026-06-05 15:14:08"}
{"headers":{"accept":"application/json, text/plain, */*","accept-encoding":"gzip, deflate, br, zstd","accept-language":"en-GB,en;q=0.9","connection":"keep-alive","cookie":"access_token=eyJhbGciOiJIUzI1NiIsInR5cCI6IkpXVCJ9.eyJzdWIiOiI2N2M4NmQyNS03YjU2LTQxOWUtODY1OC0xZGNhYmM3M2E3MGIiLCJyb2xlIjoiY3VzdG9tZXIiLCJvcmdJZCI6IjVhNjcyOWQyLWI4YjQtNGZjYi1iZjhkLWExNDMwZWQwMjU5YyIsImlhdCI6MTc4MDY1MjQ1NSwiZXhwIjoxNzgwNjU2MDU1fQ.Rl8Vvq6Qi8aS9rxdcXWpubSSk2C-8Xjs3K1nUNzMZII; refresh_token=d1f89e14fabbd0fdb4806285dde1480e3797cf645f13a792a872fcf195581264e745d6fa64370df3","dnt":"1","host":"localhost:3001","origin":"http://localhost:5173","referer":"http://localhost:5173/","sec-ch-ua":"\"Chromium\";v=\"148\", \"Google Chrome\";v=\"148\", \"Not/A)Brand\";v=\"99\"","sec-ch-ua-mobile":"?0","sec-ch-ua-platform":"\"Windows\"","sec-fetch-dest":"empty","sec-fetch-mode":"cors","sec-fetch-site":"same-site","user-agent":"Mozilla/5.0 (Windows NT 10.0; Win64; x64) AppleWebKit/537.36 (KHTML, like Gecko) Chrome/148.0.0.0 Safari/537.36"},"level":"error","message":"column \"read_at\" does not exist","method":"GET","orgId":"5a6729d2-b8b4-4fcb-bf8d-a1430ed0259c","path":"/api/v1/notifications/unread-count","stack":"error: column \"read_at\" does not exist\n    at C:\\Users\\MohitVerma\\Documents\\Live Assignments\\CubastionNexus\\backend\\node_modules\\pg-pool\\index.js:45:11\n    at process.processTicksAndRejections (node:internal/process/task_queues:105:5)\n    at async query (C:\\Users\\MohitVerma\\Documents\\Live Assignments\\CubastionNexus\\backend\\src\\config\\database.js:43:20)\n    at async getUnreadCount (C:\\Users\\MohitVerma\\Documents\\Live Assignments\\CubastionNexus\\backend\\src\\controllers\\notifications.controller.js:46:20)","timestamp":"2026-06-05 15:14:08","userId":"67c86d25-7b56-419e-8658-1dcabc73a70b"}
{"level":"info","message":"SLA check: no breaches or warnings","timestamp":"2026-06-05 15:15:00"}
{"level":"info","message":"Database connection verified","timestamp":"2026-06-05 15:17:02"}
{"level":"info","message":"SLA check job started (every 15 minutes)","timestamp":"2026-06-05 15:17:02"}
{"level":"info","message":"Server running on http://localhost:3001 [development]","timestamp":"2026-06-05 15:17:02"}
{"database":"nexusDev","host":"localhost","level":"info","message":"Database connection established","timestamp":"2026-06-05 15:17:02"}
{"level":"info","message":"SLA check: no breaches or warnings","timestamp":"2026-06-05 15:17:02"}
{"level":"info","message":"Database connection verified","timestamp":"2026-06-05 15:17:05"}
{"level":"info","message":"SLA check job started (every 15 minutes)","timestamp":"2026-06-05 15:17:05"}
{"level":"info","message":"Server running on http://localhost:3001 [development]","timestamp":"2026-06-05 15:17:05"}
{"level":"info","message":"SLA check: no breaches or warnings","timestamp":"2026-06-05 15:17:05"}
{"database":"nexusDev","host":"localhost","level":"info","message":"Database connection established","timestamp":"2026-06-05 15:17:05"}
{"database":"nexusDev","host":"localhost","level":"info","message":"Database connection established","timestamp":"2026-06-05 15:17:10"}
{"level":"info","message":"Database connection verified","timestamp":"2026-06-05 15:17:10"}
{"level":"info","message":"SLA check job started (every 15 minutes)","timestamp":"2026-06-05 15:17:10"}
{"level":"info","message":"Server running on http://localhost:3001 [development]","timestamp":"2026-06-05 15:17:10"}
{"level":"info","message":"SLA check: no breaches or warnings","timestamp":"2026-06-05 15:17:10"}
{"database":"nexusDev","host":"localhost","level":"info","message":"Database connection established","timestamp":"2026-06-05 15:17:16"}
{"level":"info","message":"Database connection verified","timestamp":"2026-06-05 15:17:16"}
{"level":"info","message":"SLA check job started (every 15 minutes)","timestamp":"2026-06-05 15:17:16"}
{"level":"info","message":"Server running on http://localhost:3001 [development]","timestamp":"2026-06-05 15:17:16"}
{"level":"info","message":"SLA check: no breaches or warnings","timestamp":"2026-06-05 15:17:16"}
{"level":"info","message":"Database connection verified","timestamp":"2026-06-05 15:17:26"}
{"level":"info","message":"SLA check job started (every 15 minutes)","timestamp":"2026-06-05 15:17:26"}
{"level":"info","message":"Server running on http://localhost:3001 [development]","timestamp":"2026-06-05 15:17:26"}
{"database":"nexusDev","host":"localhost","level":"info","message":"Database connection established","timestamp":"2026-06-05 15:17:26"}
{"level":"info","message":"SLA check: no breaches or warnings","timestamp":"2026-06-05 15:17:26"}
{"database":"nexusDev","host":"localhost","level":"info","message":"Database connection established","timestamp":"2026-06-05 15:18:24"}
{"level":"info","message":"Database connection verified","timestamp":"2026-06-05 15:18:24"}
{"level":"info","message":"SLA check job started (every 15 minutes)","timestamp":"2026-06-05 15:18:24"}
{"level":"info","message":"Server running on http://localhost:3001 [development]","timestamp":"2026-06-05 15:18:24"}
{"level":"info","message":"SLA check: no breaches or warnings","timestamp":"2026-06-05 15:18:24"}
{"bodyKeys":["from","to","subject","text","html"],"from":"varun.ahuja@cubastion.com","hasHtml":false,"hasText":true,"level":"info","message":"Inbound email webhook received","subject":"My system is down urgently","timestamp":"2026-06-05 15:18:38","to":"mohit.verma@cubastion.com"}
{"level":"info","message":"Inbound email: new ticket created","subject":"My system is down urgently","timestamp":"2026-06-05 15:18:38","userId":"c1ffd873-908e-491b-b0ca-c75321579a82"}
{"level":"info","message":"Email sent","subject":"[CUB-00005] チケットを受け付けました","timestamp":"2026-06-05 15:18:39","to":"varun.ahuja@cubastion.com"}
{"level":"info","message":"Email sent","subject":"[NEW] CUB-00005: My system is down urgently - Fusion","timestamp":"2026-06-05 15:18:39","to":"admin@cubastion.com"}
{"level":"info","message":"Email sent","subject":"[NEW] CUB-00005: My system is down urgently - Fusion","timestamp":"2026-06-05 15:18:39","to":"sheetal.gupta@cubastion.com"}
{"database":"nexusDev","host":"localhost","level":"info","message":"Database connection established","timestamp":"2026-06-05 15:20:27"}
{"level":"info","message":"Database connection verified","timestamp":"2026-06-05 15:20:27"}
{"level":"info","message":"SLA check job started (every 15 minutes)","timestamp":"2026-06-05 15:20:27"}
{"level":"info","message":"Server running on http://localhost:3001 [development]","timestamp":"2026-06-05 15:20:27"}
{"level":"info","message":"SLA check: no breaches or warnings","timestamp":"2026-06-05 15:20:27"}
{"bodyKeys":["from","to","subject","text","html"],"from":"varun.ahuja@cubastion.com","hasHtml":false,"hasText":true,"level":"info","message":"Inbound email webhook received","subject":"General question about the system","timestamp":"2026-06-05 15:21:05","to":"mohit.verma@cubastion.com"}
{"level":"info","message":"Inbound email: new ticket created","subject":"General question about the system","timestamp":"2026-06-05 15:21:05","userId":"c1ffd873-908e-491b-b0ca-c75321579a82"}
{"level":"info","message":"Email sent","subject":"[CUB-00006] チケットを受け付けました","timestamp":"2026-06-05 15:21:06","to":"varun.ahuja@cubastion.com"}
{"level":"info","message":"Email sent","subject":"[NEW] CUB-00006: General question about the system - Fusion","timestamp":"2026-06-05 15:21:06","to":"admin@cubastion.com"}
{"level":"info","message":"Email sent","subject":"[NEW] CUB-00006: General question about the system - Fusion","timestamp":"2026-06-05 15:21:06","to":"sheetal.gupta@cubastion.com"}
{"level":"info","message":"SLA check: no breaches or warnings","timestamp":"2026-06-05 15:30:00"}
{"level":"info","message":"SLA check: no breaches or warnings","timestamp":"2026-06-05 15:45:00"}
{"duration":"14ms","level":"error","message":"invalid input syntax for type uuid: \"new\"","timestamp":"2026-06-05 15:51:22"}
{"headers":{"accept":"application/json, text/plain, */*","accept-encoding":"gzip, deflate, br, zstd","accept-language":"en-GB,en;q=0.9","connection":"keep-alive","cookie":"access_token=eyJhbGciOiJIUzI1NiIsInR5cCI6IkpXVCJ9.eyJzdWIiOiJjMjYzYmQ2OC1kNjRiLTQ0YTAtOTg0NC1jMjY1ODNiNDM4MWIiLCJyb2xlIjoiYWdlbnQiLCJvcmdJZCI6bnVsbCwiaWF0IjoxNzgwNjU0NjA0LCJleHAiOjE3ODA2NTgyMDR9.1ug5iR2QKihv31_cJaQGpTXW4BGGVplzRqAR3RMYhOs; refresh_token=939f88e05b48f7be8029a4a495f30531154dc3cadca093a65c363950c6f4cebfc94c4697327d02b9","dnt":"1","host":"localhost:3001","origin":"http://localhost:5173","referer":"http://localhost:5173/","sec-ch-ua":"\"Chromium\";v=\"148\", \"Google Chrome\";v=\"148\", \"Not/A)Brand\";v=\"99\"","sec-ch-ua-mobile":"?0","sec-ch-ua-platform":"\"Windows\"","sec-fetch-dest":"empty","sec-fetch-mode":"cors","sec-fetch-site":"same-site","user-agent":"Mozilla/5.0 (Windows NT 10.0; Win64; x64) AppleWebKit/537.36 (KHTML, like Gecko) Chrome/148.0.0.0 Safari/537.36"},"level":"error","message":"invalid input syntax for type uuid: \"new\"","method":"GET","orgId":null,"path":"/api/v1/tickets/new/attachments","stack":"error: invalid input syntax for type uuid: \"new\"\n    at C:\\Users\\MohitVerma\\Documents\\Live Assignments\\CubastionNexus\\backend\\node_modules\\pg-pool\\index.js:45:11\n    at process.processTicksAndRejections (node:internal/process/task_queues:105:5)\n    at async query (C:\\Users\\MohitVerma\\Documents\\Live Assignments\\CubastionNexus\\backend\\src\\config\\database.js:43:20)\n    at async Object.getAttachments (C:\\Users\\MohitVerma\\Documents\\Live Assignments\\CubastionNexus\\backend\\src\\services\\fileUpload.service.js:34:18)\n    at async getAttachments (C:\\Users\\MohitVerma\\Documents\\Live Assignments\\CubastionNexus\\backend\\src\\controllers\\attachments.controller.js:8:25)","timestamp":"2026-06-05 15:51:22","userId":"c263bd68-d64b-44a0-9844-c26583b4381b"}
{"duration":"17ms","level":"error","message":"invalid input syntax for type uuid: \"new\"","timestamp":"2026-06-05 15:51:22"}
{"headers":{"accept":"application/json, text/plain, */*","accept-encoding":"gzip, deflate, br, zstd","accept-language":"en-GB,en;q=0.9","connection":"keep-alive","cookie":"access_token=eyJhbGciOiJIUzI1NiIsInR5cCI6IkpXVCJ9.eyJzdWIiOiJjMjYzYmQ2OC1kNjRiLTQ0YTAtOTg0NC1jMjY1ODNiNDM4MWIiLCJyb2xlIjoiYWdlbnQiLCJvcmdJZCI6bnVsbCwiaWF0IjoxNzgwNjU0NjA0LCJleHAiOjE3ODA2NTgyMDR9.1ug5iR2QKihv31_cJaQGpTXW4BGGVplzRqAR3RMYhOs; refresh_token=939f88e05b48f7be8029a4a495f30531154dc3cadca093a65c363950c6f4cebfc94c4697327d02b9","dnt":"1","host":"localhost:3001","origin":"http://localhost:5173","referer":"http://localhost:5173/","sec-ch-ua":"\"Chromium\";v=\"148\", \"Google Chrome\";v=\"148\", \"Not/A)Brand\";v=\"99\"","sec-ch-ua-mobile":"?0","sec-ch-ua-platform":"\"Windows\"","sec-fetch-dest":"empty","sec-fetch-mode":"cors","sec-fetch-site":"same-site","user-agent":"Mozilla/5.0 (Windows NT 10.0; Win64; x64) AppleWebKit/537.36 (KHTML, like Gecko) Chrome/148.0.0.0 Safari/537.36"},"level":"error","message":"invalid input syntax for type uuid: \"new\"","method":"GET","orgId":null,"path":"/api/v1/tickets/new/comments","stack":"error: invalid input syntax for type uuid: \"new\"\n    at C:\\Users\\MohitVerma\\Documents\\Live Assignments\\CubastionNexus\\backend\\node_modules\\pg-pool\\index.js:45:11\n    at process.processTicksAndRejections (node:internal/process/task_queues:105:5)\n    at async query (C:\\Users\\MohitVerma\\Documents\\Live Assignments\\CubastionNexus\\backend\\src\\config\\database.js:43:20)\n    at async assertTicketAccess (C:\\Users\\MohitVerma\\Documents\\Live Assignments\\CubastionNexus\\backend\\src\\services\\comments.service.js:11:15)\n    at async Object.getComments (C:\\Users\\MohitVerma\\Documents\\Live Assignments\\CubastionNexus\\backend\\src\\services\\comments.service.js:22:3)\n    at async getComments (C:\\Users\\MohitVerma\\Documents\\Live Assignments\\CubastionNexus\\backend\\src\\controllers\\comments.controller.js:6:22)","timestamp":"2026-06-05 15:51:22","userId":"c263bd68-d64b-44a0-9844-c26583b4381b"}
{"duration":"21ms","level":"error","message":"invalid input syntax for type uuid: \"new\"","timestamp":"2026-06-05 15:51:22"}
{"headers":{"accept":"application/json, text/plain, */*","accept-encoding":"gzip, deflate, br, zstd","accept-language":"en-GB,en;q=0.9","connection":"keep-alive","cookie":"access_token=eyJhbGciOiJIUzI1NiIsInR5cCI6IkpXVCJ9.eyJzdWIiOiJjMjYzYmQ2OC1kNjRiLTQ0YTAtOTg0NC1jMjY1ODNiNDM4MWIiLCJyb2xlIjoiYWdlbnQiLCJvcmdJZCI6bnVsbCwiaWF0IjoxNzgwNjU0NjA0LCJleHAiOjE3ODA2NTgyMDR9.1ug5iR2QKihv31_cJaQGpTXW4BGGVplzRqAR3RMYhOs; refresh_token=939f88e05b48f7be8029a4a495f30531154dc3cadca093a65c363950c6f4cebfc94c4697327d02b9","dnt":"1","host":"localhost:3001","origin":"http://localhost:5173","referer":"http://localhost:5173/","sec-ch-ua":"\"Chromium\";v=\"148\", \"Google Chrome\";v=\"148\", \"Not/A)Brand\";v=\"99\"","sec-ch-ua-mobile":"?0","sec-ch-ua-platform":"\"Windows\"","sec-fetch-dest":"empty","sec-fetch-mode":"cors","sec-fetch-site":"same-site","user-agent":"Mozilla/5.0 (Windows NT 10.0; Win64; x64) AppleWebKit/537.36 (KHTML, like Gecko) Chrome/148.0.0.0 Safari/537.36"},"level":"error","message":"invalid input syntax for type uuid: \"new\"","method":"GET","orgId":null,"path":"/api/v1/tickets/new","stack":"error: invalid input syntax for type uuid: \"new\"\n    at C:\\Users\\MohitVerma\\Documents\\Live Assignments\\CubastionNexus\\backend\\node_modules\\pg-pool\\index.js:45:11\n    at process.processTicksAndRejections (node:internal/process/task_queues:105:5)\n    at async query (C:\\Users\\MohitVerma\\Documents\\Live Assignments\\CubastionNexus\\backend\\src\\config\\database.js:43:20)\n    at async Object.getTicket (C:\\Users\\MohitVerma\\Documents\\Live Assignments\\CubastionNexus\\backend\\src\\services\\tickets.service.js:99:18)\n    at async getTicket (C:\\Users\\MohitVerma\\Documents\\Live Assignments\\CubastionNexus\\backend\\src\\controllers\\tickets.controller.js:27:20)","timestamp":"2026-06-05 15:51:22","userId":"c263bd68-d64b-44a0-9844-c26583b4381b"}
{"duration":"4ms","level":"error","message":"invalid input syntax for type uuid: \"new\"","timestamp":"2026-06-05 15:51:23"}
{"headers":{"accept":"application/json, text/plain, */*","accept-encoding":"gzip, deflate, br, zstd","accept-language":"en-GB,en;q=0.9","connection":"keep-alive","cookie":"access_token=eyJhbGciOiJIUzI1NiIsInR5cCI6IkpXVCJ9.eyJzdWIiOiJjMjYzYmQ2OC1kNjRiLTQ0YTAtOTg0NC1jMjY1ODNiNDM4MWIiLCJyb2xlIjoiYWdlbnQiLCJvcmdJZCI6bnVsbCwiaWF0IjoxNzgwNjU0NjA0LCJleHAiOjE3ODA2NTgyMDR9.1ug5iR2QKihv31_cJaQGpTXW4BGGVplzRqAR3RMYhOs; refresh_token=939f88e05b48f7be8029a4a495f30531154dc3cadca093a65c363950c6f4cebfc94c4697327d02b9","dnt":"1","host":"localhost:3001","origin":"http://localhost:5173","referer":"http://localhost:5173/","sec-ch-ua":"\"Chromium\";v=\"148\", \"Google Chrome\";v=\"148\", \"Not/A)Brand\";v=\"99\"","sec-ch-ua-mobile":"?0","sec-ch-ua-platform":"\"Windows\"","sec-fetch-dest":"empty","sec-fetch-mode":"cors","sec-fetch-site":"same-site","user-agent":"Mozilla/5.0 (Windows NT 10.0; Win64; x64) AppleWebKit/537.36 (KHTML, like Gecko) Chrome/148.0.0.0 Safari/537.36"},"level":"error","message":"invalid input syntax for type uuid: \"new\"","method":"GET","orgId":null,"path":"/api/v1/tickets/new/attachments","stack":"error: invalid input syntax for type uuid: \"new\"\n    at C:\\Users\\MohitVerma\\Documents\\Live Assignments\\CubastionNexus\\backend\\node_modules\\pg-pool\\index.js:45:11\n    at process.processTicksAndRejections (node:internal/process/task_queues:105:5)\n    at async query (C:\\Users\\MohitVerma\\Documents\\Live Assignments\\CubastionNexus\\backend\\src\\config\\database.js:43:20)\n    at async Object.getAttachments (C:\\Users\\MohitVerma\\Documents\\Live Assignments\\CubastionNexus\\backend\\src\\services\\fileUpload.service.js:34:18)\n    at async getAttachments (C:\\Users\\MohitVerma\\Documents\\Live Assignments\\CubastionNexus\\backend\\src\\controllers\\attachments.controller.js:8:25)","timestamp":"2026-06-05 15:51:23","userId":"c263bd68-d64b-44a0-9844-c26583b4381b"}
{"duration":"1ms","level":"error","message":"invalid input syntax for type uuid: \"new\"","timestamp":"2026-06-05 15:51:23"}
{"headers":{"accept":"application/json, text/plain, */*","accept-encoding":"gzip, deflate, br, zstd","accept-language":"en-GB,en;q=0.9","connection":"keep-alive","cookie":"access_token=eyJhbGciOiJIUzI1NiIsInR5cCI6IkpXVCJ9.eyJzdWIiOiJjMjYzYmQ2OC1kNjRiLTQ0YTAtOTg0NC1jMjY1ODNiNDM4MWIiLCJyb2xlIjoiYWdlbnQiLCJvcmdJZCI6bnVsbCwiaWF0IjoxNzgwNjU0NjA0LCJleHAiOjE3ODA2NTgyMDR9.1ug5iR2QKihv31_cJaQGpTXW4BGGVplzRqAR3RMYhOs; refresh_token=939f88e05b48f7be8029a4a495f30531154dc3cadca093a65c363950c6f4cebfc94c4697327d02b9","dnt":"1","host":"localhost:3001","origin":"http://localhost:5173","referer":"http://localhost:5173/","sec-ch-ua":"\"Chromium\";v=\"148\", \"Google Chrome\";v=\"148\", \"Not/A)Brand\";v=\"99\"","sec-ch-ua-mobile":"?0","sec-ch-ua-platform":"\"Windows\"","sec-fetch-dest":"empty","sec-fetch-mode":"cors","sec-fetch-site":"same-site","user-agent":"Mozilla/5.0 (Windows NT 10.0; Win64; x64) AppleWebKit/537.36 (KHTML, like Gecko) Chrome/148.0.0.0 Safari/537.36"},"level":"error","message":"invalid input syntax for type uuid: \"new\"","method":"GET","orgId":null,"path":"/api/v1/tickets/new/comments","stack":"error: invalid input syntax for type uuid: \"new\"\n    at C:\\Users\\MohitVerma\\Documents\\Live Assignments\\CubastionNexus\\backend\\node_modules\\pg-pool\\index.js:45:11\n    at process.processTicksAndRejections (node:internal/process/task_queues:105:5)\n    at async query (C:\\Users\\MohitVerma\\Documents\\Live Assignments\\CubastionNexus\\backend\\src\\config\\database.js:43:20)\n    at async assertTicketAccess (C:\\Users\\MohitVerma\\Documents\\Live Assignments\\CubastionNexus\\backend\\src\\services\\comments.service.js:11:15)\n    at async Object.getComments (C:\\Users\\MohitVerma\\Documents\\Live Assignments\\CubastionNexus\\backend\\src\\services\\comments.service.js:22:3)\n    at async getComments (C:\\Users\\MohitVerma\\Documents\\Live Assignments\\CubastionNexus\\backend\\src\\controllers\\comments.controller.js:6:22)","timestamp":"2026-06-05 15:51:23","userId":"c263bd68-d64b-44a0-9844-c26583b4381b"}
{"duration":"2ms","level":"error","message":"invalid input syntax for type uuid: \"new\"","timestamp":"2026-06-05 15:51:23"}
{"headers":{"accept":"application/json, text/plain, */*","accept-encoding":"gzip, deflate, br, zstd","accept-language":"en-GB,en;q=0.9","connection":"keep-alive","cookie":"access_token=eyJhbGciOiJIUzI1NiIsInR5cCI6IkpXVCJ9.eyJzdWIiOiJjMjYzYmQ2OC1kNjRiLTQ0YTAtOTg0NC1jMjY1ODNiNDM4MWIiLCJyb2xlIjoiYWdlbnQiLCJvcmdJZCI6bnVsbCwiaWF0IjoxNzgwNjU0NjA0LCJleHAiOjE3ODA2NTgyMDR9.1ug5iR2QKihv31_cJaQGpTXW4BGGVplzRqAR3RMYhOs; refresh_token=939f88e05b48f7be8029a4a495f30531154dc3cadca093a65c363950c6f4cebfc94c4697327d02b9","dnt":"1","host":"localhost:3001","origin":"http://localhost:5173","referer":"http://localhost:5173/","sec-ch-ua":"\"Chromium\";v=\"148\", \"Google Chrome\";v=\"148\", \"Not/A)Brand\";v=\"99\"","sec-ch-ua-mobile":"?0","sec-ch-ua-platform":"\"Windows\"","sec-fetch-dest":"empty","sec-fetch-mode":"cors","sec-fetch-site":"same-site","user-agent":"Mozilla/5.0 (Windows NT 10.0; Win64; x64) AppleWebKit/537.36 (KHTML, like Gecko) Chrome/148.0.0.0 Safari/537.36"},"level":"error","message":"invalid input syntax for type uuid: \"new\"","method":"GET","orgId":null,"path":"/api/v1/tickets/new","stack":"error: invalid input syntax for type uuid: \"new\"\n    at C:\\Users\\MohitVerma\\Documents\\Live Assignments\\CubastionNexus\\backend\\node_modules\\pg-pool\\index.js:45:11\n    at process.processTicksAndRejections (node:internal/process/task_queues:105:5)\n    at async query (C:\\Users\\MohitVerma\\Documents\\Live Assignments\\CubastionNexus\\backend\\src\\config\\database.js:43:20)\n    at async Object.getTicket (C:\\Users\\MohitVerma\\Documents\\Live Assignments\\CubastionNexus\\backend\\src\\services\\tickets.service.js:99:18)\n    at async getTicket (C:\\Users\\MohitVerma\\Documents\\Live Assignments\\CubastionNexus\\backend\\src\\controllers\\tickets.controller.js:27:20)","timestamp":"2026-06-05 15:51:23","userId":"c263bd68-d64b-44a0-9844-c26583b4381b"}
{"level":"info","message":"SLA check: no breaches or warnings","timestamp":"2026-06-05 16:00:00"}
{"duration":"3ms","level":"error","message":"invalid input syntax for type uuid: \"new\"","timestamp":"2026-06-05 16:02:09"}
{"headers":{"accept":"application/json, text/plain, */*","accept-encoding":"gzip, deflate, br, zstd","accept-language":"en-GB,en;q=0.9","connection":"keep-alive","cookie":"access_token=eyJhbGciOiJIUzI1NiIsInR5cCI6IkpXVCJ9.eyJzdWIiOiJjMjYzYmQ2OC1kNjRiLTQ0YTAtOTg0NC1jMjY1ODNiNDM4MWIiLCJyb2xlIjoiYWdlbnQiLCJvcmdJZCI6bnVsbCwiaWF0IjoxNzgwNjU0NjA0LCJleHAiOjE3ODA2NTgyMDR9.1ug5iR2QKihv31_cJaQGpTXW4BGGVplzRqAR3RMYhOs; refresh_token=939f88e05b48f7be8029a4a495f30531154dc3cadca093a65c363950c6f4cebfc94c4697327d02b9","dnt":"1","host":"localhost:3001","origin":"http://localhost:5173","referer":"http://localhost:5173/","sec-ch-ua":"\"Chromium\";v=\"148\", \"Google Chrome\";v=\"148\", \"Not/A)Brand\";v=\"99\"","sec-ch-ua-mobile":"?0","sec-ch-ua-platform":"\"Windows\"","sec-fetch-dest":"empty","sec-fetch-mode":"cors","sec-fetch-site":"same-site","user-agent":"Mozilla/5.0 (Windows NT 10.0; Win64; x64) AppleWebKit/537.36 (KHTML, like Gecko) Chrome/148.0.0.0 Safari/537.36"},"level":"error","message":"invalid input syntax for type uuid: \"new\"","method":"GET","orgId":null,"path":"/api/v1/tickets/new","stack":"error: invalid input syntax for type uuid: \"new\"\n    at C:\\Users\\MohitVerma\\Documents\\Live Assignments\\CubastionNexus\\backend\\node_modules\\pg-pool\\index.js:45:11\n    at process.processTicksAndRejections (node:internal/process/task_queues:105:5)\n    at async query (C:\\Users\\MohitVerma\\Documents\\Live Assignments\\CubastionNexus\\backend\\src\\config\\database.js:43:20)\n    at async Object.getTicket (C:\\Users\\MohitVerma\\Documents\\Live Assignments\\CubastionNexus\\backend\\src\\services\\tickets.service.js:99:18)\n    at async getTicket (C:\\Users\\MohitVerma\\Documents\\Live Assignments\\CubastionNexus\\backend\\src\\controllers\\tickets.controller.js:27:20)","timestamp":"2026-06-05 16:02:09","userId":"c263bd68-d64b-44a0-9844-c26583b4381b"}
{"duration":"4ms","level":"error","message":"invalid input syntax for type uuid: \"new\"","timestamp":"2026-06-05 16:02:09"}
{"headers":{"accept":"application/json, text/plain, */*","accept-encoding":"gzip, deflate, br, zstd","accept-language":"en-GB,en;q=0.9","connection":"keep-alive","cookie":"access_token=eyJhbGciOiJIUzI1NiIsInR5cCI6IkpXVCJ9.eyJzdWIiOiJjMjYzYmQ2OC1kNjRiLTQ0YTAtOTg0NC1jMjY1ODNiNDM4MWIiLCJyb2xlIjoiYWdlbnQiLCJvcmdJZCI6bnVsbCwiaWF0IjoxNzgwNjU0NjA0LCJleHAiOjE3ODA2NTgyMDR9.1ug5iR2QKihv31_cJaQGpTXW4BGGVplzRqAR3RMYhOs; refresh_token=939f88e05b48f7be8029a4a495f30531154dc3cadca093a65c363950c6f4cebfc94c4697327d02b9","dnt":"1","host":"localhost:3001","origin":"http://localhost:5173","referer":"http://localhost:5173/","sec-ch-ua":"\"Chromium\";v=\"148\", \"Google Chrome\";v=\"148\", \"Not/A)Brand\";v=\"99\"","sec-ch-ua-mobile":"?0","sec-ch-ua-platform":"\"Windows\"","sec-fetch-dest":"empty","sec-fetch-mode":"cors","sec-fetch-site":"same-site","user-agent":"Mozilla/5.0 (Windows NT 10.0; Win64; x64) AppleWebKit/537.36 (KHTML, like Gecko) Chrome/148.0.0.0 Safari/537.36"},"level":"error","message":"invalid input syntax for type uuid: \"new\"","method":"GET","orgId":null,"path":"/api/v1/tickets/new/comments","stack":"error: invalid input syntax for type uuid: \"new\"\n    at C:\\Users\\MohitVerma\\Documents\\Live Assignments\\CubastionNexus\\backend\\node_modules\\pg-pool\\index.js:45:11\n    at process.processTicksAndRejections (node:internal/process/task_queues:105:5)\n    at async query (C:\\Users\\MohitVerma\\Documents\\Live Assignments\\CubastionNexus\\backend\\src\\config\\database.js:43:20)\n    at async assertTicketAccess (C:\\Users\\MohitVerma\\Documents\\Live Assignments\\CubastionNexus\\backend\\src\\services\\comments.service.js:11:15)\n    at async Object.getComments (C:\\Users\\MohitVerma\\Documents\\Live Assignments\\CubastionNexus\\backend\\src\\services\\comments.service.js:22:3)\n    at async getComments (C:\\Users\\MohitVerma\\Documents\\Live Assignments\\CubastionNexus\\backend\\src\\controllers\\comments.controller.js:6:22)","timestamp":"2026-06-05 16:02:09","userId":"c263bd68-d64b-44a0-9844-c26583b4381b"}
{"duration":"1ms","level":"error","message":"invalid input syntax for type uuid: \"new\"","timestamp":"2026-06-05 16:02:09"}
{"headers":{"accept":"application/json, text/plain, */*","accept-encoding":"gzip, deflate, br, zstd","accept-language":"en-GB,en;q=0.9","connection":"keep-alive","cookie":"access_token=eyJhbGciOiJIUzI1NiIsInR5cCI6IkpXVCJ9.eyJzdWIiOiJjMjYzYmQ2OC1kNjRiLTQ0YTAtOTg0NC1jMjY1ODNiNDM4MWIiLCJyb2xlIjoiYWdlbnQiLCJvcmdJZCI6bnVsbCwiaWF0IjoxNzgwNjU0NjA0LCJleHAiOjE3ODA2NTgyMDR9.1ug5iR2QKihv31_cJaQGpTXW4BGGVplzRqAR3RMYhOs; refresh_token=939f88e05b48f7be8029a4a495f30531154dc3cadca093a65c363950c6f4cebfc94c4697327d02b9","dnt":"1","host":"localhost:3001","origin":"http://localhost:5173","referer":"http://localhost:5173/","sec-ch-ua":"\"Chromium\";v=\"148\", \"Google Chrome\";v=\"148\", \"Not/A)Brand\";v=\"99\"","sec-ch-ua-mobile":"?0","sec-ch-ua-platform":"\"Windows\"","sec-fetch-dest":"empty","sec-fetch-mode":"cors","sec-fetch-site":"same-site","user-agent":"Mozilla/5.0 (Windows NT 10.0; Win64; x64) AppleWebKit/537.36 (KHTML, like Gecko) Chrome/148.0.0.0 Safari/537.36"},"level":"error","message":"invalid input syntax for type uuid: \"new\"","method":"GET","orgId":null,"path":"/api/v1/tickets/new/attachments","stack":"error: invalid input syntax for type uuid: \"new\"\n    at C:\\Users\\MohitVerma\\Documents\\Live Assignments\\CubastionNexus\\backend\\node_modules\\pg-pool\\index.js:45:11\n    at process.processTicksAndRejections (node:internal/process/task_queues:105:5)\n    at async query (C:\\Users\\MohitVerma\\Documents\\Live Assignments\\CubastionNexus\\backend\\src\\config\\database.js:43:20)\n    at async Object.getAttachments (C:\\Users\\MohitVerma\\Documents\\Live Assignments\\CubastionNexus\\backend\\src\\services\\fileUpload.service.js:34:18)\n    at async getAttachments (C:\\Users\\MohitVerma\\Documents\\Live Assignments\\CubastionNexus\\backend\\src\\controllers\\attachments.controller.js:8:25)","timestamp":"2026-06-05 16:02:09","userId":"c263bd68-d64b-44a0-9844-c26583b4381b"}
{"duration":"1ms","level":"error","message":"invalid input syntax for type uuid: \"new\"","timestamp":"2026-06-05 16:02:10"}
{"headers":{"accept":"application/json, text/plain, */*","accept-encoding":"gzip, deflate, br, zstd","accept-language":"en-GB,en;q=0.9","connection":"keep-alive","cookie":"access_token=eyJhbGciOiJIUzI1NiIsInR5cCI6IkpXVCJ9.eyJzdWIiOiJjMjYzYmQ2OC1kNjRiLTQ0YTAtOTg0NC1jMjY1ODNiNDM4MWIiLCJyb2xlIjoiYWdlbnQiLCJvcmdJZCI6bnVsbCwiaWF0IjoxNzgwNjU0NjA0LCJleHAiOjE3ODA2NTgyMDR9.1ug5iR2QKihv31_cJaQGpTXW4BGGVplzRqAR3RMYhOs; refresh_token=939f88e05b48f7be8029a4a495f30531154dc3cadca093a65c363950c6f4cebfc94c4697327d02b9","dnt":"1","host":"localhost:3001","origin":"http://localhost:5173","referer":"http://localhost:5173/","sec-ch-ua":"\"Chromium\";v=\"148\", \"Google Chrome\";v=\"148\", \"Not/A)Brand\";v=\"99\"","sec-ch-ua-mobile":"?0","sec-ch-ua-platform":"\"Windows\"","sec-fetch-dest":"empty","sec-fetch-mode":"cors","sec-fetch-site":"same-site","user-agent":"Mozilla/5.0 (Windows NT 10.0; Win64; x64) AppleWebKit/537.36 (KHTML, like Gecko) Chrome/148.0.0.0 Safari/537.36"},"level":"error","message":"invalid input syntax for type uuid: \"new\"","method":"GET","orgId":null,"path":"/api/v1/tickets/new","stack":"error: invalid input syntax for type uuid: \"new\"\n    at C:\\Users\\MohitVerma\\Documents\\Live Assignments\\CubastionNexus\\backend\\node_modules\\pg-pool\\index.js:45:11\n    at process.processTicksAndRejections (node:internal/process/task_queues:105:5)\n    at async query (C:\\Users\\MohitVerma\\Documents\\Live Assignments\\CubastionNexus\\backend\\src\\config\\database.js:43:20)\n    at async Object.getTicket (C:\\Users\\MohitVerma\\Documents\\Live Assignments\\CubastionNexus\\backend\\src\\services\\tickets.service.js:99:18)\n    at async getTicket (C:\\Users\\MohitVerma\\Documents\\Live Assignments\\CubastionNexus\\backend\\src\\controllers\\tickets.controller.js:27:20)","timestamp":"2026-06-05 16:02:10","userId":"c263bd68-d64b-44a0-9844-c26583b4381b"}
{"duration":"2ms","level":"error","message":"invalid input syntax for type uuid: \"new\"","timestamp":"2026-06-05 16:02:10"}
{"headers":{"accept":"application/json, text/plain, */*","accept-encoding":"gzip, deflate, br, zstd","accept-language":"en-GB,en;q=0.9","connection":"keep-alive","cookie":"access_token=eyJhbGciOiJIUzI1NiIsInR5cCI6IkpXVCJ9.eyJzdWIiOiJjMjYzYmQ2OC1kNjRiLTQ0YTAtOTg0NC1jMjY1ODNiNDM4MWIiLCJyb2xlIjoiYWdlbnQiLCJvcmdJZCI6bnVsbCwiaWF0IjoxNzgwNjU0NjA0LCJleHAiOjE3ODA2NTgyMDR9.1ug5iR2QKihv31_cJaQGpTXW4BGGVplzRqAR3RMYhOs; refresh_token=939f88e05b48f7be8029a4a495f30531154dc3cadca093a65c363950c6f4cebfc94c4697327d02b9","dnt":"1","host":"localhost:3001","origin":"http://localhost:5173","referer":"http://localhost:5173/","sec-ch-ua":"\"Chromium\";v=\"148\", \"Google Chrome\";v=\"148\", \"Not/A)Brand\";v=\"99\"","sec-ch-ua-mobile":"?0","sec-ch-ua-platform":"\"Windows\"","sec-fetch-dest":"empty","sec-fetch-mode":"cors","sec-fetch-site":"same-site","user-agent":"Mozilla/5.0 (Windows NT 10.0; Win64; x64) AppleWebKit/537.36 (KHTML, like Gecko) Chrome/148.0.0.0 Safari/537.36"},"level":"error","message":"invalid input syntax for type uuid: \"new\"","method":"GET","orgId":null,"path":"/api/v1/tickets/new/comments","stack":"error: invalid input syntax for type uuid: \"new\"\n    at C:\\Users\\MohitVerma\\Documents\\Live Assignments\\CubastionNexus\\backend\\node_modules\\pg-pool\\index.js:45:11\n    at process.processTicksAndRejections (node:internal/process/task_queues:105:5)\n    at async query (C:\\Users\\MohitVerma\\Documents\\Live Assignments\\CubastionNexus\\backend\\src\\config\\database.js:43:20)\n    at async assertTicketAccess (C:\\Users\\MohitVerma\\Documents\\Live Assignments\\CubastionNexus\\backend\\src\\services\\comments.service.js:11:15)\n    at async Object.getComments (C:\\Users\\MohitVerma\\Documents\\Live Assignments\\CubastionNexus\\backend\\src\\services\\comments.service.js:22:3)\n    at async getComments (C:\\Users\\MohitVerma\\Documents\\Live Assignments\\CubastionNexus\\backend\\src\\controllers\\comments.controller.js:6:22)","timestamp":"2026-06-05 16:02:10","userId":"c263bd68-d64b-44a0-9844-c26583b4381b"}
{"duration":"2ms","level":"error","message":"invalid input syntax for type uuid: \"new\"","timestamp":"2026-06-05 16:02:10"}
{"headers":{"accept":"application/json, text/plain, */*","accept-encoding":"gzip, deflate, br, zstd","accept-language":"en-GB,en;q=0.9","connection":"keep-alive","cookie":"access_token=eyJhbGciOiJIUzI1NiIsInR5cCI6IkpXVCJ9.eyJzdWIiOiJjMjYzYmQ2OC1kNjRiLTQ0YTAtOTg0NC1jMjY1ODNiNDM4MWIiLCJyb2xlIjoiYWdlbnQiLCJvcmdJZCI6bnVsbCwiaWF0IjoxNzgwNjU0NjA0LCJleHAiOjE3ODA2NTgyMDR9.1ug5iR2QKihv31_cJaQGpTXW4BGGVplzRqAR3RMYhOs; refresh_token=939f88e05b48f7be8029a4a495f30531154dc3cadca093a65c363950c6f4cebfc94c4697327d02b9","dnt":"1","host":"localhost:3001","origin":"http://localhost:5173","referer":"http://localhost:5173/","sec-ch-ua":"\"Chromium\";v=\"148\", \"Google Chrome\";v=\"148\", \"Not/A)Brand\";v=\"99\"","sec-ch-ua-mobile":"?0","sec-ch-ua-platform":"\"Windows\"","sec-fetch-dest":"empty","sec-fetch-mode":"cors","sec-fetch-site":"same-site","user-agent":"Mozilla/5.0 (Windows NT 10.0; Win64; x64) AppleWebKit/537.36 (KHTML, like Gecko) Chrome/148.0.0.0 Safari/537.36"},"level":"error","message":"invalid input syntax for type uuid: \"new\"","method":"GET","orgId":null,"path":"/api/v1/tickets/new/attachments","stack":"error: invalid input syntax for type uuid: \"new\"\n    at C:\\Users\\MohitVerma\\Documents\\Live Assignments\\CubastionNexus\\backend\\node_modules\\pg-pool\\index.js:45:11\n    at process.processTicksAndRejections (node:internal/process/task_queues:105:5)\n    at async query (C:\\Users\\MohitVerma\\Documents\\Live Assignments\\CubastionNexus\\backend\\src\\config\\database.js:43:20)\n    at async Object.getAttachments (C:\\Users\\MohitVerma\\Documents\\Live Assignments\\CubastionNexus\\backend\\src\\services\\fileUpload.service.js:34:18)\n    at async getAttachments (C:\\Users\\MohitVerma\\Documents\\Live Assignments\\CubastionNexus\\backend\\src\\controllers\\attachments.controller.js:8:25)","timestamp":"2026-06-05 16:02:10","userId":"c263bd68-d64b-44a0-9844-c26583b4381b"}
{"duration":"1ms","level":"error","message":"invalid input syntax for type uuid: \"new\"","timestamp":"2026-06-05 16:02:15"}
{"headers":{"accept":"application/json, text/plain, */*","accept-encoding":"gzip, deflate, br, zstd","accept-language":"en-GB,en;q=0.9","connection":"keep-alive","cookie":"access_token=eyJhbGciOiJIUzI1NiIsInR5cCI6IkpXVCJ9.eyJzdWIiOiJjMjYzYmQ2OC1kNjRiLTQ0YTAtOTg0NC1jMjY1ODNiNDM4MWIiLCJyb2xlIjoiYWdlbnQiLCJvcmdJZCI6bnVsbCwiaWF0IjoxNzgwNjU0NjA0LCJleHAiOjE3ODA2NTgyMDR9.1ug5iR2QKihv31_cJaQGpTXW4BGGVplzRqAR3RMYhOs; refresh_token=939f88e05b48f7be8029a4a495f30531154dc3cadca093a65c363950c6f4cebfc94c4697327d02b9","dnt":"1","host":"localhost:3001","origin":"http://localhost:5173","referer":"http://localhost:5173/","sec-ch-ua":"\"Chromium\";v=\"148\", \"Google Chrome\";v=\"148\", \"Not/A)Brand\";v=\"99\"","sec-ch-ua-mobile":"?0","sec-ch-ua-platform":"\"Windows\"","sec-fetch-dest":"empty","sec-fetch-mode":"cors","sec-fetch-site":"same-site","user-agent":"Mozilla/5.0 (Windows NT 10.0; Win64; x64) AppleWebKit/537.36 (KHTML, like Gecko) Chrome/148.0.0.0 Safari/537.36"},"level":"error","message":"invalid input syntax for type uuid: \"new\"","method":"GET","orgId":null,"path":"/api/v1/tickets/new","stack":"error: invalid input syntax for type uuid: \"new\"\n    at C:\\Users\\MohitVerma\\Documents\\Live Assignments\\CubastionNexus\\backend\\node_modules\\pg-pool\\index.js:45:11\n    at process.processTicksAndRejections (node:internal/process/task_queues:105:5)\n    at async query (C:\\Users\\MohitVerma\\Documents\\Live Assignments\\CubastionNexus\\backend\\src\\config\\database.js:43:20)\n    at async Object.getTicket (C:\\Users\\MohitVerma\\Documents\\Live Assignments\\CubastionNexus\\backend\\src\\services\\tickets.service.js:99:18)\n    at async getTicket (C:\\Users\\MohitVerma\\Documents\\Live Assignments\\CubastionNexus\\backend\\src\\controllers\\tickets.controller.js:27:20)","timestamp":"2026-06-05 16:02:15","userId":"c263bd68-d64b-44a0-9844-c26583b4381b"}
{"duration":"1ms","level":"error","message":"invalid input syntax for type uuid: \"new\"","timestamp":"2026-06-05 16:02:15"}
{"headers":{"accept":"application/json, text/plain, */*","accept-encoding":"gzip, deflate, br, zstd","accept-language":"en-GB,en;q=0.9","connection":"keep-alive","cookie":"access_token=eyJhbGciOiJIUzI1NiIsInR5cCI6IkpXVCJ9.eyJzdWIiOiJjMjYzYmQ2OC1kNjRiLTQ0YTAtOTg0NC1jMjY1ODNiNDM4MWIiLCJyb2xlIjoiYWdlbnQiLCJvcmdJZCI6bnVsbCwiaWF0IjoxNzgwNjU0NjA0LCJleHAiOjE3ODA2NTgyMDR9.1ug5iR2QKihv31_cJaQGpTXW4BGGVplzRqAR3RMYhOs; refresh_token=939f88e05b48f7be8029a4a495f30531154dc3cadca093a65c363950c6f4cebfc94c4697327d02b9","dnt":"1","host":"localhost:3001","origin":"http://localhost:5173","referer":"http://localhost:5173/","sec-ch-ua":"\"Chromium\";v=\"148\", \"Google Chrome\";v=\"148\", \"Not/A)Brand\";v=\"99\"","sec-ch-ua-mobile":"?0","sec-ch-ua-platform":"\"Windows\"","sec-fetch-dest":"empty","sec-fetch-mode":"cors","sec-fetch-site":"same-site","user-agent":"Mozilla/5.0 (Windows NT 10.0; Win64; x64) AppleWebKit/537.36 (KHTML, like Gecko) Chrome/148.0.0.0 Safari/537.36"},"level":"error","message":"invalid input syntax for type uuid: \"new\"","method":"GET","orgId":null,"path":"/api/v1/tickets/new/comments","stack":"error: invalid input syntax for type uuid: \"new\"\n    at C:\\Users\\MohitVerma\\Documents\\Live Assignments\\CubastionNexus\\backend\\node_modules\\pg-pool\\index.js:45:11\n    at process.processTicksAndRejections (node:internal/process/task_queues:105:5)\n    at async query (C:\\Users\\MohitVerma\\Documents\\Live Assignments\\CubastionNexus\\backend\\src\\config\\database.js:43:20)\n    at async assertTicketAccess (C:\\Users\\MohitVerma\\Documents\\Live Assignments\\CubastionNexus\\backend\\src\\services\\comments.service.js:11:15)\n    at async Object.getComments (C:\\Users\\MohitVerma\\Documents\\Live Assignments\\CubastionNexus\\backend\\src\\services\\comments.service.js:22:3)\n    at async getComments (C:\\Users\\MohitVerma\\Documents\\Live Assignments\\CubastionNexus\\backend\\src\\controllers\\comments.controller.js:6:22)","timestamp":"2026-06-05 16:02:15","userId":"c263bd68-d64b-44a0-9844-c26583b4381b"}
{"duration":"2ms","level":"error","message":"invalid input syntax for type uuid: \"new\"","timestamp":"2026-06-05 16:02:15"}
{"headers":{"accept":"application/json, text/plain, */*","accept-encoding":"gzip, deflate, br, zstd","accept-language":"en-GB,en;q=0.9","connection":"keep-alive","cookie":"access_token=eyJhbGciOiJIUzI1NiIsInR5cCI6IkpXVCJ9.eyJzdWIiOiJjMjYzYmQ2OC1kNjRiLTQ0YTAtOTg0NC1jMjY1ODNiNDM4MWIiLCJyb2xlIjoiYWdlbnQiLCJvcmdJZCI6bnVsbCwiaWF0IjoxNzgwNjU0NjA0LCJleHAiOjE3ODA2NTgyMDR9.1ug5iR2QKihv31_cJaQGpTXW4BGGVplzRqAR3RMYhOs; refresh_token=939f88e05b48f7be8029a4a495f30531154dc3cadca093a65c363950c6f4cebfc94c4697327d02b9","dnt":"1","host":"localhost:3001","origin":"http://localhost:5173","referer":"http://localhost:5173/","sec-ch-ua":"\"Chromium\";v=\"148\", \"Google Chrome\";v=\"148\", \"Not/A)Brand\";v=\"99\"","sec-ch-ua-mobile":"?0","sec-ch-ua-platform":"\"Windows\"","sec-fetch-dest":"empty","sec-fetch-mode":"cors","sec-fetch-site":"same-site","user-agent":"Mozilla/5.0 (Windows NT 10.0; Win64; x64) AppleWebKit/537.36 (KHTML, like Gecko) Chrome/148.0.0.0 Safari/537.36"},"level":"error","message":"invalid input syntax for type uuid: \"new\"","method":"GET","orgId":null,"path":"/api/v1/tickets/new/attachments","stack":"error: invalid input syntax for type uuid: \"new\"\n    at C:\\Users\\MohitVerma\\Documents\\Live Assignments\\CubastionNexus\\backend\\node_modules\\pg-pool\\index.js:45:11\n    at process.processTicksAndRejections (node:internal/process/task_queues:105:5)\n    at async query (C:\\Users\\MohitVerma\\Documents\\Live Assignments\\CubastionNexus\\backend\\src\\config\\database.js:43:20)\n    at async Object.getAttachments (C:\\Users\\MohitVerma\\Documents\\Live Assignments\\CubastionNexus\\backend\\src\\services\\fileUpload.service.js:34:18)\n    at async getAttachments (C:\\Users\\MohitVerma\\Documents\\Live Assignments\\CubastionNexus\\backend\\src\\controllers\\attachments.controller.js:8:25)","timestamp":"2026-06-05 16:02:15","userId":"c263bd68-d64b-44a0-9844-c26583b4381b"}
{"duration":"1ms","level":"error","message":"invalid input syntax for type uuid: \"new\"","timestamp":"2026-06-05 16:02:16"}
{"headers":{"accept":"application/json, text/plain, */*","accept-encoding":"gzip, deflate, br, zstd","accept-language":"en-GB,en;q=0.9","connection":"keep-alive","cookie":"access_token=eyJhbGciOiJIUzI1NiIsInR5cCI6IkpXVCJ9.eyJzdWIiOiJjMjYzYmQ2OC1kNjRiLTQ0YTAtOTg0NC1jMjY1ODNiNDM4MWIiLCJyb2xlIjoiYWdlbnQiLCJvcmdJZCI6bnVsbCwiaWF0IjoxNzgwNjU0NjA0LCJleHAiOjE3ODA2NTgyMDR9.1ug5iR2QKihv31_cJaQGpTXW4BGGVplzRqAR3RMYhOs; refresh_token=939f88e05b48f7be8029a4a495f30531154dc3cadca093a65c363950c6f4cebfc94c4697327d02b9","dnt":"1","host":"localhost:3001","origin":"http://localhost:5173","referer":"http://localhost:5173/","sec-ch-ua":"\"Chromium\";v=\"148\", \"Google Chrome\";v=\"148\", \"Not/A)Brand\";v=\"99\"","sec-ch-ua-mobile":"?0","sec-ch-ua-platform":"\"Windows\"","sec-fetch-dest":"empty","sec-fetch-mode":"cors","sec-fetch-site":"same-site","user-agent":"Mozilla/5.0 (Windows NT 10.0; Win64; x64) AppleWebKit/537.36 (KHTML, like Gecko) Chrome/148.0.0.0 Safari/537.36"},"level":"error","message":"invalid input syntax for type uuid: \"new\"","method":"GET","orgId":null,"path":"/api/v1/tickets/new/comments","stack":"error: invalid input syntax for type uuid: \"new\"\n    at C:\\Users\\MohitVerma\\Documents\\Live Assignments\\CubastionNexus\\backend\\node_modules\\pg-pool\\index.js:45:11\n    at process.processTicksAndRejections (node:internal/process/task_queues:105:5)\n    at async query (C:\\Users\\MohitVerma\\Documents\\Live Assignments\\CubastionNexus\\backend\\src\\config\\database.js:43:20)\n    at async assertTicketAccess (C:\\Users\\MohitVerma\\Documents\\Live Assignments\\CubastionNexus\\backend\\src\\services\\comments.service.js:11:15)\n    at async Object.getComments (C:\\Users\\MohitVerma\\Documents\\Live Assignments\\CubastionNexus\\backend\\src\\services\\comments.service.js:22:3)\n    at async getComments (C:\\Users\\MohitVerma\\Documents\\Live Assignments\\CubastionNexus\\backend\\src\\controllers\\comments.controller.js:6:22)","timestamp":"2026-06-05 16:02:16","userId":"c263bd68-d64b-44a0-9844-c26583b4381b"}
{"duration":"2ms","level":"error","message":"invalid input syntax for type uuid: \"new\"","timestamp":"2026-06-05 16:02:17"}
{"headers":{"accept":"application/json, text/plain, */*","accept-encoding":"gzip, deflate, br, zstd","accept-language":"en-GB,en;q=0.9","connection":"keep-alive","cookie":"access_token=eyJhbGciOiJIUzI1NiIsInR5cCI6IkpXVCJ9.eyJzdWIiOiJjMjYzYmQ2OC1kNjRiLTQ0YTAtOTg0NC1jMjY1ODNiNDM4MWIiLCJyb2xlIjoiYWdlbnQiLCJvcmdJZCI6bnVsbCwiaWF0IjoxNzgwNjU0NjA0LCJleHAiOjE3ODA2NTgyMDR9.1ug5iR2QKihv31_cJaQGpTXW4BGGVplzRqAR3RMYhOs; refresh_token=939f88e05b48f7be8029a4a495f30531154dc3cadca093a65c363950c6f4cebfc94c4697327d02b9","dnt":"1","host":"localhost:3001","origin":"http://localhost:5173","referer":"http://localhost:5173/","sec-ch-ua":"\"Chromium\";v=\"148\", \"Google Chrome\";v=\"148\", \"Not/A)Brand\";v=\"99\"","sec-ch-ua-mobile":"?0","sec-ch-ua-platform":"\"Windows\"","sec-fetch-dest":"empty","sec-fetch-mode":"cors","sec-fetch-site":"same-site","user-agent":"Mozilla/5.0 (Windows NT 10.0; Win64; x64) AppleWebKit/537.36 (KHTML, like Gecko) Chrome/148.0.0.0 Safari/537.36"},"level":"error","message":"invalid input syntax for type uuid: \"new\"","method":"GET","orgId":null,"path":"/api/v1/tickets/new/attachments","stack":"error: invalid input syntax for type uuid: \"new\"\n    at C:\\Users\\MohitVerma\\Documents\\Live Assignments\\CubastionNexus\\backend\\node_modules\\pg-pool\\index.js:45:11\n    at process.processTicksAndRejections (node:internal/process/task_queues:105:5)\n    at async query (C:\\Users\\MohitVerma\\Documents\\Live Assignments\\CubastionNexus\\backend\\src\\config\\database.js:43:20)\n    at async Object.getAttachments (C:\\Users\\MohitVerma\\Documents\\Live Assignments\\CubastionNexus\\backend\\src\\services\\fileUpload.service.js:34:18)\n    at async getAttachments (C:\\Users\\MohitVerma\\Documents\\Live Assignments\\CubastionNexus\\backend\\src\\controllers\\attachments.controller.js:8:25)","timestamp":"2026-06-05 16:02:17","userId":"c263bd68-d64b-44a0-9844-c26583b4381b"}
{"duration":"2ms","level":"error","message":"invalid input syntax for type uuid: \"new\"","timestamp":"2026-06-05 16:02:17"}
{"headers":{"accept":"application/json, text/plain, */*","accept-encoding":"gzip, deflate, br, zstd","accept-language":"en-GB,en;q=0.9","connection":"keep-alive","cookie":"access_token=eyJhbGciOiJIUzI1NiIsInR5cCI6IkpXVCJ9.eyJzdWIiOiJjMjYzYmQ2OC1kNjRiLTQ0YTAtOTg0NC1jMjY1ODNiNDM4MWIiLCJyb2xlIjoiYWdlbnQiLCJvcmdJZCI6bnVsbCwiaWF0IjoxNzgwNjU0NjA0LCJleHAiOjE3ODA2NTgyMDR9.1ug5iR2QKihv31_cJaQGpTXW4BGGVplzRqAR3RMYhOs; refresh_token=939f88e05b48f7be8029a4a495f30531154dc3cadca093a65c363950c6f4cebfc94c4697327d02b9","dnt":"1","host":"localhost:3001","origin":"http://localhost:5173","referer":"http://localhost:5173/","sec-ch-ua":"\"Chromium\";v=\"148\", \"Google Chrome\";v=\"148\", \"Not/A)Brand\";v=\"99\"","sec-ch-ua-mobile":"?0","sec-ch-ua-platform":"\"Windows\"","sec-fetch-dest":"empty","sec-fetch-mode":"cors","sec-fetch-site":"same-site","user-agent":"Mozilla/5.0 (Windows NT 10.0; Win64; x64) AppleWebKit/537.36 (KHTML, like Gecko) Chrome/148.0.0.0 Safari/537.36"},"level":"error","message":"invalid input syntax for type uuid: \"new\"","method":"GET","orgId":null,"path":"/api/v1/tickets/new","stack":"error: invalid input syntax for type uuid: \"new\"\n    at C:\\Users\\MohitVerma\\Documents\\Live Assignments\\CubastionNexus\\backend\\node_modules\\pg-pool\\index.js:45:11\n    at process.processTicksAndRejections (node:internal/process/task_queues:105:5)\n    at async query (C:\\Users\\MohitVerma\\Documents\\Live Assignments\\CubastionNexus\\backend\\src\\config\\database.js:43:20)\n    at async Object.getTicket (C:\\Users\\MohitVerma\\Documents\\Live Assignments\\CubastionNexus\\backend\\src\\services\\tickets.service.js:99:18)\n    at async getTicket (C:\\Users\\MohitVerma\\Documents\\Live Assignments\\CubastionNexus\\backend\\src\\controllers\\tickets.controller.js:27:20)","timestamp":"2026-06-05 16:02:17","userId":"c263bd68-d64b-44a0-9844-c26583b4381b"}
{"duration":"2ms","level":"error","message":"invalid input syntax for type uuid: \"new\"","timestamp":"2026-06-05 16:02:22"}
{"headers":{"accept":"application/json, text/plain, */*","accept-encoding":"gzip, deflate, br, zstd","accept-language":"en-GB,en;q=0.9","connection":"keep-alive","cookie":"access_token=eyJhbGciOiJIUzI1NiIsInR5cCI6IkpXVCJ9.eyJzdWIiOiJjMjYzYmQ2OC1kNjRiLTQ0YTAtOTg0NC1jMjY1ODNiNDM4MWIiLCJyb2xlIjoiYWdlbnQiLCJvcmdJZCI6bnVsbCwiaWF0IjoxNzgwNjU0NjA0LCJleHAiOjE3ODA2NTgyMDR9.1ug5iR2QKihv31_cJaQGpTXW4BGGVplzRqAR3RMYhOs; refresh_token=939f88e05b48f7be8029a4a495f30531154dc3cadca093a65c363950c6f4cebfc94c4697327d02b9","dnt":"1","host":"localhost:3001","origin":"http://localhost:5173","referer":"http://localhost:5173/","sec-ch-ua":"\"Chromium\";v=\"148\", \"Google Chrome\";v=\"148\", \"Not/A)Brand\";v=\"99\"","sec-ch-ua-mobile":"?0","sec-ch-ua-platform":"\"Windows\"","sec-fetch-dest":"empty","sec-fetch-mode":"cors","sec-fetch-site":"same-site","user-agent":"Mozilla/5.0 (Windows NT 10.0; Win64; x64) AppleWebKit/537.36 (KHTML, like Gecko) Chrome/148.0.0.0 Safari/537.36"},"level":"error","message":"invalid input syntax for type uuid: \"new\"","method":"GET","orgId":null,"path":"/api/v1/tickets/new/comments","stack":"error: invalid input syntax for type uuid: \"new\"\n    at C:\\Users\\MohitVerma\\Documents\\Live Assignments\\CubastionNexus\\backend\\node_modules\\pg-pool\\index.js:45:11\n    at process.processTicksAndRejections (node:internal/process/task_queues:105:5)\n    at async query (C:\\Users\\MohitVerma\\Documents\\Live Assignments\\CubastionNexus\\backend\\src\\config\\database.js:43:20)\n    at async assertTicketAccess (C:\\Users\\MohitVerma\\Documents\\Live Assignments\\CubastionNexus\\backend\\src\\services\\comments.service.js:11:15)\n    at async Object.getComments (C:\\Users\\MohitVerma\\Documents\\Live Assignments\\CubastionNexus\\backend\\src\\services\\comments.service.js:22:3)\n    at async getComments (C:\\Users\\MohitVerma\\Documents\\Live Assignments\\CubastionNexus\\backend\\src\\controllers\\comments.controller.js:6:22)","timestamp":"2026-06-05 16:02:22","userId":"c263bd68-d64b-44a0-9844-c26583b4381b"}
{"duration":"1ms","level":"error","message":"invalid input syntax for type uuid: \"new\"","timestamp":"2026-06-05 16:02:22"}
{"headers":{"accept":"application/json, text/plain, */*","accept-encoding":"gzip, deflate, br, zstd","accept-language":"en-GB,en;q=0.9","connection":"keep-alive","cookie":"access_token=eyJhbGciOiJIUzI1NiIsInR5cCI6IkpXVCJ9.eyJzdWIiOiJjMjYzYmQ2OC1kNjRiLTQ0YTAtOTg0NC1jMjY1ODNiNDM4MWIiLCJyb2xlIjoiYWdlbnQiLCJvcmdJZCI6bnVsbCwiaWF0IjoxNzgwNjU0NjA0LCJleHAiOjE3ODA2NTgyMDR9.1ug5iR2QKihv31_cJaQGpTXW4BGGVplzRqAR3RMYhOs; refresh_token=939f88e05b48f7be8029a4a495f30531154dc3cadca093a65c363950c6f4cebfc94c4697327d02b9","dnt":"1","host":"localhost:3001","origin":"http://localhost:5173","referer":"http://localhost:5173/","sec-ch-ua":"\"Chromium\";v=\"148\", \"Google Chrome\";v=\"148\", \"Not/A)Brand\";v=\"99\"","sec-ch-ua-mobile":"?0","sec-ch-ua-platform":"\"Windows\"","sec-fetch-dest":"empty","sec-fetch-mode":"cors","sec-fetch-site":"same-site","user-agent":"Mozilla/5.0 (Windows NT 10.0; Win64; x64) AppleWebKit/537.36 (KHTML, like Gecko) Chrome/148.0.0.0 Safari/537.36"},"level":"error","message":"invalid input syntax for type uuid: \"new\"","method":"GET","orgId":null,"path":"/api/v1/tickets/new/attachments","stack":"error: invalid input syntax for type uuid: \"new\"\n    at C:\\Users\\MohitVerma\\Documents\\Live Assignments\\CubastionNexus\\backend\\node_modules\\pg-pool\\index.js:45:11\n    at process.processTicksAndRejections (node:internal/process/task_queues:105:5)\n    at async query (C:\\Users\\MohitVerma\\Documents\\Live Assignments\\CubastionNexus\\backend\\src\\config\\database.js:43:20)\n    at async Object.getAttachments (C:\\Users\\MohitVerma\\Documents\\Live Assignments\\CubastionNexus\\backend\\src\\services\\fileUpload.service.js:34:18)\n    at async getAttachments (C:\\Users\\MohitVerma\\Documents\\Live Assignments\\CubastionNexus\\backend\\src\\controllers\\attachments.controller.js:8:25)","timestamp":"2026-06-05 16:02:22","userId":"c263bd68-d64b-44a0-9844-c26583b4381b"}
{"duration":"1ms","level":"error","message":"invalid input syntax for type uuid: \"new\"","timestamp":"2026-06-05 16:02:22"}
{"headers":{"accept":"application/json, text/plain, */*","accept-encoding":"gzip, deflate, br, zstd","accept-language":"en-GB,en;q=0.9","connection":"keep-alive","cookie":"access_token=eyJhbGciOiJIUzI1NiIsInR5cCI6IkpXVCJ9.eyJzdWIiOiJjMjYzYmQ2OC1kNjRiLTQ0YTAtOTg0NC1jMjY1ODNiNDM4MWIiLCJyb2xlIjoiYWdlbnQiLCJvcmdJZCI6bnVsbCwiaWF0IjoxNzgwNjU0NjA0LCJleHAiOjE3ODA2NTgyMDR9.1ug5iR2QKihv31_cJaQGpTXW4BGGVplzRqAR3RMYhOs; refresh_token=939f88e05b48f7be8029a4a495f30531154dc3cadca093a65c363950c6f4cebfc94c4697327d02b9","dnt":"1","host":"localhost:3001","origin":"http://localhost:5173","referer":"http://localhost:5173/","sec-ch-ua":"\"Chromium\";v=\"148\", \"Google Chrome\";v=\"148\", \"Not/A)Brand\";v=\"99\"","sec-ch-ua-mobile":"?0","sec-ch-ua-platform":"\"Windows\"","sec-fetch-dest":"empty","sec-fetch-mode":"cors","sec-fetch-site":"same-site","user-agent":"Mozilla/5.0 (Windows NT 10.0; Win64; x64) AppleWebKit/537.36 (KHTML, like Gecko) Chrome/148.0.0.0 Safari/537.36"},"level":"error","message":"invalid input syntax for type uuid: \"new\"","method":"GET","orgId":null,"path":"/api/v1/tickets/new","stack":"error: invalid input syntax for type uuid: \"new\"\n    at C:\\Users\\MohitVerma\\Documents\\Live Assignments\\CubastionNexus\\backend\\node_modules\\pg-pool\\index.js:45:11\n    at process.processTicksAndRejections (node:internal/process/task_queues:105:5)\n    at async query (C:\\Users\\MohitVerma\\Documents\\Live Assignments\\CubastionNexus\\backend\\src\\config\\database.js:43:20)\n    at async Object.getTicket (C:\\Users\\MohitVerma\\Documents\\Live Assignments\\CubastionNexus\\backend\\src\\services\\tickets.service.js:99:18)\n    at async getTicket (C:\\Users\\MohitVerma\\Documents\\Live Assignments\\CubastionNexus\\backend\\src\\controllers\\tickets.controller.js:27:20)","timestamp":"2026-06-05 16:02:22","userId":"c263bd68-d64b-44a0-9844-c26583b4381b"}
{"duration":"1ms","level":"error","message":"invalid input syntax for type uuid: \"new\"","timestamp":"2026-06-05 16:02:23"}
{"headers":{"accept":"application/json, text/plain, */*","accept-encoding":"gzip, deflate, br, zstd","accept-language":"en-GB,en;q=0.9","connection":"keep-alive","cookie":"access_token=eyJhbGciOiJIUzI1NiIsInR5cCI6IkpXVCJ9.eyJzdWIiOiJjMjYzYmQ2OC1kNjRiLTQ0YTAtOTg0NC1jMjY1ODNiNDM4MWIiLCJyb2xlIjoiYWdlbnQiLCJvcmdJZCI6bnVsbCwiaWF0IjoxNzgwNjU0NjA0LCJleHAiOjE3ODA2NTgyMDR9.1ug5iR2QKihv31_cJaQGpTXW4BGGVplzRqAR3RMYhOs; refresh_token=939f88e05b48f7be8029a4a495f30531154dc3cadca093a65c363950c6f4cebfc94c4697327d02b9","dnt":"1","host":"localhost:3001","origin":"http://localhost:5173","referer":"http://localhost:5173/","sec-ch-ua":"\"Chromium\";v=\"148\", \"Google Chrome\";v=\"148\", \"Not/A)Brand\";v=\"99\"","sec-ch-ua-mobile":"?0","sec-ch-ua-platform":"\"Windows\"","sec-fetch-dest":"empty","sec-fetch-mode":"cors","sec-fetch-site":"same-site","user-agent":"Mozilla/5.0 (Windows NT 10.0; Win64; x64) AppleWebKit/537.36 (KHTML, like Gecko) Chrome/148.0.0.0 Safari/537.36"},"level":"error","message":"invalid input syntax for type uuid: \"new\"","method":"GET","orgId":null,"path":"/api/v1/tickets/new/comments","stack":"error: invalid input syntax for type uuid: \"new\"\n    at C:\\Users\\MohitVerma\\Documents\\Live Assignments\\CubastionNexus\\backend\\node_modules\\pg-pool\\index.js:45:11\n    at process.processTicksAndRejections (node:internal/process/task_queues:105:5)\n    at async query (C:\\Users\\MohitVerma\\Documents\\Live Assignments\\CubastionNexus\\backend\\src\\config\\database.js:43:20)\n    at async assertTicketAccess (C:\\Users\\MohitVerma\\Documents\\Live Assignments\\CubastionNexus\\backend\\src\\services\\comments.service.js:11:15)\n    at async Object.getComments (C:\\Users\\MohitVerma\\Documents\\Live Assignments\\CubastionNexus\\backend\\src\\services\\comments.service.js:22:3)\n    at async getComments (C:\\Users\\MohitVerma\\Documents\\Live Assignments\\CubastionNexus\\backend\\src\\controllers\\comments.controller.js:6:22)","timestamp":"2026-06-05 16:02:23","userId":"c263bd68-d64b-44a0-9844-c26583b4381b"}
{"duration":"2ms","level":"error","message":"invalid input syntax for type uuid: \"new\"","timestamp":"2026-06-05 16:02:23"}
{"headers":{"accept":"application/json, text/plain, */*","accept-encoding":"gzip, deflate, br, zstd","accept-language":"en-GB,en;q=0.9","connection":"keep-alive","cookie":"access_token=eyJhbGciOiJIUzI1NiIsInR5cCI6IkpXVCJ9.eyJzdWIiOiJjMjYzYmQ2OC1kNjRiLTQ0YTAtOTg0NC1jMjY1ODNiNDM4MWIiLCJyb2xlIjoiYWdlbnQiLCJvcmdJZCI6bnVsbCwiaWF0IjoxNzgwNjU0NjA0LCJleHAiOjE3ODA2NTgyMDR9.1ug5iR2QKihv31_cJaQGpTXW4BGGVplzRqAR3RMYhOs; refresh_token=939f88e05b48f7be8029a4a495f30531154dc3cadca093a65c363950c6f4cebfc94c4697327d02b9","dnt":"1","host":"localhost:3001","origin":"http://localhost:5173","referer":"http://localhost:5173/","sec-ch-ua":"\"Chromium\";v=\"148\", \"Google Chrome\";v=\"148\", \"Not/A)Brand\";v=\"99\"","sec-ch-ua-mobile":"?0","sec-ch-ua-platform":"\"Windows\"","sec-fetch-dest":"empty","sec-fetch-mode":"cors","sec-fetch-site":"same-site","user-agent":"Mozilla/5.0 (Windows NT 10.0; Win64; x64) AppleWebKit/537.36 (KHTML, like Gecko) Chrome/148.0.0.0 Safari/537.36"},"level":"error","message":"invalid input syntax for type uuid: \"new\"","method":"GET","orgId":null,"path":"/api/v1/tickets/new/attachments","stack":"error: invalid input syntax for type uuid: \"new\"\n    at C:\\Users\\MohitVerma\\Documents\\Live Assignments\\CubastionNexus\\backend\\node_modules\\pg-pool\\index.js:45:11\n    at process.processTicksAndRejections (node:internal/process/task_queues:105:5)\n    at async query (C:\\Users\\MohitVerma\\Documents\\Live Assignments\\CubastionNexus\\backend\\src\\config\\database.js:43:20)\n    at async Object.getAttachments (C:\\Users\\MohitVerma\\Documents\\Live Assignments\\CubastionNexus\\backend\\src\\services\\fileUpload.service.js:34:18)\n    at async getAttachments (C:\\Users\\MohitVerma\\Documents\\Live Assignments\\CubastionNexus\\backend\\src\\controllers\\attachments.controller.js:8:25)","timestamp":"2026-06-05 16:02:23","userId":"c263bd68-d64b-44a0-9844-c26583b4381b"}
{"duration":"1ms","level":"error","message":"invalid input syntax for type uuid: \"new\"","timestamp":"2026-06-05 16:02:23"}
{"headers":{"accept":"application/json, text/plain, */*","accept-encoding":"gzip, deflate, br, zstd","accept-language":"en-GB,en;q=0.9","connection":"keep-alive","cookie":"access_token=eyJhbGciOiJIUzI1NiIsInR5cCI6IkpXVCJ9.eyJzdWIiOiJjMjYzYmQ2OC1kNjRiLTQ0YTAtOTg0NC1jMjY1ODNiNDM4MWIiLCJyb2xlIjoiYWdlbnQiLCJvcmdJZCI6bnVsbCwiaWF0IjoxNzgwNjU0NjA0LCJleHAiOjE3ODA2NTgyMDR9.1ug5iR2QKihv31_cJaQGpTXW4BGGVplzRqAR3RMYhOs; refresh_token=939f88e05b48f7be8029a4a495f30531154dc3cadca093a65c363950c6f4cebfc94c4697327d02b9","dnt":"1","host":"localhost:3001","origin":"http://localhost:5173","referer":"http://localhost:5173/","sec-ch-ua":"\"Chromium\";v=\"148\", \"Google Chrome\";v=\"148\", \"Not/A)Brand\";v=\"99\"","sec-ch-ua-mobile":"?0","sec-ch-ua-platform":"\"Windows\"","sec-fetch-dest":"empty","sec-fetch-mode":"cors","sec-fetch-site":"same-site","user-agent":"Mozilla/5.0 (Windows NT 10.0; Win64; x64) AppleWebKit/537.36 (KHTML, like Gecko) Chrome/148.0.0.0 Safari/537.36"},"level":"error","message":"invalid input syntax for type uuid: \"new\"","method":"GET","orgId":null,"path":"/api/v1/tickets/new","stack":"error: invalid input syntax for type uuid: \"new\"\n    at C:\\Users\\MohitVerma\\Documents\\Live Assignments\\CubastionNexus\\backend\\node_modules\\pg-pool\\index.js:45:11\n    at process.processTicksAndRejections (node:internal/process/task_queues:105:5)\n    at async query (C:\\Users\\MohitVerma\\Documents\\Live Assignments\\CubastionNexus\\backend\\src\\config\\database.js:43:20)\n    at async Object.getTicket (C:\\Users\\MohitVerma\\Documents\\Live Assignments\\CubastionNexus\\backend\\src\\services\\tickets.service.js:99:18)\n    at async getTicket (C:\\Users\\MohitVerma\\Documents\\Live Assignments\\CubastionNexus\\backend\\src\\controllers\\tickets.controller.js:27:20)","timestamp":"2026-06-05 16:02:23","userId":"c263bd68-d64b-44a0-9844-c26583b4381b"}
{"duration":"1ms","level":"error","message":"invalid input syntax for type uuid: \"new\"","timestamp":"2026-06-05 16:02:28"}
{"headers":{"accept":"application/json, text/plain, */*","accept-encoding":"gzip, deflate, br, zstd","accept-language":"en-GB,en;q=0.9","connection":"keep-alive","cookie":"access_token=eyJhbGciOiJIUzI1NiIsInR5cCI6IkpXVCJ9.eyJzdWIiOiJjMjYzYmQ2OC1kNjRiLTQ0YTAtOTg0NC1jMjY1ODNiNDM4MWIiLCJyb2xlIjoiYWdlbnQiLCJvcmdJZCI6bnVsbCwiaWF0IjoxNzgwNjU0NjA0LCJleHAiOjE3ODA2NTgyMDR9.1ug5iR2QKihv31_cJaQGpTXW4BGGVplzRqAR3RMYhOs; refresh_token=939f88e05b48f7be8029a4a495f30531154dc3cadca093a65c363950c6f4cebfc94c4697327d02b9","dnt":"1","host":"localhost:3001","origin":"http://localhost:5173","referer":"http://localhost:5173/","sec-ch-ua":"\"Chromium\";v=\"148\", \"Google Chrome\";v=\"148\", \"Not/A)Brand\";v=\"99\"","sec-ch-ua-mobile":"?0","sec-ch-ua-platform":"\"Windows\"","sec-fetch-dest":"empty","sec-fetch-mode":"cors","sec-fetch-site":"same-site","user-agent":"Mozilla/5.0 (Windows NT 10.0; Win64; x64) AppleWebKit/537.36 (KHTML, like Gecko) Chrome/148.0.0.0 Safari/537.36"},"level":"error","message":"invalid input syntax for type uuid: \"new\"","method":"GET","orgId":null,"path":"/api/v1/tickets/new/comments","stack":"error: invalid input syntax for type uuid: \"new\"\n    at C:\\Users\\MohitVerma\\Documents\\Live Assignments\\CubastionNexus\\backend\\node_modules\\pg-pool\\index.js:45:11\n    at process.processTicksAndRejections (node:internal/process/task_queues:105:5)\n    at async query (C:\\Users\\MohitVerma\\Documents\\Live Assignments\\CubastionNexus\\backend\\src\\config\\database.js:43:20)\n    at async assertTicketAccess (C:\\Users\\MohitVerma\\Documents\\Live Assignments\\CubastionNexus\\backend\\src\\services\\comments.service.js:11:15)\n    at async Object.getComments (C:\\Users\\MohitVerma\\Documents\\Live Assignments\\CubastionNexus\\backend\\src\\services\\comments.service.js:22:3)\n    at async getComments (C:\\Users\\MohitVerma\\Documents\\Live Assignments\\CubastionNexus\\backend\\src\\controllers\\comments.controller.js:6:22)","timestamp":"2026-06-05 16:02:28","userId":"c263bd68-d64b-44a0-9844-c26583b4381b"}
{"duration":"2ms","level":"error","message":"invalid input syntax for type uuid: \"new\"","timestamp":"2026-06-05 16:02:28"}
{"headers":{"accept":"application/json, text/plain, */*","accept-encoding":"gzip, deflate, br, zstd","accept-language":"en-GB,en;q=0.9","connection":"keep-alive","cookie":"access_token=eyJhbGciOiJIUzI1NiIsInR5cCI6IkpXVCJ9.eyJzdWIiOiJjMjYzYmQ2OC1kNjRiLTQ0YTAtOTg0NC1jMjY1ODNiNDM4MWIiLCJyb2xlIjoiYWdlbnQiLCJvcmdJZCI6bnVsbCwiaWF0IjoxNzgwNjU0NjA0LCJleHAiOjE3ODA2NTgyMDR9.1ug5iR2QKihv31_cJaQGpTXW4BGGVplzRqAR3RMYhOs; refresh_token=939f88e05b48f7be8029a4a495f30531154dc3cadca093a65c363950c6f4cebfc94c4697327d02b9","dnt":"1","host":"localhost:3001","origin":"http://localhost:5173","referer":"http://localhost:5173/","sec-ch-ua":"\"Chromium\";v=\"148\", \"Google Chrome\";v=\"148\", \"Not/A)Brand\";v=\"99\"","sec-ch-ua-mobile":"?0","sec-ch-ua-platform":"\"Windows\"","sec-fetch-dest":"empty","sec-fetch-mode":"cors","sec-fetch-site":"same-site","user-agent":"Mozilla/5.0 (Windows NT 10.0; Win64; x64) AppleWebKit/537.36 (KHTML, like Gecko) Chrome/148.0.0.0 Safari/537.36"},"level":"error","message":"invalid input syntax for type uuid: \"new\"","method":"GET","orgId":null,"path":"/api/v1/tickets/new/attachments","stack":"error: invalid input syntax for type uuid: \"new\"\n    at C:\\Users\\MohitVerma\\Documents\\Live Assignments\\CubastionNexus\\backend\\node_modules\\pg-pool\\index.js:45:11\n    at process.processTicksAndRejections (node:internal/process/task_queues:105:5)\n    at async query (C:\\Users\\MohitVerma\\Documents\\Live Assignments\\CubastionNexus\\backend\\src\\config\\database.js:43:20)\n    at async Object.getAttachments (C:\\Users\\MohitVerma\\Documents\\Live Assignments\\CubastionNexus\\backend\\src\\services\\fileUpload.service.js:34:18)\n    at async getAttachments (C:\\Users\\MohitVerma\\Documents\\Live Assignments\\CubastionNexus\\backend\\src\\controllers\\attachments.controller.js:8:25)","timestamp":"2026-06-05 16:02:28","userId":"c263bd68-d64b-44a0-9844-c26583b4381b"}
{"duration":"1ms","level":"error","message":"invalid input syntax for type uuid: \"new\"","timestamp":"2026-06-05 16:02:28"}
{"headers":{"accept":"application/json, text/plain, */*","accept-encoding":"gzip, deflate, br, zstd","accept-language":"en-GB,en;q=0.9","connection":"keep-alive","cookie":"access_token=eyJhbGciOiJIUzI1NiIsInR5cCI6IkpXVCJ9.eyJzdWIiOiJjMjYzYmQ2OC1kNjRiLTQ0YTAtOTg0NC1jMjY1ODNiNDM4MWIiLCJyb2xlIjoiYWdlbnQiLCJvcmdJZCI6bnVsbCwiaWF0IjoxNzgwNjU0NjA0LCJleHAiOjE3ODA2NTgyMDR9.1ug5iR2QKihv31_cJaQGpTXW4BGGVplzRqAR3RMYhOs; refresh_token=939f88e05b48f7be8029a4a495f30531154dc3cadca093a65c363950c6f4cebfc94c4697327d02b9","dnt":"1","host":"localhost:3001","origin":"http://localhost:5173","referer":"http://localhost:5173/","sec-ch-ua":"\"Chromium\";v=\"148\", \"Google Chrome\";v=\"148\", \"Not/A)Brand\";v=\"99\"","sec-ch-ua-mobile":"?0","sec-ch-ua-platform":"\"Windows\"","sec-fetch-dest":"empty","sec-fetch-mode":"cors","sec-fetch-site":"same-site","user-agent":"Mozilla/5.0 (Windows NT 10.0; Win64; x64) AppleWebKit/537.36 (KHTML, like Gecko) Chrome/148.0.0.0 Safari/537.36"},"level":"error","message":"invalid input syntax for type uuid: \"new\"","method":"GET","orgId":null,"path":"/api/v1/tickets/new","stack":"error: invalid input syntax for type uuid: \"new\"\n    at C:\\Users\\MohitVerma\\Documents\\Live Assignments\\CubastionNexus\\backend\\node_modules\\pg-pool\\index.js:45:11\n    at process.processTicksAndRejections (node:internal/process/task_queues:105:5)\n    at async query (C:\\Users\\MohitVerma\\Documents\\Live Assignments\\CubastionNexus\\backend\\src\\config\\database.js:43:20)\n    at async Object.getTicket (C:\\Users\\MohitVerma\\Documents\\Live Assignments\\CubastionNexus\\backend\\src\\services\\tickets.service.js:99:18)\n    at async getTicket (C:\\Users\\MohitVerma\\Documents\\Live Assignments\\CubastionNexus\\backend\\src\\controllers\\tickets.controller.js:27:20)","timestamp":"2026-06-05 16:02:28","userId":"c263bd68-d64b-44a0-9844-c26583b4381b"}
{"duration":"1ms","level":"error","message":"invalid input syntax for type uuid: \"new\"","timestamp":"2026-06-05 16:02:29"}
{"headers":{"accept":"application/json, text/plain, */*","accept-encoding":"gzip, deflate, br, zstd","accept-language":"en-GB,en;q=0.9","connection":"keep-alive","cookie":"access_token=eyJhbGciOiJIUzI1NiIsInR5cCI6IkpXVCJ9.eyJzdWIiOiJjMjYzYmQ2OC1kNjRiLTQ0YTAtOTg0NC1jMjY1ODNiNDM4MWIiLCJyb2xlIjoiYWdlbnQiLCJvcmdJZCI6bnVsbCwiaWF0IjoxNzgwNjU0NjA0LCJleHAiOjE3ODA2NTgyMDR9.1ug5iR2QKihv31_cJaQGpTXW4BGGVplzRqAR3RMYhOs; refresh_token=939f88e05b48f7be8029a4a495f30531154dc3cadca093a65c363950c6f4cebfc94c4697327d02b9","dnt":"1","host":"localhost:3001","origin":"http://localhost:5173","referer":"http://localhost:5173/","sec-ch-ua":"\"Chromium\";v=\"148\", \"Google Chrome\";v=\"148\", \"Not/A)Brand\";v=\"99\"","sec-ch-ua-mobile":"?0","sec-ch-ua-platform":"\"Windows\"","sec-fetch-dest":"empty","sec-fetch-mode":"cors","sec-fetch-site":"same-site","user-agent":"Mozilla/5.0 (Windows NT 10.0; Win64; x64) AppleWebKit/537.36 (KHTML, like Gecko) Chrome/148.0.0.0 Safari/537.36"},"level":"error","message":"invalid input syntax for type uuid: \"new\"","method":"GET","orgId":null,"path":"/api/v1/tickets/new/comments","stack":"error: invalid input syntax for type uuid: \"new\"\n    at C:\\Users\\MohitVerma\\Documents\\Live Assignments\\CubastionNexus\\backend\\node_modules\\pg-pool\\index.js:45:11\n    at process.processTicksAndRejections (node:internal/process/task_queues:105:5)\n    at async query (C:\\Users\\MohitVerma\\Documents\\Live Assignments\\CubastionNexus\\backend\\src\\config\\database.js:43:20)\n    at async assertTicketAccess (C:\\Users\\MohitVerma\\Documents\\Live Assignments\\CubastionNexus\\backend\\src\\services\\comments.service.js:11:15)\n    at async Object.getComments (C:\\Users\\MohitVerma\\Documents\\Live Assignments\\CubastionNexus\\backend\\src\\services\\comments.service.js:22:3)\n    at async getComments (C:\\Users\\MohitVerma\\Documents\\Live Assignments\\CubastionNexus\\backend\\src\\controllers\\comments.controller.js:6:22)","timestamp":"2026-06-05 16:02:29","userId":"c263bd68-d64b-44a0-9844-c26583b4381b"}
{"duration":"2ms","level":"error","message":"invalid input syntax for type uuid: \"new\"","timestamp":"2026-06-05 16:02:29"}
{"headers":{"accept":"application/json, text/plain, */*","accept-encoding":"gzip, deflate, br, zstd","accept-language":"en-GB,en;q=0.9","connection":"keep-alive","cookie":"access_token=eyJhbGciOiJIUzI1NiIsInR5cCI6IkpXVCJ9.eyJzdWIiOiJjMjYzYmQ2OC1kNjRiLTQ0YTAtOTg0NC1jMjY1ODNiNDM4MWIiLCJyb2xlIjoiYWdlbnQiLCJvcmdJZCI6bnVsbCwiaWF0IjoxNzgwNjU0NjA0LCJleHAiOjE3ODA2NTgyMDR9.1ug5iR2QKihv31_cJaQGpTXW4BGGVplzRqAR3RMYhOs; refresh_token=939f88e05b48f7be8029a4a495f30531154dc3cadca093a65c363950c6f4cebfc94c4697327d02b9","dnt":"1","host":"localhost:3001","origin":"http://localhost:5173","referer":"http://localhost:5173/","sec-ch-ua":"\"Chromium\";v=\"148\", \"Google Chrome\";v=\"148\", \"Not/A)Brand\";v=\"99\"","sec-ch-ua-mobile":"?0","sec-ch-ua-platform":"\"Windows\"","sec-fetch-dest":"empty","sec-fetch-mode":"cors","sec-fetch-site":"same-site","user-agent":"Mozilla/5.0 (Windows NT 10.0; Win64; x64) AppleWebKit/537.36 (KHTML, like Gecko) Chrome/148.0.0.0 Safari/537.36"},"level":"error","message":"invalid input syntax for type uuid: \"new\"","method":"GET","orgId":null,"path":"/api/v1/tickets/new/attachments","stack":"error: invalid input syntax for type uuid: \"new\"\n    at C:\\Users\\MohitVerma\\Documents\\Live Assignments\\CubastionNexus\\backend\\node_modules\\pg-pool\\index.js:45:11\n    at process.processTicksAndRejections (node:internal/process/task_queues:105:5)\n    at async query (C:\\Users\\MohitVerma\\Documents\\Live Assignments\\CubastionNexus\\backend\\src\\config\\database.js:43:20)\n    at async Object.getAttachments (C:\\Users\\MohitVerma\\Documents\\Live Assignments\\CubastionNexus\\backend\\src\\services\\fileUpload.service.js:34:18)\n    at async getAttachments (C:\\Users\\MohitVerma\\Documents\\Live Assignments\\CubastionNexus\\backend\\src\\controllers\\attachments.controller.js:8:25)","timestamp":"2026-06-05 16:02:29","userId":"c263bd68-d64b-44a0-9844-c26583b4381b"}
{"duration":"1ms","level":"error","message":"invalid input syntax for type uuid: \"new\"","timestamp":"2026-06-05 16:02:29"}
{"headers":{"accept":"application/json, text/plain, */*","accept-encoding":"gzip, deflate, br, zstd","accept-language":"en-GB,en;q=0.9","connection":"keep-alive","cookie":"access_token=eyJhbGciOiJIUzI1NiIsInR5cCI6IkpXVCJ9.eyJzdWIiOiJjMjYzYmQ2OC1kNjRiLTQ0YTAtOTg0NC1jMjY1ODNiNDM4MWIiLCJyb2xlIjoiYWdlbnQiLCJvcmdJZCI6bnVsbCwiaWF0IjoxNzgwNjU0NjA0LCJleHAiOjE3ODA2NTgyMDR9.1ug5iR2QKihv31_cJaQGpTXW4BGGVplzRqAR3RMYhOs; refresh_token=939f88e05b48f7be8029a4a495f30531154dc3cadca093a65c363950c6f4cebfc94c4697327d02b9","dnt":"1","host":"localhost:3001","origin":"http://localhost:5173","referer":"http://localhost:5173/","sec-ch-ua":"\"Chromium\";v=\"148\", \"Google Chrome\";v=\"148\", \"Not/A)Brand\";v=\"99\"","sec-ch-ua-mobile":"?0","sec-ch-ua-platform":"\"Windows\"","sec-fetch-dest":"empty","sec-fetch-mode":"cors","sec-fetch-site":"same-site","user-agent":"Mozilla/5.0 (Windows NT 10.0; Win64; x64) AppleWebKit/537.36 (KHTML, like Gecko) Chrome/148.0.0.0 Safari/537.36"},"level":"error","message":"invalid input syntax for type uuid: \"new\"","method":"GET","orgId":null,"path":"/api/v1/tickets/new","stack":"error: invalid input syntax for type uuid: \"new\"\n    at C:\\Users\\MohitVerma\\Documents\\Live Assignments\\CubastionNexus\\backend\\node_modules\\pg-pool\\index.js:45:11\n    at process.processTicksAndRejections (node:internal/process/task_queues:105:5)\n    at async query (C:\\Users\\MohitVerma\\Documents\\Live Assignments\\CubastionNexus\\backend\\src\\config\\database.js:43:20)\n    at async Object.getTicket (C:\\Users\\MohitVerma\\Documents\\Live Assignments\\CubastionNexus\\backend\\src\\services\\tickets.service.js:99:18)\n    at async getTicket (C:\\Users\\MohitVerma\\Documents\\Live Assignments\\CubastionNexus\\backend\\src\\controllers\\tickets.controller.js:27:20)","timestamp":"2026-06-05 16:02:29","userId":"c263bd68-d64b-44a0-9844-c26583b4381b"}
{"level":"info","message":"Email sent","subject":"[CUB-00006] Your ticket is being worked on","timestamp":"2026-06-05 16:02:46","to":"varun.ahuja@cubastion.com"}
{"level":"info","message":"Email sent","subject":"[CUB-00006] Your ticket is being worked on","timestamp":"2026-06-05 16:02:55","to":"varun.ahuja@cubastion.com"}
{"level":"info","message":"Email sent","subject":"[CUB-00006] New reply on your ticket","timestamp":"2026-06-05 16:03:29","to":"varun.ahuja@cubastion.com"}
{"duration":"2ms","level":"error","message":"invalid input syntax for type uuid: \"new\"","timestamp":"2026-06-05 16:04:15"}
{"headers":{"accept":"application/json, text/plain, */*","accept-encoding":"gzip, deflate, br, zstd","accept-language":"en-GB,en;q=0.9","connection":"keep-alive","cookie":"access_token=eyJhbGciOiJIUzI1NiIsInR5cCI6IkpXVCJ9.eyJzdWIiOiJjMjYzYmQ2OC1kNjRiLTQ0YTAtOTg0NC1jMjY1ODNiNDM4MWIiLCJyb2xlIjoiYWdlbnQiLCJvcmdJZCI6bnVsbCwiaWF0IjoxNzgwNjU0NjA0LCJleHAiOjE3ODA2NTgyMDR9.1ug5iR2QKihv31_cJaQGpTXW4BGGVplzRqAR3RMYhOs; refresh_token=939f88e05b48f7be8029a4a495f30531154dc3cadca093a65c363950c6f4cebfc94c4697327d02b9","dnt":"1","host":"localhost:3001","origin":"http://localhost:5173","referer":"http://localhost:5173/","sec-ch-ua":"\"Chromium\";v=\"148\", \"Google Chrome\";v=\"148\", \"Not/A)Brand\";v=\"99\"","sec-ch-ua-mobile":"?0","sec-ch-ua-platform":"\"Windows\"","sec-fetch-dest":"empty","sec-fetch-mode":"cors","sec-fetch-site":"same-site","user-agent":"Mozilla/5.0 (Windows NT 10.0; Win64; x64) AppleWebKit/537.36 (KHTML, like Gecko) Chrome/148.0.0.0 Safari/537.36"},"level":"error","message":"invalid input syntax for type uuid: \"new\"","method":"GET","orgId":null,"path":"/api/v1/tickets/new","stack":"error: invalid input syntax for type uuid: \"new\"\n    at C:\\Users\\MohitVerma\\Documents\\Live Assignments\\CubastionNexus\\backend\\node_modules\\pg-pool\\index.js:45:11\n    at process.processTicksAndRejections (node:internal/process/task_queues:105:5)\n    at async query (C:\\Users\\MohitVerma\\Documents\\Live Assignments\\CubastionNexus\\backend\\src\\config\\database.js:43:20)\n    at async Object.getTicket (C:\\Users\\MohitVerma\\Documents\\Live Assignments\\CubastionNexus\\backend\\src\\services\\tickets.service.js:99:18)\n    at async getTicket (C:\\Users\\MohitVerma\\Documents\\Live Assignments\\CubastionNexus\\backend\\src\\controllers\\tickets.controller.js:27:20)","timestamp":"2026-06-05 16:04:15","userId":"c263bd68-d64b-44a0-9844-c26583b4381b"}
{"duration":"3ms","level":"error","message":"invalid input syntax for type uuid: \"new\"","timestamp":"2026-06-05 16:04:15"}
{"headers":{"accept":"application/json, text/plain, */*","accept-encoding":"gzip, deflate, br, zstd","accept-language":"en-GB,en;q=0.9","connection":"keep-alive","cookie":"access_token=eyJhbGciOiJIUzI1NiIsInR5cCI6IkpXVCJ9.eyJzdWIiOiJjMjYzYmQ2OC1kNjRiLTQ0YTAtOTg0NC1jMjY1ODNiNDM4MWIiLCJyb2xlIjoiYWdlbnQiLCJvcmdJZCI6bnVsbCwiaWF0IjoxNzgwNjU0NjA0LCJleHAiOjE3ODA2NTgyMDR9.1ug5iR2QKihv31_cJaQGpTXW4BGGVplzRqAR3RMYhOs; refresh_token=939f88e05b48f7be8029a4a495f30531154dc3cadca093a65c363950c6f4cebfc94c4697327d02b9","dnt":"1","host":"localhost:3001","origin":"http://localhost:5173","referer":"http://localhost:5173/","sec-ch-ua":"\"Chromium\";v=\"148\", \"Google Chrome\";v=\"148\", \"Not/A)Brand\";v=\"99\"","sec-ch-ua-mobile":"?0","sec-ch-ua-platform":"\"Windows\"","sec-fetch-dest":"empty","sec-fetch-mode":"cors","sec-fetch-site":"same-site","user-agent":"Mozilla/5.0 (Windows NT 10.0; Win64; x64) AppleWebKit/537.36 (KHTML, like Gecko) Chrome/148.0.0.0 Safari/537.36"},"level":"error","message":"invalid input syntax for type uuid: \"new\"","method":"GET","orgId":null,"path":"/api/v1/tickets/new/comments","stack":"error: invalid input syntax for type uuid: \"new\"\n    at C:\\Users\\MohitVerma\\Documents\\Live Assignments\\CubastionNexus\\backend\\node_modules\\pg-pool\\index.js:45:11\n    at process.processTicksAndRejections (node:internal/process/task_queues:105:5)\n    at async query (C:\\Users\\MohitVerma\\Documents\\Live Assignments\\CubastionNexus\\backend\\src\\config\\database.js:43:20)\n    at async assertTicketAccess (C:\\Users\\MohitVerma\\Documents\\Live Assignments\\CubastionNexus\\backend\\src\\services\\comments.service.js:11:15)\n    at async Object.getComments (C:\\Users\\MohitVerma\\Documents\\Live Assignments\\CubastionNexus\\backend\\src\\services\\comments.service.js:22:3)\n    at async getComments (C:\\Users\\MohitVerma\\Documents\\Live Assignments\\CubastionNexus\\backend\\src\\controllers\\comments.controller.js:6:22)","timestamp":"2026-06-05 16:04:15","userId":"c263bd68-d64b-44a0-9844-c26583b4381b"}
{"duration":"5ms","level":"error","message":"invalid input syntax for type uuid: \"new\"","timestamp":"2026-06-05 16:04:15"}
{"headers":{"accept":"application/json, text/plain, */*","accept-encoding":"gzip, deflate, br, zstd","accept-language":"en-GB,en;q=0.9","connection":"keep-alive","cookie":"access_token=eyJhbGciOiJIUzI1NiIsInR5cCI6IkpXVCJ9.eyJzdWIiOiJjMjYzYmQ2OC1kNjRiLTQ0YTAtOTg0NC1jMjY1ODNiNDM4MWIiLCJyb2xlIjoiYWdlbnQiLCJvcmdJZCI6bnVsbCwiaWF0IjoxNzgwNjU0NjA0LCJleHAiOjE3ODA2NTgyMDR9.1ug5iR2QKihv31_cJaQGpTXW4BGGVplzRqAR3RMYhOs; refresh_token=939f88e05b48f7be8029a4a495f30531154dc3cadca093a65c363950c6f4cebfc94c4697327d02b9","dnt":"1","host":"localhost:3001","origin":"http://localhost:5173","referer":"http://localhost:5173/","sec-ch-ua":"\"Chromium\";v=\"148\", \"Google Chrome\";v=\"148\", \"Not/A)Brand\";v=\"99\"","sec-ch-ua-mobile":"?0","sec-ch-ua-platform":"\"Windows\"","sec-fetch-dest":"empty","sec-fetch-mode":"cors","sec-fetch-site":"same-site","user-agent":"Mozilla/5.0 (Windows NT 10.0; Win64; x64) AppleWebKit/537.36 (KHTML, like Gecko) Chrome/148.0.0.0 Safari/537.36"},"level":"error","message":"invalid input syntax for type uuid: \"new\"","method":"GET","orgId":null,"path":"/api/v1/tickets/new/attachments","stack":"error: invalid input syntax for type uuid: \"new\"\n    at C:\\Users\\MohitVerma\\Documents\\Live Assignments\\CubastionNexus\\backend\\node_modules\\pg-pool\\index.js:45:11\n    at process.processTicksAndRejections (node:internal/process/task_queues:105:5)\n    at async query (C:\\Users\\MohitVerma\\Documents\\Live Assignments\\CubastionNexus\\backend\\src\\config\\database.js:43:20)\n    at async Object.getAttachments (C:\\Users\\MohitVerma\\Documents\\Live Assignments\\CubastionNexus\\backend\\src\\services\\fileUpload.service.js:34:18)\n    at async getAttachments (C:\\Users\\MohitVerma\\Documents\\Live Assignments\\CubastionNexus\\backend\\src\\controllers\\attachments.controller.js:8:25)","timestamp":"2026-06-05 16:04:15","userId":"c263bd68-d64b-44a0-9844-c26583b4381b"}
{"duration":"1ms","level":"error","message":"invalid input syntax for type uuid: \"new\"","timestamp":"2026-06-05 16:04:16"}
{"headers":{"accept":"application/json, text/plain, */*","accept-encoding":"gzip, deflate, br, zstd","accept-language":"en-GB,en;q=0.9","connection":"keep-alive","cookie":"access_token=eyJhbGciOiJIUzI1NiIsInR5cCI6IkpXVCJ9.eyJzdWIiOiJjMjYzYmQ2OC1kNjRiLTQ0YTAtOTg0NC1jMjY1ODNiNDM4MWIiLCJyb2xlIjoiYWdlbnQiLCJvcmdJZCI6bnVsbCwiaWF0IjoxNzgwNjU0NjA0LCJleHAiOjE3ODA2NTgyMDR9.1ug5iR2QKihv31_cJaQGpTXW4BGGVplzRqAR3RMYhOs; refresh_token=939f88e05b48f7be8029a4a495f30531154dc3cadca093a65c363950c6f4cebfc94c4697327d02b9","dnt":"1","host":"localhost:3001","origin":"http://localhost:5173","referer":"http://localhost:5173/","sec-ch-ua":"\"Chromium\";v=\"148\", \"Google Chrome\";v=\"148\", \"Not/A)Brand\";v=\"99\"","sec-ch-ua-mobile":"?0","sec-ch-ua-platform":"\"Windows\"","sec-fetch-dest":"empty","sec-fetch-mode":"cors","sec-fetch-site":"same-site","user-agent":"Mozilla/5.0 (Windows NT 10.0; Win64; x64) AppleWebKit/537.36 (KHTML, like Gecko) Chrome/148.0.0.0 Safari/537.36"},"level":"error","message":"invalid input syntax for type uuid: \"new\"","method":"GET","orgId":null,"path":"/api/v1/tickets/new","stack":"error: invalid input syntax for type uuid: \"new\"\n    at C:\\Users\\MohitVerma\\Documents\\Live Assignments\\CubastionNexus\\backend\\node_modules\\pg-pool\\index.js:45:11\n    at process.processTicksAndRejections (node:internal/process/task_queues:105:5)\n    at async query (C:\\Users\\MohitVerma\\Documents\\Live Assignments\\CubastionNexus\\backend\\src\\config\\database.js:43:20)\n    at async Object.getTicket (C:\\Users\\MohitVerma\\Documents\\Live Assignments\\CubastionNexus\\backend\\src\\services\\tickets.service.js:99:18)\n    at async getTicket (C:\\Users\\MohitVerma\\Documents\\Live Assignments\\CubastionNexus\\backend\\src\\controllers\\tickets.controller.js:27:20)","timestamp":"2026-06-05 16:04:16","userId":"c263bd68-d64b-44a0-9844-c26583b4381b"}
{"duration":"1ms","level":"error","message":"invalid input syntax for type uuid: \"new\"","timestamp":"2026-06-05 16:04:16"}
{"headers":{"accept":"application/json, text/plain, */*","accept-encoding":"gzip, deflate, br, zstd","accept-language":"en-GB,en;q=0.9","connection":"keep-alive","cookie":"access_token=eyJhbGciOiJIUzI1NiIsInR5cCI6IkpXVCJ9.eyJzdWIiOiJjMjYzYmQ2OC1kNjRiLTQ0YTAtOTg0NC1jMjY1ODNiNDM4MWIiLCJyb2xlIjoiYWdlbnQiLCJvcmdJZCI6bnVsbCwiaWF0IjoxNzgwNjU0NjA0LCJleHAiOjE3ODA2NTgyMDR9.1ug5iR2QKihv31_cJaQGpTXW4BGGVplzRqAR3RMYhOs; refresh_token=939f88e05b48f7be8029a4a495f30531154dc3cadca093a65c363950c6f4cebfc94c4697327d02b9","dnt":"1","host":"localhost:3001","origin":"http://localhost:5173","referer":"http://localhost:5173/","sec-ch-ua":"\"Chromium\";v=\"148\", \"Google Chrome\";v=\"148\", \"Not/A)Brand\";v=\"99\"","sec-ch-ua-mobile":"?0","sec-ch-ua-platform":"\"Windows\"","sec-fetch-dest":"empty","sec-fetch-mode":"cors","sec-fetch-site":"same-site","user-agent":"Mozilla/5.0 (Windows NT 10.0; Win64; x64) AppleWebKit/537.36 (KHTML, like Gecko) Chrome/148.0.0.0 Safari/537.36"},"level":"error","message":"invalid input syntax for type uuid: \"new\"","method":"GET","orgId":null,"path":"/api/v1/tickets/new/comments","stack":"error: invalid input syntax for type uuid: \"new\"\n    at C:\\Users\\MohitVerma\\Documents\\Live Assignments\\CubastionNexus\\backend\\node_modules\\pg-pool\\index.js:45:11\n    at process.processTicksAndRejections (node:internal/process/task_queues:105:5)\n    at async query (C:\\Users\\MohitVerma\\Documents\\Live Assignments\\CubastionNexus\\backend\\src\\config\\database.js:43:20)\n    at async assertTicketAccess (C:\\Users\\MohitVerma\\Documents\\Live Assignments\\CubastionNexus\\backend\\src\\services\\comments.service.js:11:15)\n    at async Object.getComments (C:\\Users\\MohitVerma\\Documents\\Live Assignments\\CubastionNexus\\backend\\src\\services\\comments.service.js:22:3)\n    at async getComments (C:\\Users\\MohitVerma\\Documents\\Live Assignments\\CubastionNexus\\backend\\src\\controllers\\comments.controller.js:6:22)","timestamp":"2026-06-05 16:04:16","userId":"c263bd68-d64b-44a0-9844-c26583b4381b"}
{"duration":"1ms","level":"error","message":"invalid input syntax for type uuid: \"new\"","timestamp":"2026-06-05 16:04:16"}
{"headers":{"accept":"application/json, text/plain, */*","accept-encoding":"gzip, deflate, br, zstd","accept-language":"en-GB,en;q=0.9","connection":"keep-alive","cookie":"access_token=eyJhbGciOiJIUzI1NiIsInR5cCI6IkpXVCJ9.eyJzdWIiOiJjMjYzYmQ2OC1kNjRiLTQ0YTAtOTg0NC1jMjY1ODNiNDM4MWIiLCJyb2xlIjoiYWdlbnQiLCJvcmdJZCI6bnVsbCwiaWF0IjoxNzgwNjU0NjA0LCJleHAiOjE3ODA2NTgyMDR9.1ug5iR2QKihv31_cJaQGpTXW4BGGVplzRqAR3RMYhOs; refresh_token=939f88e05b48f7be8029a4a495f30531154dc3cadca093a65c363950c6f4cebfc94c4697327d02b9","dnt":"1","host":"localhost:3001","origin":"http://localhost:5173","referer":"http://localhost:5173/","sec-ch-ua":"\"Chromium\";v=\"148\", \"Google Chrome\";v=\"148\", \"Not/A)Brand\";v=\"99\"","sec-ch-ua-mobile":"?0","sec-ch-ua-platform":"\"Windows\"","sec-fetch-dest":"empty","sec-fetch-mode":"cors","sec-fetch-site":"same-site","user-agent":"Mozilla/5.0 (Windows NT 10.0; Win64; x64) AppleWebKit/537.36 (KHTML, like Gecko) Chrome/148.0.0.0 Safari/537.36"},"level":"error","message":"invalid input syntax for type uuid: \"new\"","method":"GET","orgId":null,"path":"/api/v1/tickets/new/attachments","stack":"error: invalid input syntax for type uuid: \"new\"\n    at C:\\Users\\MohitVerma\\Documents\\Live Assignments\\CubastionNexus\\backend\\node_modules\\pg-pool\\index.js:45:11\n    at process.processTicksAndRejections (node:internal/process/task_queues:105:5)\n    at async query (C:\\Users\\MohitVerma\\Documents\\Live Assignments\\CubastionNexus\\backend\\src\\config\\database.js:43:20)\n    at async Object.getAttachments (C:\\Users\\MohitVerma\\Documents\\Live Assignments\\CubastionNexus\\backend\\src\\services\\fileUpload.service.js:34:18)\n    at async getAttachments (C:\\Users\\MohitVerma\\Documents\\Live Assignments\\CubastionNexus\\backend\\src\\controllers\\attachments.controller.js:8:25)","timestamp":"2026-06-05 16:04:16","userId":"c263bd68-d64b-44a0-9844-c26583b4381b"}
{"level":"info","message":"SLA check: no breaches or warnings","timestamp":"2026-06-05 16:15:00"}
{"level":"info","message":"SLA check: no breaches or warnings","timestamp":"2026-06-05 16:30:00"}
{"level":"info","message":"SLA check: no breaches or warnings","timestamp":"2026-06-05 16:45:00"}
{"level":"info","message":"SLA check: no breaches or warnings","timestamp":"2026-06-05 17:00:00"}
{"level":"info","message":"SLA check: no breaches or warnings","timestamp":"2026-06-05 17:15:00"}
{"level":"info","message":"SLA check: no breaches or warnings","timestamp":"2026-06-05 17:30:00"}
{"level":"info","message":"SLA check: no breaches or warnings","timestamp":"2026-06-05 17:45:00"}
{"level":"info","message":"SLA check: no breaches or warnings","timestamp":"2026-06-05 18:00:00"}
{"level":"info","message":"SLA check: no breaches or warnings","timestamp":"2026-06-05 18:15:00"}
{"level":"info","message":"SLA check: no breaches or warnings","timestamp":"2026-06-05 18:30:00"}
{"level":"info","message":"SLA check: no breaches or warnings","timestamp":"2026-06-05 18:45:00"}
{"level":"info","message":"SLA check: no breaches or warnings","timestamp":"2026-06-05 19:00:00"}
{"level":"info","message":"Database connection verified","timestamp":"2026-06-05 19:07:39"}
{"level":"info","message":"SLA check job started (every 15 minutes)","timestamp":"2026-06-05 19:07:39"}
{"level":"info","message":"Server running on http://localhost:3001 [development]","timestamp":"2026-06-05 19:07:39"}
{"database":"nexusDev","host":"localhost","level":"info","message":"Database connection established","timestamp":"2026-06-05 19:07:39"}
{"level":"info","message":"SLA check: no breaches or warnings","timestamp":"2026-06-05 19:07:39"}
{"level":"info","message":"Email sent","subject":"[CUB-00006] Your ticket has been closed","timestamp":"2026-06-05 19:13:09","to":"varun.ahuja@cubastion.com"}
{"level":"info","message":"SLA check: no breaches or warnings","timestamp":"2026-06-05 19:15:00"}
{"database":"nexusDev","host":"localhost","level":"info","message":"Database connection established","timestamp":"2026-06-05 19:20:57"}
{"level":"info","message":"Database connection verified","timestamp":"2026-06-05 19:20:57"}
{"level":"info","message":"SLA check job started (every 15 minutes)","timestamp":"2026-06-05 19:20:57"}
{"level":"info","message":"Server running on http://localhost:3001 [development]","timestamp":"2026-06-05 19:20:57"}
{"level":"info","message":"SLA check: no breaches or warnings","timestamp":"2026-06-05 19:20:57"}
{"level":"info","message":"Database connection verified","timestamp":"2026-06-05 19:20:59"}
{"level":"info","message":"SLA check job started (every 15 minutes)","timestamp":"2026-06-05 19:20:59"}
{"level":"info","message":"Server running on http://localhost:3001 [development]","timestamp":"2026-06-05 19:20:59"}
{"database":"nexusDev","host":"localhost","level":"info","message":"Database connection established","timestamp":"2026-06-05 19:20:59"}
{"level":"info","message":"SLA check: no breaches or warnings","timestamp":"2026-06-05 19:20:59"}
{"level":"info","message":"Database connection verified","timestamp":"2026-06-05 19:21:04"}
{"level":"info","message":"SLA check job started (every 15 minutes)","timestamp":"2026-06-05 19:21:04"}
{"level":"info","message":"Server running on http://localhost:3001 [development]","timestamp":"2026-06-05 19:21:04"}
{"level":"info","message":"SLA check: no breaches or warnings","timestamp":"2026-06-05 19:21:04"}
{"database":"nexusDev","host":"localhost","level":"info","message":"Database connection established","timestamp":"2026-06-05 19:21:04"}
{"level":"info","message":"SLA check: no breaches or warnings","timestamp":"2026-06-05 19:30:00"}
{"level":"info","message":"Email sent","subject":"Ticket Assigned to You: CUB-00006","timestamp":"2026-06-05 19:37:27","to":"sheetal.gupta@cubastion.com"}
{"level":"info","message":"SLA check: no breaches or warnings","timestamp":"2026-06-05 19:45:00"}
{"level":"info","message":"SLA check: no breaches or warnings","timestamp":"2026-06-05 20:00:00"}
{"database":"nexusDev","host":"localhost","level":"info","message":"Database connection established","timestamp":"2026-06-05 20:07:44"}
{"level":"info","message":"Database connection verified","timestamp":"2026-06-05 20:07:44"}
{"level":"info","message":"SLA check job started (every 15 minutes)","timestamp":"2026-06-05 20:07:44"}
{"level":"info","message":"Server running on http://localhost:3001 [development]","timestamp":"2026-06-05 20:07:44"}
{"level":"info","message":"SLA check: no breaches or warnings","timestamp":"2026-06-05 20:07:44"}
{"database":"nexusDev","host":"localhost","level":"info","message":"Database connection established","timestamp":"2026-06-05 20:07:49"}
{"level":"info","message":"Database connection verified","timestamp":"2026-06-05 20:07:49"}
{"level":"info","message":"SLA check job started (every 15 minutes)","timestamp":"2026-06-05 20:07:49"}
{"level":"info","message":"Server running on http://localhost:3001 [development]","timestamp":"2026-06-05 20:07:49"}
{"level":"info","message":"SLA check: no breaches or warnings","timestamp":"2026-06-05 20:07:49"}
{"level":"info","message":"Database connection verified","timestamp":"2026-06-05 20:07:53"}
{"level":"info","message":"SLA check job started (every 15 minutes)","timestamp":"2026-06-05 20:07:53"}
{"level":"info","message":"Server running on http://localhost:3001 [development]","timestamp":"2026-06-05 20:07:53"}
{"database":"nexusDev","host":"localhost","level":"info","message":"Database connection established","timestamp":"2026-06-05 20:07:53"}
{"level":"info","message":"SLA check: no breaches or warnings","timestamp":"2026-06-05 20:07:53"}
{"level":"info","message":"Database connection verified","timestamp":"2026-06-05 20:08:02"}
{"level":"info","message":"SLA check job started (every 15 minutes)","timestamp":"2026-06-05 20:08:02"}
{"level":"info","message":"Server running on http://localhost:3001 [development]","timestamp":"2026-06-05 20:08:02"}
{"database":"nexusDev","host":"localhost","level":"info","message":"Database connection established","timestamp":"2026-06-05 20:08:02"}
{"level":"info","message":"SLA check: no breaches or warnings","timestamp":"2026-06-05 20:08:02"}
{"database":"nexusDev","host":"localhost","level":"info","message":"Database connection established","timestamp":"2026-06-05 20:08:14"}
{"level":"info","message":"Database connection verified","timestamp":"2026-06-05 20:08:14"}
{"level":"info","message":"SLA check job started (every 15 minutes)","timestamp":"2026-06-05 20:08:14"}
{"level":"info","message":"Server running on http://localhost:3001 [development]","timestamp":"2026-06-05 20:08:14"}
{"level":"info","message":"SLA check: no breaches or warnings","timestamp":"2026-06-05 20:08:14"}
{"level":"info","message":"SLA check: no breaches or warnings","timestamp":"2026-06-05 20:15:00"}
{"level":"info","message":"SLA check: no breaches or warnings","timestamp":"2026-06-05 20:30:00"}
{"level":"info","message":"SLA check: no breaches or warnings","timestamp":"2026-06-05 20:45:00"}
{"duration":"42ms","level":"error","message":"invalid input syntax for type uuid: \"t-001\"","timestamp":"2026-06-05 20:47:52"}
{"headers":{"accept":"application/json, text/plain, */*","accept-encoding":"gzip, deflate, br, zstd","accept-language":"en-GB,en;q=0.9","connection":"keep-alive","cookie":"access_token=eyJhbGciOiJIUzI1NiIsInR5cCI6IkpXVCJ9.eyJzdWIiOiI2MDEwNGRlYS02Nzc0LTQ5ODItYTk3My00ZGZlZTRjNjM0ZTgiLCJyb2xlIjoiYWRtaW4iLCJvcmdJZCI6bnVsbCwiaWF0IjoxNzgwNjcyNjQ2LCJleHAiOjE3ODA2NzYyNDZ9.H0HSknpssyc1HeykrQAeCfFAlUmKcmNN1mjpLAMNX9U; refresh_token=d45cec6d532c66fb5cb725b6427bb56d34fe27188f989b1445b153021d6d60b63281239b8690049d","dnt":"1","host":"localhost:3001","origin":"http://localhost:5173","referer":"http://localhost:5173/","sec-ch-ua":"\"Chromium\";v=\"148\", \"Google Chrome\";v=\"148\", \"Not/A)Brand\";v=\"99\"","sec-ch-ua-mobile":"?0","sec-ch-ua-platform":"\"Windows\"","sec-fetch-dest":"empty","sec-fetch-mode":"cors","sec-fetch-site":"same-site","user-agent":"Mozilla/5.0 (Windows NT 10.0; Win64; x64) AppleWebKit/537.36 (KHTML, like Gecko) Chrome/148.0.0.0 Safari/537.36"},"level":"error","message":"invalid input syntax for type uuid: \"t-001\"","method":"GET","orgId":null,"path":"/api/v1/tickets/t-001/comments","stack":"error: invalid input syntax for type uuid: \"t-001\"\n    at C:\\Users\\MohitVerma\\Documents\\Live Assignments\\CubastionNexus\\backend\\node_modules\\pg-pool\\index.js:45:11\n    at process.processTicksAndRejections (node:internal/process/task_queues:105:5)\n    at async query (C:\\Users\\MohitVerma\\Documents\\Live Assignments\\CubastionNexus\\backend\\src\\config\\database.js:43:20)\n    at async assertTicketAccess (C:\\Users\\MohitVerma\\Documents\\Live Assignments\\CubastionNexus\\backend\\src\\services\\comments.service.js:11:15)\n    at async Object.getComments (C:\\Users\\MohitVerma\\Documents\\Live Assignments\\CubastionNexus\\backend\\src\\services\\comments.service.js:22:3)\n    at async getComments (C:\\Users\\MohitVerma\\Documents\\Live Assignments\\CubastionNexus\\backend\\src\\controllers\\comments.controller.js:6:22)","timestamp":"2026-06-05 20:47:52","userId":"60104dea-6774-4982-a973-4dfee4c634e8"}
{"duration":"49ms","level":"error","message":"invalid input syntax for type uuid: \"t-001\"","timestamp":"2026-06-05 20:47:52"}
{"headers":{"accept":"application/json, text/plain, */*","accept-encoding":"gzip, deflate, br, zstd","accept-language":"en-GB,en;q=0.9","connection":"keep-alive","cookie":"access_token=eyJhbGciOiJIUzI1NiIsInR5cCI6IkpXVCJ9.eyJzdWIiOiI2MDEwNGRlYS02Nzc0LTQ5ODItYTk3My00ZGZlZTRjNjM0ZTgiLCJyb2xlIjoiYWRtaW4iLCJvcmdJZCI6bnVsbCwiaWF0IjoxNzgwNjcyNjQ2LCJleHAiOjE3ODA2NzYyNDZ9.H0HSknpssyc1HeykrQAeCfFAlUmKcmNN1mjpLAMNX9U; refresh_token=d45cec6d532c66fb5cb725b6427bb56d34fe27188f989b1445b153021d6d60b63281239b8690049d","dnt":"1","host":"localhost:3001","origin":"http://localhost:5173","referer":"http://localhost:5173/","sec-ch-ua":"\"Chromium\";v=\"148\", \"Google Chrome\";v=\"148\", \"Not/A)Brand\";v=\"99\"","sec-ch-ua-mobile":"?0","sec-ch-ua-platform":"\"Windows\"","sec-fetch-dest":"empty","sec-fetch-mode":"cors","sec-fetch-site":"same-site","user-agent":"Mozilla/5.0 (Windows NT 10.0; Win64; x64) AppleWebKit/537.36 (KHTML, like Gecko) Chrome/148.0.0.0 Safari/537.36"},"level":"error","message":"invalid input syntax for type uuid: \"t-001\"","method":"GET","orgId":null,"path":"/api/v1/tickets/t-001","stack":"error: invalid input syntax for type uuid: \"t-001\"\n    at C:\\Users\\MohitVerma\\Documents\\Live Assignments\\CubastionNexus\\backend\\node_modules\\pg-pool\\index.js:45:11\n    at process.processTicksAndRejections (node:internal/process/task_queues:105:5)\n    at async query (C:\\Users\\MohitVerma\\Documents\\Live Assignments\\CubastionNexus\\backend\\src\\config\\database.js:43:20)\n    at async Object.getTicket (C:\\Users\\MohitVerma\\Documents\\Live Assignments\\CubastionNexus\\backend\\src\\services\\tickets.service.js:99:18)\n    at async getTicket (C:\\Users\\MohitVerma\\Documents\\Live Assignments\\CubastionNexus\\backend\\src\\controllers\\tickets.controller.js:27:20)","timestamp":"2026-06-05 20:47:52","userId":"60104dea-6774-4982-a973-4dfee4c634e8"}
{"duration":"51ms","level":"error","message":"invalid input syntax for type uuid: \"t-001\"","timestamp":"2026-06-05 20:47:52"}
{"headers":{"accept":"application/json, text/plain, */*","accept-encoding":"gzip, deflate, br, zstd","accept-language":"en-GB,en;q=0.9","connection":"keep-alive","cookie":"access_token=eyJhbGciOiJIUzI1NiIsInR5cCI6IkpXVCJ9.eyJzdWIiOiI2MDEwNGRlYS02Nzc0LTQ5ODItYTk3My00ZGZlZTRjNjM0ZTgiLCJyb2xlIjoiYWRtaW4iLCJvcmdJZCI6bnVsbCwiaWF0IjoxNzgwNjcyNjQ2LCJleHAiOjE3ODA2NzYyNDZ9.H0HSknpssyc1HeykrQAeCfFAlUmKcmNN1mjpLAMNX9U; refresh_token=d45cec6d532c66fb5cb725b6427bb56d34fe27188f989b1445b153021d6d60b63281239b8690049d","dnt":"1","host":"localhost:3001","origin":"http://localhost:5173","referer":"http://localhost:5173/","sec-ch-ua":"\"Chromium\";v=\"148\", \"Google Chrome\";v=\"148\", \"Not/A)Brand\";v=\"99\"","sec-ch-ua-mobile":"?0","sec-ch-ua-platform":"\"Windows\"","sec-fetch-dest":"empty","sec-fetch-mode":"cors","sec-fetch-site":"same-site","user-agent":"Mozilla/5.0 (Windows NT 10.0; Win64; x64) AppleWebKit/537.36 (KHTML, like Gecko) Chrome/148.0.0.0 Safari/537.36"},"level":"error","message":"invalid input syntax for type uuid: \"t-001\"","method":"GET","orgId":null,"path":"/api/v1/tickets/t-001/attachments","stack":"error: invalid input syntax for type uuid: \"t-001\"\n    at C:\\Users\\MohitVerma\\Documents\\Live Assignments\\CubastionNexus\\backend\\node_modules\\pg-pool\\index.js:45:11\n    at process.processTicksAndRejections (node:internal/process/task_queues:105:5)\n    at async query (C:\\Users\\MohitVerma\\Documents\\Live Assignments\\CubastionNexus\\backend\\src\\config\\database.js:43:20)\n    at async Object.getAttachments (C:\\Users\\MohitVerma\\Documents\\Live Assignments\\CubastionNexus\\backend\\src\\services\\fileUpload.service.js:34:18)\n    at async getAttachments (C:\\Users\\MohitVerma\\Documents\\Live Assignments\\CubastionNexus\\backend\\src\\controllers\\attachments.controller.js:8:25)","timestamp":"2026-06-05 20:47:52","userId":"60104dea-6774-4982-a973-4dfee4c634e8"}
{"duration":"2ms","level":"error","message":"invalid input syntax for type uuid: \"t-001\"","timestamp":"2026-06-05 20:47:53"}
{"headers":{"accept":"application/json, text/plain, */*","accept-encoding":"gzip, deflate, br, zstd","accept-language":"en-GB,en;q=0.9","connection":"keep-alive","cookie":"access_token=eyJhbGciOiJIUzI1NiIsInR5cCI6IkpXVCJ9.eyJzdWIiOiI2MDEwNGRlYS02Nzc0LTQ5ODItYTk3My00ZGZlZTRjNjM0ZTgiLCJyb2xlIjoiYWRtaW4iLCJvcmdJZCI6bnVsbCwiaWF0IjoxNzgwNjcyNjQ2LCJleHAiOjE3ODA2NzYyNDZ9.H0HSknpssyc1HeykrQAeCfFAlUmKcmNN1mjpLAMNX9U; refresh_token=d45cec6d532c66fb5cb725b6427bb56d34fe27188f989b1445b153021d6d60b63281239b8690049d","dnt":"1","host":"localhost:3001","origin":"http://localhost:5173","referer":"http://localhost:5173/","sec-ch-ua":"\"Chromium\";v=\"148\", \"Google Chrome\";v=\"148\", \"Not/A)Brand\";v=\"99\"","sec-ch-ua-mobile":"?0","sec-ch-ua-platform":"\"Windows\"","sec-fetch-dest":"empty","sec-fetch-mode":"cors","sec-fetch-site":"same-site","user-agent":"Mozilla/5.0 (Windows NT 10.0; Win64; x64) AppleWebKit/537.36 (KHTML, like Gecko) Chrome/148.0.0.0 Safari/537.36"},"level":"error","message":"invalid input syntax for type uuid: \"t-001\"","method":"GET","orgId":null,"path":"/api/v1/tickets/t-001/comments","stack":"error: invalid input syntax for type uuid: \"t-001\"\n    at C:\\Users\\MohitVerma\\Documents\\Live Assignments\\CubastionNexus\\backend\\node_modules\\pg-pool\\index.js:45:11\n    at process.processTicksAndRejections (node:internal/process/task_queues:105:5)\n    at async query (C:\\Users\\MohitVerma\\Documents\\Live Assignments\\CubastionNexus\\backend\\src\\config\\database.js:43:20)\n    at async assertTicketAccess (C:\\Users\\MohitVerma\\Documents\\Live Assignments\\CubastionNexus\\backend\\src\\services\\comments.service.js:11:15)\n    at async Object.getComments (C:\\Users\\MohitVerma\\Documents\\Live Assignments\\CubastionNexus\\backend\\src\\services\\comments.service.js:22:3)\n    at async getComments (C:\\Users\\MohitVerma\\Documents\\Live Assignments\\CubastionNexus\\backend\\src\\controllers\\comments.controller.js:6:22)","timestamp":"2026-06-05 20:47:53","userId":"60104dea-6774-4982-a973-4dfee4c634e8"}
{"duration":"6ms","level":"error","message":"invalid input syntax for type uuid: \"t-001\"","timestamp":"2026-06-05 20:47:53"}
{"headers":{"accept":"application/json, text/plain, */*","accept-encoding":"gzip, deflate, br, zstd","accept-language":"en-GB,en;q=0.9","connection":"keep-alive","cookie":"access_token=eyJhbGciOiJIUzI1NiIsInR5cCI6IkpXVCJ9.eyJzdWIiOiI2MDEwNGRlYS02Nzc0LTQ5ODItYTk3My00ZGZlZTRjNjM0ZTgiLCJyb2xlIjoiYWRtaW4iLCJvcmdJZCI6bnVsbCwiaWF0IjoxNzgwNjcyNjQ2LCJleHAiOjE3ODA2NzYyNDZ9.H0HSknpssyc1HeykrQAeCfFAlUmKcmNN1mjpLAMNX9U; refresh_token=d45cec6d532c66fb5cb725b6427bb56d34fe27188f989b1445b153021d6d60b63281239b8690049d","dnt":"1","host":"localhost:3001","origin":"http://localhost:5173","referer":"http://localhost:5173/","sec-ch-ua":"\"Chromium\";v=\"148\", \"Google Chrome\";v=\"148\", \"Not/A)Brand\";v=\"99\"","sec-ch-ua-mobile":"?0","sec-ch-ua-platform":"\"Windows\"","sec-fetch-dest":"empty","sec-fetch-mode":"cors","sec-fetch-site":"same-site","user-agent":"Mozilla/5.0 (Windows NT 10.0; Win64; x64) AppleWebKit/537.36 (KHTML, like Gecko) Chrome/148.0.0.0 Safari/537.36"},"level":"error","message":"invalid input syntax for type uuid: \"t-001\"","method":"GET","orgId":null,"path":"/api/v1/tickets/t-001","stack":"error: invalid input syntax for type uuid: \"t-001\"\n    at C:\\Users\\MohitVerma\\Documents\\Live Assignments\\CubastionNexus\\backend\\node_modules\\pg-pool\\index.js:45:11\n    at process.processTicksAndRejections (node:internal/process/task_queues:105:5)\n    at async query (C:\\Users\\MohitVerma\\Documents\\Live Assignments\\CubastionNexus\\backend\\src\\config\\database.js:43:20)\n    at async Object.getTicket (C:\\Users\\MohitVerma\\Documents\\Live Assignments\\CubastionNexus\\backend\\src\\services\\tickets.service.js:99:18)\n    at async getTicket (C:\\Users\\MohitVerma\\Documents\\Live Assignments\\CubastionNexus\\backend\\src\\controllers\\tickets.controller.js:27:20)","timestamp":"2026-06-05 20:47:53","userId":"60104dea-6774-4982-a973-4dfee4c634e8"}
{"duration":"8ms","level":"error","message":"invalid input syntax for type uuid: \"t-001\"","timestamp":"2026-06-05 20:47:53"}
{"headers":{"accept":"application/json, text/plain, */*","accept-encoding":"gzip, deflate, br, zstd","accept-language":"en-GB,en;q=0.9","connection":"keep-alive","cookie":"access_token=eyJhbGciOiJIUzI1NiIsInR5cCI6IkpXVCJ9.eyJzdWIiOiI2MDEwNGRlYS02Nzc0LTQ5ODItYTk3My00ZGZlZTRjNjM0ZTgiLCJyb2xlIjoiYWRtaW4iLCJvcmdJZCI6bnVsbCwiaWF0IjoxNzgwNjcyNjQ2LCJleHAiOjE3ODA2NzYyNDZ9.H0HSknpssyc1HeykrQAeCfFAlUmKcmNN1mjpLAMNX9U; refresh_token=d45cec6d532c66fb5cb725b6427bb56d34fe27188f989b1445b153021d6d60b63281239b8690049d","dnt":"1","host":"localhost:3001","origin":"http://localhost:5173","referer":"http://localhost:5173/","sec-ch-ua":"\"Chromium\";v=\"148\", \"Google Chrome\";v=\"148\", \"Not/A)Brand\";v=\"99\"","sec-ch-ua-mobile":"?0","sec-ch-ua-platform":"\"Windows\"","sec-fetch-dest":"empty","sec-fetch-mode":"cors","sec-fetch-site":"same-site","user-agent":"Mozilla/5.0 (Windows NT 10.0; Win64; x64) AppleWebKit/537.36 (KHTML, like Gecko) Chrome/148.0.0.0 Safari/537.36"},"level":"error","message":"invalid input syntax for type uuid: \"t-001\"","method":"GET","orgId":null,"path":"/api/v1/tickets/t-001/attachments","stack":"error: invalid input syntax for type uuid: \"t-001\"\n    at C:\\Users\\MohitVerma\\Documents\\Live Assignments\\CubastionNexus\\backend\\node_modules\\pg-pool\\index.js:45:11\n    at process.processTicksAndRejections (node:internal/process/task_queues:105:5)\n    at async query (C:\\Users\\MohitVerma\\Documents\\Live Assignments\\CubastionNexus\\backend\\src\\config\\database.js:43:20)\n    at async Object.getAttachments (C:\\Users\\MohitVerma\\Documents\\Live Assignments\\CubastionNexus\\backend\\src\\services\\fileUpload.service.js:34:18)\n    at async getAttachments (C:\\Users\\MohitVerma\\Documents\\Live Assignments\\CubastionNexus\\backend\\src\\controllers\\attachments.controller.js:8:25)","timestamp":"2026-06-05 20:47:53","userId":"60104dea-6774-4982-a973-4dfee4c634e8"}
{"level":"info","message":"Email sent","subject":"Welcome to Cubastion Nexus","timestamp":"2026-06-05 20:49:52","to":"rohit.verma@cubastion.com"}
{"level":"info","message":"SLA check: no breaches or warnings","timestamp":"2026-06-05 21:00:00"}
{"level":"info","message":"Email sent","subject":"[CUB-00007] チケットを受け付けました","timestamp":"2026-06-05 21:11:32","to":"rohit.verma@cubastion.com"}
{"level":"info","message":"Email sent","subject":"[NEW] CUB-00007: New Ticket Raised - Cubastion","timestamp":"2026-06-05 21:11:32","to":"admin@cubastion.com"}
{"level":"info","message":"Email sent","subject":"[NEW] CUB-00007: New Ticket Raised - Cubastion","timestamp":"2026-06-05 21:11:32","to":"sheetal.gupta@cubastion.com"}
{"level":"info","message":"SLA check: no breaches or warnings","timestamp":"2026-06-05 21:15:00"}
{"level":"info","message":"SLA check: no breaches or warnings","timestamp":"2026-06-05 21:30:00"}
{"level":"info","message":"Database connection verified","timestamp":"2026-06-05 21:35:20"}
{"level":"info","message":"SLA check job started (every 15 minutes)","timestamp":"2026-06-05 21:35:20"}
{"level":"info","message":"Server running on http://localhost:3001 [development]","timestamp":"2026-06-05 21:35:20"}
{"level":"info","message":"SLA check: no breaches or warnings","timestamp":"2026-06-05 21:35:20"}
{"database":"nexusDev","host":"localhost","level":"info","message":"Database connection established","timestamp":"2026-06-05 21:35:20"}
{"level":"info","message":"Database connection verified","timestamp":"2026-06-05 21:35:22"}
{"level":"info","message":"SLA check job started (every 15 minutes)","timestamp":"2026-06-05 21:35:22"}
{"level":"info","message":"Server running on http://localhost:3001 [development]","timestamp":"2026-06-05 21:35:22"}
{"level":"info","message":"SLA check: no breaches or warnings","timestamp":"2026-06-05 21:35:22"}
{"database":"nexusDev","host":"localhost","level":"info","message":"Database connection established","timestamp":"2026-06-05 21:35:22"}
{"database":"nexusDev","host":"localhost","level":"info","message":"Database connection established","timestamp":"2026-06-05 21:36:45"}
{"level":"info","message":"Database connection verified","timestamp":"2026-06-05 21:36:45"}
{"level":"info","message":"SLA check job started (every 15 minutes)","timestamp":"2026-06-05 21:36:45"}
{"level":"info","message":"Server running on http://localhost:3001 [development]","timestamp":"2026-06-05 21:36:45"}
{"level":"info","message":"SLA check: no breaches or warnings","timestamp":"2026-06-05 21:36:45"}
{"database":"nexusDev","host":"localhost","level":"info","message":"Database connection established","timestamp":"2026-06-05 21:36:46"}
{"level":"info","message":"Database connection verified","timestamp":"2026-06-05 21:36:46"}
{"level":"info","message":"SLA check job started (every 15 minutes)","timestamp":"2026-06-05 21:36:46"}
{"level":"info","message":"Server running on http://localhost:3001 [development]","timestamp":"2026-06-05 21:36:46"}
{"level":"info","message":"SLA check: no breaches or warnings","timestamp":"2026-06-05 21:36:46"}
{"database":"nexusDev","host":"localhost","level":"info","message":"Database connection established","timestamp":"2026-06-05 21:36:51"}
{"level":"info","message":"Database connection verified","timestamp":"2026-06-05 21:36:51"}
{"level":"info","message":"SLA check job started (every 15 minutes)","timestamp":"2026-06-05 21:36:51"}
{"level":"info","message":"Server running on http://localhost:3001 [development]","timestamp":"2026-06-05 21:36:51"}
{"level":"info","message":"SLA check: no breaches or warnings","timestamp":"2026-06-05 21:36:51"}
{"database":"nexusDev","host":"localhost","level":"info","message":"Database connection established","timestamp":"2026-06-05 21:36:58"}
{"level":"info","message":"Database connection verified","timestamp":"2026-06-05 21:36:58"}
{"level":"info","message":"SLA check job started (every 15 minutes)","timestamp":"2026-06-05 21:36:58"}
{"level":"info","message":"Server running on http://localhost:3001 [development]","timestamp":"2026-06-05 21:36:58"}
{"level":"info","message":"SLA check: no breaches or warnings","timestamp":"2026-06-05 21:36:58"}
{"level":"info","message":"Database connection verified","timestamp":"2026-06-05 21:37:02"}
{"level":"info","message":"SLA check job started (every 15 minutes)","timestamp":"2026-06-05 21:37:02"}
{"level":"info","message":"Server running on http://localhost:3001 [development]","timestamp":"2026-06-05 21:37:02"}
{"level":"info","message":"SLA check: no breaches or warnings","timestamp":"2026-06-05 21:37:02"}
{"database":"nexusDev","host":"localhost","level":"info","message":"Database connection established","timestamp":"2026-06-05 21:37:02"}
{"duration":"6ms","level":"error","message":"relation \"departments\" does not exist","timestamp":"2026-06-05 21:40:34"}
{"headers":{"accept":"application/json, text/plain, */*","accept-encoding":"gzip, deflate, br, zstd","accept-language":"en-GB,en-US;q=0.9,en;q=0.8","connection":"keep-alive","cookie":"access_token=eyJhbGciOiJIUzI1NiIsInR5cCI6IkpXVCJ9.eyJzdWIiOiI2MDEwNGRlYS02Nzc0LTQ5ODItYTk3My00ZGZlZTRjNjM0ZTgiLCJyb2xlIjoiYWRtaW4iLCJvcmdJZCI6bnVsbCwiaWF0IjoxNzgwNjc0ODYyLCJleHAiOjE3ODA2Nzg0NjJ9.TBPqpZ1A9ITgfK50rtaKfN3oLT-T2QubbDp9Lnc1_-E; refresh_token=9d339359ccdc82abd9e163de9dbdd03d0b753ed899da7078768760a421477a91ebc1e4441ca8a381","dnt":"1","host":"localhost:3001","origin":"http://localhost:5173","referer":"http://localhost:5173/","sec-ch-ua":"\"Chromium\";v=\"148\", \"Google Chrome\";v=\"148\", \"Not/A)Brand\";v=\"99\"","sec-ch-ua-mobile":"?0","sec-ch-ua-platform":"\"Windows\"","sec-fetch-dest":"empty","sec-fetch-mode":"cors","sec-fetch-site":"same-site","user-agent":"Mozilla/5.0 (Windows NT 10.0; Win64; x64) AppleWebKit/537.36 (KHTML, like Gecko) Chrome/148.0.0.0 Safari/537.36"},"level":"error","message":"relation \"departments\" does not exist","method":"GET","orgId":null,"path":"/api/v1/departments","stack":"error: relation \"departments\" does not exist\n    at C:\\Users\\MohitVerma\\Documents\\Live Assignments\\CubastionNexus\\backend\\node_modules\\pg-pool\\index.js:45:11\n    at process.processTicksAndRejections (node:internal/process/task_queues:105:5)\n    at async query (C:\\Users\\MohitVerma\\Documents\\Live Assignments\\CubastionNexus\\backend\\src\\config\\database.js:43:20)\n    at async getDepartments (C:\\Users\\MohitVerma\\Documents\\Live Assignments\\CubastionNexus\\backend\\src\\controllers\\departments.controller.js:5:20)","timestamp":"2026-06-05 21:40:34","userId":"60104dea-6774-4982-a973-4dfee4c634e8"}
{"duration":"1ms","level":"error","message":"relation \"departments\" does not exist","timestamp":"2026-06-05 21:40:35"}
{"headers":{"accept":"application/json, text/plain, */*","accept-encoding":"gzip, deflate, br, zstd","accept-language":"en-GB,en-US;q=0.9,en;q=0.8","connection":"keep-alive","cookie":"access_token=eyJhbGciOiJIUzI1NiIsInR5cCI6IkpXVCJ9.eyJzdWIiOiI2MDEwNGRlYS02Nzc0LTQ5ODItYTk3My00ZGZlZTRjNjM0ZTgiLCJyb2xlIjoiYWRtaW4iLCJvcmdJZCI6bnVsbCwiaWF0IjoxNzgwNjc0ODYyLCJleHAiOjE3ODA2Nzg0NjJ9.TBPqpZ1A9ITgfK50rtaKfN3oLT-T2QubbDp9Lnc1_-E; refresh_token=9d339359ccdc82abd9e163de9dbdd03d0b753ed899da7078768760a421477a91ebc1e4441ca8a381","dnt":"1","host":"localhost:3001","origin":"http://localhost:5173","referer":"http://localhost:5173/","sec-ch-ua":"\"Chromium\";v=\"148\", \"Google Chrome\";v=\"148\", \"Not/A)Brand\";v=\"99\"","sec-ch-ua-mobile":"?0","sec-ch-ua-platform":"\"Windows\"","sec-fetch-dest":"empty","sec-fetch-mode":"cors","sec-fetch-site":"same-site","user-agent":"Mozilla/5.0 (Windows NT 10.0; Win64; x64) AppleWebKit/537.36 (KHTML, like Gecko) Chrome/148.0.0.0 Safari/537.36"},"level":"error","message":"relation \"departments\" does not exist","method":"GET","orgId":null,"path":"/api/v1/departments","stack":"error: relation \"departments\" does not exist\n    at C:\\Users\\MohitVerma\\Documents\\Live Assignments\\CubastionNexus\\backend\\node_modules\\pg-pool\\index.js:45:11\n    at process.processTicksAndRejections (node:internal/process/task_queues:105:5)\n    at async query (C:\\Users\\MohitVerma\\Documents\\Live Assignments\\CubastionNexus\\backend\\src\\config\\database.js:43:20)\n    at async getDepartments (C:\\Users\\MohitVerma\\Documents\\Live Assignments\\CubastionNexus\\backend\\src\\controllers\\departments.controller.js:5:20)","timestamp":"2026-06-05 21:40:35","userId":"60104dea-6774-4982-a973-4dfee4c634e8"}
{"level":"info","message":"SLA check: no breaches or warnings","timestamp":"2026-06-05 21:45:00"}
{"database":"nexusDev","host":"localhost","level":"info","message":"Database connection established","timestamp":"2026-06-05 21:59:14"}
{"level":"info","message":"Database connection verified","timestamp":"2026-06-05 21:59:14"}
{"level":"info","message":"SLA check job started (every 15 minutes)","timestamp":"2026-06-05 21:59:14"}
{"level":"info","message":"Server running on http://localhost:3001 [development]","timestamp":"2026-06-05 21:59:14"}
{"level":"info","message":"SLA check: no breaches or warnings","timestamp":"2026-06-05 21:59:14"}
{"database":"nexusDev","host":"localhost","level":"info","message":"Database connection established","timestamp":"2026-06-05 21:59:17"}
{"level":"info","message":"Database connection verified","timestamp":"2026-06-05 21:59:17"}
{"level":"info","message":"SLA check job started (every 15 minutes)","timestamp":"2026-06-05 21:59:17"}
{"level":"info","message":"Server running on http://localhost:3001 [development]","timestamp":"2026-06-05 21:59:17"}
{"level":"info","message":"SLA check: no breaches or warnings","timestamp":"2026-06-05 21:59:17"}
{"database":"nexusDev","host":"localhost","level":"info","message":"Database connection established","timestamp":"2026-06-05 21:59:27"}
{"level":"info","message":"Database connection verified","timestamp":"2026-06-05 21:59:27"}
{"level":"info","message":"SLA check job started (every 15 minutes)","timestamp":"2026-06-05 21:59:27"}
{"level":"info","message":"Server running on http://localhost:3001 [development]","timestamp":"2026-06-05 21:59:27"}
{"level":"info","message":"SLA check: no breaches or warnings","timestamp":"2026-06-05 21:59:27"}
{"level":"info","message":"SLA check: no breaches or warnings","timestamp":"2026-06-05 22:00:00"}
{"level":"info","message":"SLA check: no breaches or warnings","timestamp":"2026-06-05 22:15:00"}
{"level":"info","message":"SLA check: no breaches or warnings","timestamp":"2026-06-05 22:30:00"}
{"level":"info","message":"SLA check: no breaches or warnings","timestamp":"2026-06-05 22:45:00"}
{"level":"info","message":"SLA check: no breaches or warnings","timestamp":"2026-06-05 23:00:00"}
{"level":"info","message":"SLA check: no breaches or warnings","timestamp":"2026-06-05 23:15:00"}
{"level":"info","message":"SLA check: no breaches or warnings","timestamp":"2026-06-05 23:30:00"}
{"level":"info","message":"SLA check: no breaches or warnings","timestamp":"2026-06-05 23:45:00"}
{"level":"info","message":"SLA check: no breaches or warnings","timestamp":"2026-06-06 00:00:00"}
{"level":"info","message":"SLA check: no breaches or warnings","timestamp":"2026-06-06 00:15:00"}
{"level":"info","message":"SLA check: no breaches or warnings","timestamp":"2026-06-06 00:30:00"}
{"level":"info","message":"SLA check: no breaches or warnings","timestamp":"2026-06-06 00:45:00"}
{"level":"info","message":"SLA check: no breaches or warnings","timestamp":"2026-06-06 01:00:00"}
{"level":"info","message":"SLA check: no breaches or warnings","timestamp":"2026-06-06 01:15:00"}
{"level":"info","message":"SLA check: no breaches or warnings","timestamp":"2026-06-06 01:30:00"}
{"level":"info","message":"SLA check: no breaches or warnings","timestamp":"2026-06-06 01:45:00"}
{"level":"info","message":"SLA check: no breaches or warnings","timestamp":"2026-06-06 02:00:00"}
{"level":"info","message":"SLA check: no breaches or warnings","timestamp":"2026-06-06 02:15:00"}
{"level":"info","message":"SLA check: no breaches or warnings","timestamp":"2026-06-06 02:30:00"}
{"level":"info","message":"SLA check: no breaches or warnings","timestamp":"2026-06-06 14:45:00"}
{"level":"info","message":"SLA check: no breaches or warnings","timestamp":"2026-06-06 15:00:00"}
{"level":"info","message":"SLA check: no breaches or warnings","timestamp":"2026-06-06 15:15:00"}
{"level":"info","message":"SLA check: no breaches or warnings","timestamp":"2026-06-06 15:30:00"}
{"level":"info","message":"SLA check: no breaches or warnings","timestamp":"2026-06-06 15:45:00"}
{"level":"info","message":"SLA check: no breaches or warnings","timestamp":"2026-06-06 16:00:00"}
{"level":"info","message":"SLA check: no breaches or warnings","timestamp":"2026-06-06 16:15:00"}
{"level":"info","message":"SLA check: no breaches or warnings","timestamp":"2026-06-06 16:30:00"}
{"level":"info","message":"SLA check: no breaches or warnings","timestamp":"2026-06-06 16:45:00"}
{"level":"info","message":"SLA check: no breaches or warnings","timestamp":"2026-06-06 17:00:00"}
{"level":"info","message":"SLA check: no breaches or warnings","timestamp":"2026-06-06 17:15:00"}
{"level":"info","message":"SLA check: no breaches or warnings","timestamp":"2026-06-06 17:30:00"}
{"level":"info","message":"SLA check: no breaches or warnings","timestamp":"2026-06-06 17:45:00"}
{"level":"info","message":"SLA check: no breaches or warnings","timestamp":"2026-06-06 18:00:00"}
{"level":"info","message":"SLA check: no breaches or warnings","timestamp":"2026-06-06 18:15:00"}
{"level":"info","message":"SLA check: no breaches or warnings","timestamp":"2026-06-06 18:30:00"}
{"level":"info","message":"SLA check: no breaches or warnings","timestamp":"2026-06-06 18:45:00"}
{"level":"info","message":"SLA check: no breaches or warnings","timestamp":"2026-06-06 19:00:00"}
{"level":"info","message":"SLA check: no breaches or warnings","timestamp":"2026-06-06 19:15:00"}
{"level":"info","message":"SLA check: no breaches or warnings","timestamp":"2026-06-06 19:30:00"}
{"level":"info","message":"SLA check: no breaches or warnings","timestamp":"2026-06-06 19:45:00"}
{"level":"info","message":"SLA check: no breaches or warnings","timestamp":"2026-06-06 20:00:00"}
{"level":"info","message":"SLA check: no breaches or warnings","timestamp":"2026-06-06 20:15:00"}
{"level":"info","message":"SLA check: no breaches or warnings","timestamp":"2026-06-06 20:30:00"}
{"level":"info","message":"SLA check: no breaches or warnings","timestamp":"2026-06-06 20:45:00"}
{"level":"info","message":"SLA check: no breaches or warnings","timestamp":"2026-06-06 21:00:00"}
{"level":"info","message":"SLA check: no breaches or warnings","timestamp":"2026-06-06 21:15:00"}
{"level":"info","message":"SLA check: no breaches or warnings","timestamp":"2026-06-06 21:30:00"}
{"level":"info","message":"SLA check: no breaches or warnings","timestamp":"2026-06-06 21:45:00"}
{"level":"info","message":"SLA check: no breaches or warnings","timestamp":"2026-06-06 22:00:00"}
{"level":"info","message":"SLA check: no breaches or warnings","timestamp":"2026-06-06 22:15:00"}
{"level":"info","message":"SLA check: no breaches or warnings","timestamp":"2026-06-06 22:30:00"}
{"level":"info","message":"SLA check: no breaches or warnings","timestamp":"2026-06-06 22:45:00"}
{"level":"info","message":"SLA check: no breaches or warnings","timestamp":"2026-06-06 23:00:00"}
{"level":"info","message":"SLA check: no breaches or warnings","timestamp":"2026-06-06 23:15:00"}
{"level":"info","message":"SLA check: no breaches or warnings","timestamp":"2026-06-06 23:30:00"}
{"level":"info","message":"SLA check: no breaches or warnings","timestamp":"2026-06-06 23:45:00"}
{"level":"info","message":"SLA check: no breaches or warnings","timestamp":"2026-06-07 00:00:00"}
{"level":"info","message":"SLA check: no breaches or warnings","timestamp":"2026-06-07 00:15:00"}
{"level":"info","message":"SLA check: no breaches or warnings","timestamp":"2026-06-07 00:30:00"}
{"level":"info","message":"SLA check: no breaches or warnings","timestamp":"2026-06-07 00:45:00"}
{"level":"info","message":"SLA check: no breaches or warnings","timestamp":"2026-06-07 01:00:00"}
{"level":"info","message":"SLA check: no breaches or warnings","timestamp":"2026-06-07 01:15:00"}
{"level":"info","message":"SLA check: no breaches or warnings","timestamp":"2026-06-07 01:30:00"}
{"level":"info","message":"SLA check: no breaches or warnings","timestamp":"2026-06-07 01:45:00"}
{"level":"info","message":"SLA check: no breaches or warnings","timestamp":"2026-06-07 02:00:00"}
{"level":"info","message":"SLA check: no breaches or warnings","timestamp":"2026-06-07 02:15:00"}
{"level":"info","message":"SLA check: no breaches or warnings","timestamp":"2026-06-07 02:30:00"}
{"level":"info","message":"SLA check: no breaches or warnings","timestamp":"2026-06-07 02:45:00"}
{"level":"info","message":"SLA check: no breaches or warnings","timestamp":"2026-06-07 03:00:00"}
{"level":"info","message":"SLA check: no breaches or warnings","timestamp":"2026-06-07 03:15:00"}
{"level":"info","message":"SLA check: no breaches or warnings","timestamp":"2026-06-07 03:30:00"}
{"level":"info","message":"SLA check: no breaches or warnings","timestamp":"2026-06-07 03:45:00"}
{"level":"info","message":"SLA check: no breaches or warnings","timestamp":"2026-06-07 04:00:00"}
{"level":"info","message":"SLA check: no breaches or warnings","timestamp":"2026-06-07 04:15:00"}
{"level":"info","message":"SLA check: no breaches or warnings","timestamp":"2026-06-07 04:30:00"}
{"level":"info","message":"SLA check: no breaches or warnings","timestamp":"2026-06-07 04:45:00"}
{"level":"info","message":"SLA check: no breaches or warnings","timestamp":"2026-06-07 05:00:00"}
{"level":"info","message":"SLA check: no breaches or warnings","timestamp":"2026-06-07 05:15:00"}
{"level":"info","message":"SLA check: no breaches or warnings","timestamp":"2026-06-07 05:30:00"}
{"level":"info","message":"SLA check: no breaches or warnings","timestamp":"2026-06-07 05:45:00"}
{"level":"info","message":"SLA check: no breaches or warnings","timestamp":"2026-06-07 06:00:00"}
{"level":"info","message":"SLA check: no breaches or warnings","timestamp":"2026-06-07 06:15:00"}
{"level":"info","message":"SLA check: no breaches or warnings","timestamp":"2026-06-07 06:30:00"}
{"level":"info","message":"SLA check: no breaches or warnings","timestamp":"2026-06-07 06:45:00"}
{"level":"info","message":"SLA check: no breaches or warnings","timestamp":"2026-06-07 07:00:00"}
{"level":"info","message":"SLA check: no breaches or warnings","timestamp":"2026-06-07 07:15:00"}
{"level":"info","message":"SLA check: no breaches or warnings","timestamp":"2026-06-07 07:30:00"}
{"level":"info","message":"SLA check: no breaches or warnings","timestamp":"2026-06-07 07:45:00"}
{"level":"info","message":"SLA check: no breaches or warnings","timestamp":"2026-06-07 08:00:00"}
{"level":"info","message":"SLA check: no breaches or warnings","timestamp":"2026-06-07 08:15:00"}
{"level":"info","message":"SLA check: no breaches or warnings","timestamp":"2026-06-07 08:30:00"}
{"level":"info","message":"SLA check: no breaches or warnings","timestamp":"2026-06-07 08:45:00"}
{"level":"info","message":"SLA check: no breaches or warnings","timestamp":"2026-06-07 09:00:00"}
{"level":"info","message":"SLA check: no breaches or warnings","timestamp":"2026-06-07 09:15:00"}
{"level":"info","message":"SLA check: no breaches or warnings","timestamp":"2026-06-07 09:30:00"}
{"level":"info","message":"SLA check: no breaches or warnings","timestamp":"2026-06-07 09:45:00"}
{"level":"info","message":"SLA check: no breaches or warnings","timestamp":"2026-06-07 10:00:00"}
{"level":"info","message":"SLA check: no breaches or warnings","timestamp":"2026-06-07 10:15:00"}
{"level":"info","message":"SLA check: no breaches or warnings","timestamp":"2026-06-07 10:30:00"}
{"level":"info","message":"SLA check: no breaches or warnings","timestamp":"2026-06-07 10:45:00"}
{"level":"info","message":"SLA check: no breaches or warnings","timestamp":"2026-06-07 11:00:00"}
{"level":"info","message":"SLA check: no breaches or warnings","timestamp":"2026-06-07 11:15:00"}
{"level":"info","message":"SLA check: no breaches or warnings","timestamp":"2026-06-07 11:30:00"}
{"level":"info","message":"SLA check: no breaches or warnings","timestamp":"2026-06-07 11:45:00"}
{"level":"info","message":"SLA check: no breaches or warnings","timestamp":"2026-06-07 12:00:00"}
{"level":"info","message":"SLA check: no breaches or warnings","timestamp":"2026-06-07 12:15:00"}
{"level":"info","message":"SLA check: no breaches or warnings","timestamp":"2026-06-07 12:30:00"}
{"level":"info","message":"SLA check: no breaches or warnings","timestamp":"2026-06-07 12:45:00"}
{"level":"info","message":"SLA check: no breaches or warnings","timestamp":"2026-06-07 13:00:00"}
{"level":"info","message":"SLA check: no breaches or warnings","timestamp":"2026-06-07 13:15:00"}
{"level":"info","message":"SLA check: no breaches or warnings","timestamp":"2026-06-07 13:30:00"}
{"level":"info","message":"SLA check: no breaches or warnings","timestamp":"2026-06-07 13:45:00"}
{"level":"info","message":"SLA check: no breaches or warnings","timestamp":"2026-06-07 14:00:00"}
{"level":"info","message":"SLA check: no breaches or warnings","timestamp":"2026-06-07 14:15:00"}
{"level":"info","message":"SLA check: no breaches or warnings","timestamp":"2026-06-07 14:30:00"}
{"level":"info","message":"SLA check: no breaches or warnings","timestamp":"2026-06-07 14:45:00"}
{"level":"info","message":"SLA check: no breaches or warnings","timestamp":"2026-06-07 15:00:00"}
{"level":"info","message":"SLA check: no breaches or warnings","timestamp":"2026-06-07 15:15:00"}
{"level":"info","message":"SLA check: no breaches or warnings","timestamp":"2026-06-07 15:30:00"}
{"level":"info","message":"SLA check: no breaches or warnings","timestamp":"2026-06-07 15:45:00"}
{"level":"info","message":"SLA check: no breaches or warnings","timestamp":"2026-06-07 16:00:00"}
{"level":"info","message":"SLA check: no breaches or warnings","timestamp":"2026-06-07 16:15:00"}
{"level":"info","message":"SLA check: no breaches or warnings","timestamp":"2026-06-07 16:30:00"}
{"level":"info","message":"SLA check: no breaches or warnings","timestamp":"2026-06-07 16:45:00"}
{"level":"info","message":"SLA check: no breaches or warnings","timestamp":"2026-06-07 17:00:00"}
{"level":"info","message":"SLA check: no breaches or warnings","timestamp":"2026-06-07 17:15:00"}
{"level":"info","message":"SLA check: no breaches or warnings","timestamp":"2026-06-07 17:30:00"}
{"level":"info","message":"SLA check: no breaches or warnings","timestamp":"2026-06-07 17:45:00"}
{"level":"info","message":"SLA check: no breaches or warnings","timestamp":"2026-06-07 18:00:00"}
{"level":"info","message":"SLA check: no breaches or warnings","timestamp":"2026-06-07 18:15:00"}
{"level":"info","message":"SLA check: no breaches or warnings","timestamp":"2026-06-07 18:30:00"}
{"level":"info","message":"SLA check: no breaches or warnings","timestamp":"2026-06-07 18:45:00"}
{"level":"info","message":"SLA check: no breaches or warnings","timestamp":"2026-06-07 19:00:00"}
{"level":"info","message":"SLA check: no breaches or warnings","timestamp":"2026-06-07 19:15:00"}
{"level":"info","message":"SLA check: no breaches or warnings","timestamp":"2026-06-07 19:30:00"}
{"level":"info","message":"SLA check: no breaches or warnings","timestamp":"2026-06-07 19:45:00"}
{"level":"info","message":"SLA check: no breaches or warnings","timestamp":"2026-06-07 20:00:00"}
{"level":"info","message":"SLA check: no breaches or warnings","timestamp":"2026-06-07 20:15:00"}
{"level":"info","message":"SLA check: no breaches or warnings","timestamp":"2026-06-07 20:30:00"}
{"level":"info","message":"SLA check: no breaches or warnings","timestamp":"2026-06-07 20:45:00"}
{"level":"info","message":"SLA check: no breaches or warnings","timestamp":"2026-06-07 21:00:00"}
{"level":"info","message":"SLA check: no breaches or warnings","timestamp":"2026-06-07 21:15:00"}
{"level":"info","message":"SLA check: no breaches or warnings","timestamp":"2026-06-07 21:30:00"}
{"level":"info","message":"SLA check: no breaches or warnings","timestamp":"2026-06-07 21:45:00"}
{"level":"info","message":"SLA check: no breaches or warnings","timestamp":"2026-06-07 22:00:00"}
{"level":"info","message":"SLA check: no breaches or warnings","timestamp":"2026-06-07 22:15:00"}
{"level":"info","message":"SLA check: no breaches or warnings","timestamp":"2026-06-07 22:30:00"}
{"level":"info","message":"SLA check: no breaches or warnings","timestamp":"2026-06-07 22:45:00"}
{"level":"info","message":"SLA check: no breaches or warnings","timestamp":"2026-06-07 23:00:00"}
{"level":"info","message":"SLA check: no breaches or warnings","timestamp":"2026-06-07 23:15:00"}
{"level":"info","message":"SLA check: no breaches or warnings","timestamp":"2026-06-07 23:30:00"}
{"level":"warn","message":"SLA response breached: 1 ticket(s)","timestamp":"2026-06-08 10:45:00"}
{"level":"info","message":"SLA check complete","resolutionBreached":0,"responseBreached":1,"timestamp":"2026-06-08 10:45:00","warnings":0}
{"database":"nexusDev","host":"localhost","level":"info","message":"Database connection established","timestamp":"2026-06-08 11:10:14"}
{"level":"info","message":"Database connection verified","timestamp":"2026-06-08 11:10:14"}
{"level":"info","message":"SLA check job started (every 15 minutes)","timestamp":"2026-06-08 11:10:14"}
{"level":"info","message":"Server running on http://localhost:3001 [development]","timestamp":"2026-06-08 11:10:14"}
{"level":"info","message":"SLA check: no breaches or warnings","timestamp":"2026-06-08 11:10:14"}
{"level":"info","message":"SLA check: no breaches or warnings","timestamp":"2026-06-08 11:15:00"}
{"level":"info","message":"Email sent","subject":"Welcome to Cubastion Nexus — Your Account Details","timestamp":"2026-06-08 11:15:44","to":"mv23898@gmail.com"}
{"level":"info","message":"SLA check: no breaches or warnings","timestamp":"2026-06-08 11:30:00"}
{"level":"info","message":"Email sent","subject":"[CUB-00007] New reply on your ticket","timestamp":"2026-06-08 11:41:36","to":"rohit.verma@cubastion.com"}
{"level":"info","message":"SLA check: no breaches or warnings","timestamp":"2026-06-08 11:45:00"}
{"level":"info","message":"SLA check: no breaches or warnings","timestamp":"2026-06-08 12:00:00"}
{"level":"info","message":"SLA check: no breaches or warnings","timestamp":"2026-06-08 12:15:00"}
{"level":"warn","message":"SLA response breached: 1 ticket(s)","timestamp":"2026-06-08 12:30:00"}
{"level":"info","message":"SLA check complete","resolutionBreached":0,"responseBreached":1,"timestamp":"2026-06-08 12:30:00","warnings":0}
{"level":"info","message":"SLA check: no breaches or warnings","timestamp":"2026-06-08 12:45:00"}
{"level":"info","message":"SLA check: no breaches or warnings","timestamp":"2026-06-08 13:00:00"}
{"level":"info","message":"SLA check: no breaches or warnings","timestamp":"2026-06-08 13:15:00"}
{"level":"info","message":"SLA check: no breaches or warnings","timestamp":"2026-06-08 13:30:00"}
{"level":"info","message":"SLA check: no breaches or warnings","timestamp":"2026-06-08 13:45:00"}
{"level":"info","message":"SLA check: no breaches or warnings","timestamp":"2026-06-08 14:00:00"}
{"level":"info","message":"SLA check: no breaches or warnings","timestamp":"2026-06-08 14:15:00"}
{"level":"info","message":"SLA check: no breaches or warnings","timestamp":"2026-06-08 14:30:00"}
{"level":"info","message":"SLA check: no breaches or warnings","timestamp":"2026-06-08 14:45:00"}
{"level":"info","message":"SLA check: no breaches or warnings","timestamp":"2026-06-08 15:00:00"}
{"level":"info","message":"SLA check: no breaches or warnings","timestamp":"2026-06-08 15:15:00"}
{"level":"info","message":"SLA check: no breaches or warnings","timestamp":"2026-06-08 15:30:00"}
{"level":"info","message":"SLA check: no breaches or warnings","timestamp":"2026-06-08 15:45:00"}
{"level":"info","message":"SLA check: no breaches or warnings","timestamp":"2026-06-08 16:00:00"}
{"level":"info","message":"SLA check: no breaches or warnings","timestamp":"2026-06-08 16:15:00"}
{"level":"info","message":"SLA check: no breaches or warnings","timestamp":"2026-06-08 16:30:00"}
{"level":"info","message":"SLA check: no breaches or warnings","timestamp":"2026-06-08 16:45:00"}
{"level":"info","message":"SLA check: no breaches or warnings","timestamp":"2026-06-08 17:00:00"}
{"level":"info","message":"SLA check: no breaches or warnings","timestamp":"2026-06-08 17:15:00"}
